<?xml version="1.0" encoding="UTF-8" ?>
<!DOCTYPE html>
<HTML>
<head>
    <b:if cond='data:blog.pageType == &quot;item&quot;'>
    <title><data:blog.pageName/> | <data:blog.title/></title>
    <meta expr:content='data:blog.pageName + &quot; | &quot; + data:blog.title + &quot; | &quot; + data:blog.pageName' name='keywords'/>
    <meta expr:content='data:blog.pageName' name='subject'/>
    <meta expr:content='data:blog.pageName' name='abstract'/>
    <b:else/>
    <title><data:blog.pageTitle/></title>
    </b:if>
	<meta charset='UTF-8'/>
	<meta content='width=device-width,initial-scale=1.0,minimum-scale=1.0,maximum-scale=1.0' name='viewport'/>
	<meta content='blogger' name='generator'/>
    <link href='https://plus.google.com/116641703883154535771' rel='me'/>
    <link href='https://plus.google.com/116641703883154535771/about' rel='author'/>
    <link href='https://plus.google.com/116641703883154535771/posts' rel='publisher'/> 
	<link href='/favicon.ico' rel='icon' type='image/x-icon'/>
	<link expr:href='data:blog.homepageUrl + &quot;feeds/posts/default&quot;' expr:title='data:blog.title + &quot; - Atom&quot;' rel='alternate' type='application/atom+xml'/>
	<link expr:href='data:blog.homepageUrl + &quot;feeds/posts/default?alt=rss&quot;' expr:title='data:blog.title + &quot; - RSS&quot;' rel='alternate' type='application/rss+xml'/>
	<link expr:href='&quot;http://www.blogger.com/feeds/&quot; + data:blog.blogId + &quot;/posts/default&quot;' expr:title='data:blog.title + &quot; - Atom&quot;' rel='alternate' type='application/atom+xml'/>
	<link href='http://www.blogger.com/openid-server.g' rel='openid.server'/>
	<link expr:href='data:blog.homepageUrl' rel='openid.delegate'/>
	<link expr:href='data:blog.url' rel='canonical'/>
	<!-- SEO Meta Tag -->
	<meta content='KEYWORDS' name='keywords'/>
	<meta content='DESCRIPTION' name='description'/>
 	<meta content='Zul fikar ' name='author'/>
	<meta content='general' name='rating'/>
	<meta content='all' name='robots'/>
	<meta content='index, follow' name='robots'/>
	<meta content='id' name='geo.country'/>
	<meta content='1 days' name='revisit-after'/>
	<meta content='Indonesia' name='geo.placename'/>
	<meta content='text/html;charset=UTF-8' http-equiv='Content-Type'/>
	<meta content='blogger' name='generator'/>
	<meta content='general' name='rating'/>
	<b:if cond='data:blog.pageType == &quot;item&quot;'>
	<b:if cond='data:blog.postImageThumbnailUrl'>
	<link expr:href='data:blog.postImageThumbnailUrl' rel='image_src'/>
	</b:if>
	<b:if cond='data:blog.metaDescription != &quot;&quot;'>
	<meta expr:content='data:blog.metaDescription' name='description'/>
	<b:else/>
	<meta expr:content='data:blog.pageName + &quot; - &quot; + data:blog.title' name='description'/>
	</b:if>
	</b:if>
&lt;style type=&quot;text/css&quot;&gt;
&lt;!-- /*<b:skin><![CDATA[
Blogger Template Style
Name		: Blogger Template
Designer	: Zulfikar
URL			: www.cmonfrozen.blogspot.com
Date		: March 2014
body#layout #main-wrap {overflow: visible;width: 540px;float: left;}
body#layout #sidebar-wrap {overflow: visible;width: 250px;float: left;}
body#layout #nav{display:none;}
body#layout ul{display:none;}
*/]]></b:skin>
<style type='text/css'>
@font-face{font-family:&#39;FontAwesome&#39;;src:url(&#39;//netdna.bootstrapcdn.com/font-awesome/3.1.1/font/fontawesome-webfont.eot?v=3.1.0&#39;);src:url(&#39;//netdna.bootstrapcdn.com/font-awesome/3.1.1/font/fontawesome-webfont.eot?#iefix&amp;v=3.1.0&#39;) format(&#39;embedded-opentype&#39;),url(&#39;//netdna.bootstrapcdn.com/font-awesome/3.1.1/font/fontawesome-webfont.woff?v=3.1.0&#39;) format(&#39;woff&#39;),url(&#39;//netdna.bootstrapcdn.com/font-awesome/3.1.1/font/fontawesome-webfont.ttf?v=3.1.0&#39;) format(&#39;truetype&#39;),url(&#39;//netdna.bootstrapcdn.com/font-awesome/3.1.1/font/fontawesome-webfont.svg#fontawesomeregular?v=3.1.0&#39;) format(&#39;svg&#39;);font-weight:normal;font-style:normal}[class^=&quot;icon-&quot;],[class*=&quot; icon-&quot;]{font-family:FontAwesome;font-weight:normal;font-style:normal;text-decoration:inherit;-webkit-font-smoothing:antialiased;margin-right:.3em}[class^=&quot;icon-&quot;]:before,[class*=&quot; icon-&quot;]:before{text-decoration:inherit;display:inline-block;speak:none}.icon-large:before{vertical-align:-10%;font-size:1.3333333333333333em}a [class^=&quot;icon-&quot;],a [class*=&quot; icon-&quot;],a [class^=&quot;icon-&quot;]:before,a [class*=&quot; icon-&quot;]:before{display:inline}[class^=&quot;icon-&quot;].icon-fixed-width,[class*=&quot; icon-&quot;].icon-fixed-width{display:inline-block;width:1.2857142857142858em;text-align:center}[class^=&quot;icon-&quot;].icon-fixed-width.icon-large,[class*=&quot; icon-&quot;].icon-fixed-width.icon-large{width:1.5714285714285714em}ul.icons-ul{list-style-type:none;text-indent:-0.7142857142857143em;margin-left:2.142857142857143em}ul.icons-ul&gt;li .icon-li{width:.7142857142857143em;display:inline-block;text-align:center}[class^=&quot;icon-&quot;].hide,[class*=&quot; icon-&quot;].hide{display:none}.icon-muted{color:#eee}.icon-light{color:#fff}.icon-dark{color:#333}.icon-border{border:solid 1px #eee;padding:.2em .25em .15em;-webkit-border-radius:3px;-moz-border-radius:3px;border-radius:3px}.icon-2x{font-size:2em}.icon-2x.icon-border{border-width:2px;-webkit-border-radius:4px;-moz-border-radius:4px;border-radius:4px}.icon-3x{font-size:3em}.icon-3x.icon-border{border-width:3px;-webkit-border-radius:5px;-moz-border-radius:5px;border-radius:5px}.icon-4x{font-size:4em}.icon-4x.icon-border{border-width:4px;-webkit-border-radius:6px;-moz-border-radius:6px;border-radius:6px}.icon-5x{font-size:5em}.icon-5x.icon-border{border-width:5px;-webkit-border-radius:7px;-moz-border-radius:7px;border-radius:7px}.pull-right{float:right}.pull-left{float:left}[class^=&quot;icon-&quot;].pull-left,[class*=&quot; icon-&quot;].pull-left{margin-right:.3em}[class^=&quot;icon-&quot;].pull-right,[class*=&quot; icon-&quot;].pull-right{margin-left:.3em}[class^=&quot;icon-&quot;],[class*=&quot; icon-&quot;]{display:inline;width:auto;height:auto;line-height:normal;vertical-align:baseline;background-image:none;background-position:0 0;background-repeat:repeat;margin-top:0}.icon-white,.nav-pills&gt;.active&gt;a&gt;[class^=&quot;icon-&quot;],.nav-pills&gt;.active&gt;a&gt;[class*=&quot; icon-&quot;],.nav-list&gt;.active&gt;a&gt;[class^=&quot;icon-&quot;],.nav-list&gt;.active&gt;a&gt;[class*=&quot; icon-&quot;],.navbar-inverse .nav&gt;.active&gt;a&gt;[class^=&quot;icon-&quot;],.navbar-inverse .nav&gt;.active&gt;a&gt;[class*=&quot; icon-&quot;],.dropdown-menu&gt;li&gt;a:hover&gt;[class^=&quot;icon-&quot;],.dropdown-menu&gt;li&gt;a:hover&gt;[class*=&quot; icon-&quot;],.dropdown-menu&gt;.active&gt;a&gt;[class^=&quot;icon-&quot;],.dropdown-menu&gt;.active&gt;a&gt;[class*=&quot; icon-&quot;],.dropdown-submenu:hover&gt;a&gt;[class^=&quot;icon-&quot;],.dropdown-submenu:hover&gt;a&gt;[class*=&quot; icon-&quot;]{background-image:none}.btn [class^=&quot;icon-&quot;].icon-large,.nav [class^=&quot;icon-&quot;].icon-large,.btn [class*=&quot; icon-&quot;].icon-large,.nav [class*=&quot; icon-&quot;].icon-large{line-height:.9em}.btn [class^=&quot;icon-&quot;].icon-spin,.nav [class^=&quot;icon-&quot;].icon-spin,.btn [class*=&quot; icon-&quot;].icon-spin,.nav [class*=&quot; icon-&quot;].icon-spin{display:inline-block}.nav-tabs [class^=&quot;icon-&quot;],.nav-pills [class^=&quot;icon-&quot;],.nav-tabs [class*=&quot; icon-&quot;],.nav-pills [class*=&quot; icon-&quot;],.nav-tabs [class^=&quot;icon-&quot;].icon-large,.nav-pills [class^=&quot;icon-&quot;].icon-large,.nav-tabs [class*=&quot; icon-&quot;].icon-large,.nav-pills [class*=&quot; icon-&quot;].icon-large{line-height:.9em}.btn [class^=&quot;icon-&quot;].pull-left.icon-2x,.btn [class*=&quot; icon-&quot;].pull-left.icon-2x,.btn [class^=&quot;icon-&quot;].pull-right.icon-2x,.btn [class*=&quot; icon-&quot;].pull-right.icon-2x{margin-top:.18em}.btn [class^=&quot;icon-&quot;].icon-spin.icon-large,.btn [class*=&quot; icon-&quot;].icon-spin.icon-large{line-height:.8em}.btn.btn-small [class^=&quot;icon-&quot;].pull-left.icon-2x,.btn.btn-small [class*=&quot; icon-&quot;].pull-left.icon-2x,.btn.btn-small [class^=&quot;icon-&quot;].pull-right.icon-2x,.btn.btn-small [class*=&quot; icon-&quot;].pull-right.icon-2x{margin-top:.25em}.btn.btn-large [class^=&quot;icon-&quot;],.btn.btn-large [class*=&quot; icon-&quot;]{margin-top:0}.btn.btn-large [class^=&quot;icon-&quot;].pull-left.icon-2x,.btn.btn-large [class*=&quot; icon-&quot;].pull-left.icon-2x,.btn.btn-large [class^=&quot;icon-&quot;].pull-right.icon-2x,.btn.btn-large [class*=&quot; icon-&quot;].pull-right.icon-2x{margin-top:.05em}.btn.btn-large [class^=&quot;icon-&quot;].pull-left.icon-2x,.btn.btn-large [class*=&quot; icon-&quot;].pull-left.icon-2x{margin-right:.2em}.btn.btn-large [class^=&quot;icon-&quot;].pull-right.icon-2x,.btn.btn-large [class*=&quot; icon-&quot;].pull-right.icon-2x{margin-left:.2em}.icon-stack{position:relative;display:inline-block;width:2em;height:2em;line-height:2em;vertical-align:-35%}.icon-stack [class^=&quot;icon-&quot;],.icon-stack [class*=&quot; icon-&quot;]{display:block;text-align:center;position:absolute;width:100%;height:100%;font-size:1em;line-height:inherit;line-height:2em}.icon-stack .icon-stack-base{font-size:2em;line-height:1em}.icon-spin{display:inline-block;-moz-animation:spin 2s infinite linear;-o-animation:spin 2s infinite linear;-webkit-animation:spin 2s infinite linear;animation:spin 2s infinite linear}.icon-rotate-90:before{-webkit-transform:rotate(90deg);-moz-transform:rotate(90deg);-ms-transform:rotate(90deg);-o-transform:rotate(90deg);transform:rotate(90deg);}.icon-rotate-180:before{-webkit-transform:rotate(180deg);-moz-transform:rotate(180deg);-ms-transform:rotate(180deg);-o-transform:rotate(180deg);transform:rotate(180deg);}.icon-rotate-270:before{-webkit-transform:rotate(270deg);-moz-transform:rotate(270deg);-ms-transform:rotate(270deg);-o-transform:rotate(270deg);transform:rotate(270deg);}.icon-flip-horizontal:before{-webkit-transform:scale(-1,1);-moz-transform:scale(-1,1);-ms-transform:scale(-1,1);-o-transform:scale(-1,1);transform:scale(-1,1)}.icon-flip-vertical:before{-webkit-transform:scale(1,-1);-moz-transform:scale(1,-1);-ms-transform:scale(1,-1);-o-transform:scale(1,-1);transform:scale(1,-1)}.icon-glass:before{content:&quot;\f000&quot;}.icon-music:before{content:&quot;\f001&quot;}.icon-search:before{content:&quot;\f002&quot;}.icon-envelope:before{content:&quot;\f003&quot;}.icon-heart:before{content:&quot;\f004&quot;}.icon-star:before{content:&quot;\f005&quot;}.icon-star-empty:before{content:&quot;\f006&quot;}.icon-user:before{content:&quot;\f007&quot;}.icon-film:before{content:&quot;\f008&quot;}.icon-th-large:before{content:&quot;\f009&quot;}.icon-th:before{content:&quot;\f00a&quot;}.icon-th-list:before{content:&quot;\f00b&quot;}.icon-ok:before{content:&quot;\f00c&quot;}.icon-remove:before{content:&quot;\f00d&quot;}.icon-zoom-in:before{content:&quot;\f00e&quot;}.icon-zoom-out:before{content:&quot;\f010&quot;}.icon-off:before{content:&quot;\f011&quot;}.icon-signal:before{content:&quot;\f012&quot;}.icon-cog:before{content:&quot;\f013&quot;}.icon-trash:before{content:&quot;\f014&quot;}.icon-home:before{content:&quot;\f015&quot;}.icon-file:before{content:&quot;\f016&quot;}.icon-time:before{content:&quot;\f017&quot;}.icon-road:before{content:&quot;\f018&quot;}.icon-download-alt:before{content:&quot;\f019&quot;}.icon-download:before{content:&quot;\f01a&quot;}.icon-upload:before{content:&quot;\f01b&quot;}.icon-inbox:before{content:&quot;\f01c&quot;}.icon-play-circle:before{content:&quot;\f01d&quot;}.icon-repeat:before,.icon-rotate-right:before{content:&quot;\f01e&quot;}.icon-refresh:before{content:&quot;\f021&quot;}.icon-list-alt:before{content:&quot;\f022&quot;}.icon-lock:before{content:&quot;\f023&quot;}.icon-flag:before{content:&quot;\f024&quot;}.icon-headphones:before{content:&quot;\f025&quot;}.icon-volume-off:before{content:&quot;\f026&quot;}.icon-volume-down:before{content:&quot;\f027&quot;}.icon-volume-up:before{content:&quot;\f028&quot;}.icon-qrcode:before{content:&quot;\f029&quot;}.icon-barcode:before{content:&quot;\f02a&quot;}.icon-tag:before{content:&quot;\f02b&quot;}.icon-tags:before{content:&quot;\f02c&quot;}.icon-book:before{content:&quot;\f02d&quot;}.icon-bookmark:before{content:&quot;\f02e&quot;}.icon-print:before{content:&quot;\f02f&quot;}.icon-camera:before{content:&quot;\f030&quot;}.icon-font:before{content:&quot;\f031&quot;}.icon-bold:before{content:&quot;\f032&quot;}.icon-italic:before{content:&quot;\f033&quot;}.icon-text-height:before{content:&quot;\f034&quot;}.icon-text-width:before{content:&quot;\f035&quot;}.icon-align-left:before{content:&quot;\f036&quot;}.icon-align-center:before{content:&quot;\f037&quot;}.icon-align-right:before{content:&quot;\f038&quot;}.icon-align-justify:before{content:&quot;\f039&quot;}.icon-list:before{content:&quot;\f03a&quot;}.icon-indent-left:before{content:&quot;\f03b&quot;}.icon-indent-right:before{content:&quot;\f03c&quot;}.icon-facetime-video:before{content:&quot;\f03d&quot;}.icon-picture:before{content:&quot;\f03e&quot;}.icon-pencil:before{content:&quot;\f040&quot;}.icon-map-marker:before{content:&quot;\f041&quot;}.icon-adjust:before{content:&quot;\f042&quot;}.icon-tint:before{content:&quot;\f043&quot;}.icon-edit:before{content:&quot;\f044&quot;}.icon-share:before{content:&quot;\f045&quot;}.icon-check:before{content:&quot;\f046&quot;}.icon-move:before{content:&quot;\f047&quot;}.icon-step-backward:before{content:&quot;\f048&quot;}.icon-fast-backward:before{content:&quot;\f049&quot;}.icon-backward:before{content:&quot;\f04a&quot;}.icon-play:before{content:&quot;\f04b&quot;}.icon-pause:before{content:&quot;\f04c&quot;}.icon-stop:before{content:&quot;\f04d&quot;}.icon-forward:before{content:&quot;\f04e&quot;}.icon-fast-forward:before{content:&quot;\f050&quot;}.icon-step-forward:before{content:&quot;\f051&quot;}.icon-eject:before{content:&quot;\f052&quot;}.icon-chevron-left:before{content:&quot;\f053&quot;}.icon-chevron-right:before{content:&quot;\f054&quot;}.icon-plus-sign:before{content:&quot;\f055&quot;}.icon-minus-sign:before{content:&quot;\f056&quot;}.icon-remove-sign:before{content:&quot;\f057&quot;}.icon-ok-sign:before{content:&quot;\f058&quot;}.icon-question-sign:before{content:&quot;\f059&quot;}.icon-info-sign:before{content:&quot;\f05a&quot;}.icon-screenshot:before{content:&quot;\f05b&quot;}.icon-remove-circle:before{content:&quot;\f05c&quot;}.icon-ok-circle:before{content:&quot;\f05d&quot;}.icon-ban-circle:before{content:&quot;\f05e&quot;}.icon-arrow-left:before{content:&quot;\f060&quot;}.icon-arrow-right:before{content:&quot;\f061&quot;}.icon-arrow-up:before{content:&quot;\f062&quot;}.icon-arrow-down:before{content:&quot;\f063&quot;}.icon-share-alt:before,.icon-mail-forward:before{content:&quot;\f064&quot;}.icon-resize-full:before{content:&quot;\f065&quot;}.icon-resize-small:before{content:&quot;\f066&quot;}.icon-plus:before{content:&quot;\f067&quot;}.icon-minus:before{content:&quot;\f068&quot;}.icon-asterisk:before{content:&quot;\f069&quot;}.icon-exclamation-sign:before{content:&quot;\f06a&quot;}.icon-gift:before{content:&quot;\f06b&quot;}.icon-leaf:before{content:&quot;\f06c&quot;}.icon-fire:before{content:&quot;\f06d&quot;}.icon-eye-open:before{content:&quot;\f06e&quot;}.icon-eye-close:before{content:&quot;\f070&quot;}.icon-warning-sign:before{content:&quot;\f071&quot;}.icon-plane:before{content:&quot;\f072&quot;}.icon-calendar:before{content:&quot;\f073&quot;}.icon-random:before{content:&quot;\f074&quot;}.icon-comment:before{content:&quot;\f075&quot;}.icon-magnet:before{content:&quot;\f076&quot;}.icon-chevron-up:before{content:&quot;\f077&quot;}.icon-chevron-down:before{content:&quot;\f078&quot;}.icon-retweet:before{content:&quot;\f079&quot;}.icon-shopping-cart:before{content:&quot;\f07a&quot;}.icon-folder-close:before{content:&quot;\f07b&quot;}.icon-folder-open:before{content:&quot;\f07c&quot;}.icon-resize-vertical:before{content:&quot;\f07d&quot;}.icon-resize-horizontal:before{content:&quot;\f07e&quot;}.icon-bar-chart:before{content:&quot;\f080&quot;}.icon-twitter-sign:before{content:&quot;\f081&quot;}.icon-facebook-sign:before{content:&quot;\f082&quot;}.icon-camera-retro:before{content:&quot;\f083&quot;}.icon-key:before{content:&quot;\f084&quot;}.icon-cogs:before{content:&quot;\f085&quot;}.icon-comments:before{content:&quot;\f086&quot;}.icon-thumbs-up:before{content:&quot;\f087&quot;}.icon-thumbs-down:before{content:&quot;\f088&quot;}.icon-star-half:before{content:&quot;\f089&quot;}.icon-heart-empty:before{content:&quot;\f08a&quot;}.icon-signout:before{content:&quot;\f08b&quot;}.icon-linkedin-sign:before{content:&quot;\f08c&quot;}.icon-pushpin:before{content:&quot;\f08d&quot;}.icon-external-link:before{content:&quot;\f08e&quot;}.icon-signin:before{content:&quot;\f090&quot;}.icon-trophy:before{content:&quot;\f091&quot;}.icon-github-sign:before{content:&quot;\f092&quot;}.icon-upload-alt:before{content:&quot;\f093&quot;}.icon-lemon:before{content:&quot;\f094&quot;}.icon-phone:before{content:&quot;\f095&quot;}.icon-check-empty:before{content:&quot;\f096&quot;}.icon-bookmark-empty:before{content:&quot;\f097&quot;}.icon-phone-sign:before{content:&quot;\f098&quot;}.icon-twitter:before{content:&quot;\f099&quot;}.icon-facebook:before{content:&quot;\f09a&quot;}.icon-github:before{content:&quot;\f09b&quot;}.icon-unlock:before{content:&quot;\f09c&quot;}.icon-credit-card:before{content:&quot;\f09d&quot;}.icon-rss:before{content:&quot;\f09e&quot;}.icon-hdd:before{content:&quot;\f0a0&quot;}.icon-bullhorn:before{content:&quot;\f0a1&quot;}.icon-bell:before{content:&quot;\f0a2&quot;}.icon-certificate:before{content:&quot;\f0a3&quot;}.icon-hand-right:before{content:&quot;\f0a4&quot;}.icon-hand-left:before{content:&quot;\f0a5&quot;}.icon-hand-up:before{content:&quot;\f0a6&quot;}.icon-hand-down:before{content:&quot;\f0a7&quot;}.icon-circle-arrow-left:before{content:&quot;\f0a8&quot;}.icon-circle-arrow-right:before{content:&quot;\f0a9&quot;}.icon-circle-arrow-up:before{content:&quot;\f0aa&quot;}.icon-circle-arrow-down:before{content:&quot;\f0ab&quot;}.icon-globe:before{content:&quot;\f0ac&quot;}.icon-wrench:before{content:&quot;\f0ad&quot;}.icon-tasks:before{content:&quot;\f0ae&quot;}.icon-filter:before{content:&quot;\f0b0&quot;}.icon-briefcase:before{content:&quot;\f0b1&quot;}.icon-fullscreen:before{content:&quot;\f0b2&quot;}.icon-group:before{content:&quot;\f0c0&quot;}.icon-link:before{content:&quot;\f0c1&quot;}.icon-cloud:before{content:&quot;\f0c2&quot;}.icon-beaker:before{content:&quot;\f0c3&quot;}.icon-cut:before{content:&quot;\f0c4&quot;}.icon-copy:before{content:&quot;\f0c5&quot;}.icon-paper-clip:before{content:&quot;\f0c6&quot;}.icon-save:before{content:&quot;\f0c7&quot;}.icon-sign-blank:before{content:&quot;\f0c8&quot;}.icon-reorder:before{content:&quot;\f0c9&quot;}.icon-list-ul:before{content:&quot;\f0ca&quot;}.icon-list-ol:before{content:&quot;\f0cb&quot;}.icon-strikethrough:before{content:&quot;\f0cc&quot;}.icon-underline:before{content:&quot;\f0cd&quot;}.icon-table:before{content:&quot;\f0ce&quot;}.icon-magic:before{content:&quot;\f0d0&quot;}.icon-truck:before{content:&quot;\f0d1&quot;}.icon-pinterest:before{content:&quot;\f0d2&quot;}.icon-pinterest-sign:before{content:&quot;\f0d3&quot;}.icon-google-plus-sign:before{content:&quot;\f0d4&quot;}.icon-google-plus:before{content:&quot;\f0d5&quot;}.icon-money:before{content:&quot;\f0d6&quot;}.icon-caret-down:before{content:&quot;\f0d7&quot;}.icon-caret-up:before{content:&quot;\f0d8&quot;}.icon-caret-left:before{content:&quot;\f0d9&quot;}.icon-caret-right:before{content:&quot;\f0da&quot;}.icon-columns:before{content:&quot;\f0db&quot;}.icon-sort:before{content:&quot;\f0dc&quot;}.icon-sort-down:before{content:&quot;\f0dd&quot;}.icon-sort-up:before{content:&quot;\f0de&quot;}.icon-envelope-alt:before{content:&quot;\f0e0&quot;}.icon-linkedin:before{content:&quot;\f0e1&quot;}.icon-undo:before,.icon-rotate-left:before{content:&quot;\f0e2&quot;}.icon-legal:before{content:&quot;\f0e3&quot;}.icon-dashboard:before{content:&quot;\f0e4&quot;}.icon-comment-alt:before{content:&quot;\f0e5&quot;}.icon-comments-alt:before{content:&quot;\f0e6&quot;}.icon-bolt:before{content:&quot;\f0e7&quot;}.icon-sitemap:before{content:&quot;\f0e8&quot;}.icon-umbrella:before{content:&quot;\f0e9&quot;}.icon-paste:before{content:&quot;\f0ea&quot;}.icon-lightbulb:before{content:&quot;\f0eb&quot;}.icon-exchange:before{content:&quot;\f0ec&quot;}.icon-cloud-download:before{content:&quot;\f0ed&quot;}.icon-cloud-upload:before{content:&quot;\f0ee&quot;}.icon-user-md:before{content:&quot;\f0f0&quot;}.icon-stethoscope:before{content:&quot;\f0f1&quot;}.icon-suitcase:before{content:&quot;\f0f2&quot;}.icon-bell-alt:before{content:&quot;\f0f3&quot;}.icon-coffee:before{content:&quot;\f0f4&quot;}.icon-food:before{content:&quot;\f0f5&quot;}.icon-file-alt:before{content:&quot;\f0f6&quot;}.icon-building:before{content:&quot;\f0f7&quot;}.icon-hospital:before{content:&quot;\f0f8&quot;}.icon-ambulance:before{content:&quot;\f0f9&quot;}.icon-medkit:before{content:&quot;\f0fa&quot;}.icon-fighter-jet:before{content:&quot;\f0fb&quot;}.icon-beer:before{content:&quot;\f0fc&quot;}.icon-h-sign:before{content:&quot;\f0fd&quot;}.icon-plus-sign-alt:before{content:&quot;\f0fe&quot;}.icon-double-angle-left:before{content:&quot;\f100&quot;}.icon-double-angle-right:before{content:&quot;\f101&quot;}.icon-double-angle-up:before{content:&quot;\f102&quot;}.icon-double-angle-down:before{content:&quot;\f103&quot;}.icon-angle-left:before{content:&quot;\f104&quot;}.icon-angle-right:before{content:&quot;\f105&quot;}.icon-angle-up:before{content:&quot;\f106&quot;}.icon-angle-down:before{content:&quot;\f107&quot;}.icon-desktop:before{content:&quot;\f108&quot;}.icon-laptop:before{content:&quot;\f109&quot;}.icon-tablet:before{content:&quot;\f10a&quot;}.icon-mobile-phone:before{content:&quot;\f10b&quot;}.icon-circle-blank:before{content:&quot;\f10c&quot;}.icon-quote-left:before{content:&quot;\f10d&quot;}.icon-quote-right:before{content:&quot;\f10e&quot;}.icon-spinner:before{content:&quot;\f110&quot;}.icon-circle:before{content:&quot;\f111&quot;}.icon-reply:before,.icon-mail-reply:before{content:&quot;\f112&quot;}.icon-folder-close-alt:before{content:&quot;\f114&quot;}.icon-folder-open-alt:before{content:&quot;\f115&quot;}.icon-expand-alt:before{content:&quot;\f116&quot;}.icon-collapse-alt:before{content:&quot;\f117&quot;}.icon-smile:before{content:&quot;\f118&quot;}.icon-frown:before{content:&quot;\f119&quot;}.icon-meh:before{content:&quot;\f11a&quot;}.icon-gamepad:before{content:&quot;\f11b&quot;}.icon-keyboard:before{content:&quot;\f11c&quot;}.icon-flag-alt:before{content:&quot;\f11d&quot;}.icon-flag-checkered:before{content:&quot;\f11e&quot;}.icon-terminal:before{content:&quot;\f120&quot;}.icon-code:before{content:&quot;\f121&quot;}.icon-reply-all:before{content:&quot;\f122&quot;}.icon-mail-reply-all:before{content:&quot;\f122&quot;}.icon-star-half-full:before,.icon-star-half-empty:before{content:&quot;\f123&quot;}.icon-location-arrow:before{content:&quot;\f124&quot;}.icon-crop:before{content:&quot;\f125&quot;}.icon-code-fork:before{content:&quot;\f126&quot;}.icon-unlink:before{content:&quot;\f127&quot;}.icon-question:before{content:&quot;\f128&quot;}.icon-info:before{content:&quot;\f129&quot;}.icon-exclamation:before{content:&quot;\f12a&quot;}.icon-superscript:before{content:&quot;\f12b&quot;}.icon-subscript:before{content:&quot;\f12c&quot;}.icon-eraser:before{content:&quot;\f12d&quot;}.icon-puzzle-piece:before{content:&quot;\f12e&quot;}.icon-microphone:before{content:&quot;\f130&quot;}.icon-microphone-off:before{content:&quot;\f131&quot;}.icon-shield:before{content:&quot;\f132&quot;}.icon-calendar-empty:before{content:&quot;\f133&quot;}.icon-fire-extinguisher:before{content:&quot;\f134&quot;}.icon-rocket:before{content:&quot;\f135&quot;}.icon-maxcdn:before{content:&quot;\f136&quot;}.icon-chevron-sign-left:before{content:&quot;\f137&quot;}.icon-chevron-sign-right:before{content:&quot;\f138&quot;}.icon-chevron-sign-up:before{content:&quot;\f139&quot;}.icon-chevron-sign-down:before{content:&quot;\f13a&quot;}.icon-html5:before{content:&quot;\f13b&quot;}.icon-css3:before{content:&quot;\f13c&quot;}.icon-anchor:before{content:&quot;\f13d&quot;}.icon-unlock-alt:before{content:&quot;\f13e&quot;}.icon-bullseye:before{content:&quot;\f140&quot;}.icon-ellipsis-horizontal:before{content:&quot;\f141&quot;}.icon-ellipsis-vertical:before{content:&quot;\f142&quot;}.icon-rss-sign:before{content:&quot;\f143&quot;}.icon-play-sign:before{content:&quot;\f144&quot;}.icon-ticket:before{content:&quot;\f145&quot;}.icon-minus-sign-alt:before{content:&quot;\f146&quot;}.icon-check-minus:before{content:&quot;\f147&quot;}.icon-level-up:before{content:&quot;\f148&quot;}.icon-level-down:before{content:&quot;\f149&quot;}.icon-check-sign:before{content:&quot;\f14a&quot;}.icon-edit-sign:before{content:&quot;\f14b&quot;}.icon-external-link-sign:before{content:&quot;\f14c&quot;}.icon-share-sign:before{content:&quot;\f14d&quot;}
</style>
<b:if cond='data:blog.pageType != &quot;item&quot;'>
<b:if cond='data:blog.pageType != &quot;static_page&quot;'>
<style type='text/css'>
div.thumbnail{float:left;margin-right:15px;}
div.thumbnail img{width:90px;border:1px solid #ddd;padding:4px;}
h2.entry-title{margin:0 0 6px;font-size:16px;font-weight:500;}
h2.entry-title a:hover{color:#444;-webkit-transition:all 0.4s ease-in-out;-moz-transition:all 0.4s ease-in-out;-o-transition:all 0.4s ease-in-out;transition:all 0.4s ease-in-out;}
.vcard b{font-weight:400;}
article.post{margin:10px 0;border-bottom:1px solid #ddd;padding-bottom:7px;}
div.moreinfo{overflow:hidden;}
div.category{padding:3px 0 6px;}
div.post-info{position:relative;}
div.rdmr a{background:#9B59B6;color:#fff;padding:4px 7px;position:absolute;right:10px;bottom:3px;font-size:13px;}
#slider{width:600px;height:200px;margin:auto;overflow:visible;-webkit-transition:all 150ms ease-in;-moz-transition:all 150ms ease-in;-o-transition:all 150ms ease-in;transition:all 150ms ease-in;position:relative;-webkit-transform:rotate(0deg);-moz-transform:rotate(0deg);-ms-transform:rotate(0deg);-o-transform:rotate(0deg);transform:rotate(0deg);}
#mask{overflow:hidden;}
#slider:hover{-webkit-animation:rotatey 400ms ease-out;-moz-animation:rotatey 400ms ease-out;-ms-animation:rotatey 400ms ease-out;-o-animation:rotatey 400ms ease-out;animation:rotatey 400ms ease-out;}
#slider:hover #pause{opacity:1;}
#slider:hover #progress{background-color:rgba(255,255,255,0.0);}
#slider:hover ul, #slider:hover #progress, #slider:hover #overlay{-webkit-animation-play-state:paused;-moz-animation-play-state:paused;-ms-animation-play-state:paused;-o-animation-play-state:paused;animation-play-state:paused;}
#pause{position:absolute;top:0;left:0;opacity:0;-webkit-transition:all 150ms ease-in;-moz-transition:all 150ms ease-in;-o-transition:all 150ms ease-in;transition:all 150ms ease-in;background:rgba(0, 0, 0, 0.2);width:600px;height:200px;}
#pause:after{font-family:FontAwesome;font-style:normal;font-weight:normal;content:&quot;\f04c&quot;;color:#fff;font-size:30px;position:absolute;left:0;right:0;text-align:center;margin:0 auto;top:75px;}
#progress{width:1px;height:1px;background-color:#ffd000;-webkit-animation:progress 18s infinite;-moz-animation:progress 18s infinite;-ms-animation:progress 18s infinite;-o-animation:progress 18s infinite;animation:progress 18s infinite;position:relative;top:-1px;-webkit-transition:all 150ms ease-in;-moz-transition:all 150ms ease-in;-o-transition:all 150ms ease-in;transition:all 150ms ease-in;}
#slider ul{width:2400px;list-style:none;padding:0;margin:0;-webkit-animation:slide-animation 18s infinite;-moz-animation:slide-animation 18s infinite;-ms-animation:slide-animation 18s infinite;-o-animation:slide-animation 18s infinite;animation:slide-animation 18s infinite;position:relative;left:0px;}
#slider li{display:inline;width:600px;height:200px;margin:0;padding:0;float:left;position:relative;}
#slider li:last-of-type{background-color:#362c30;}
#slider li a{display:block;text-decoration:none;}
#slider li span{display:block;width:560px;padding:15px 20px;position:absolute;bottom:0;left:0;background-color:rgba(54,44,48,0.6);border-top:1px solid #362c30;text-shadow:1px 1px 1px #362c30;text-align:left;}
#slider-shadow{width:100%;margin:10px auto;}
#mask h3{position:absolute;top:10px;left:10px;background:#9B59B6;padding:5px 10px;color:#fff;}
#mask p{position:absolute;top:51px;left:10px;background:#9B59B6;padding:7px 10px;color:#fff;}
@-webkit-keyframes slide-animation{0%{opacity:0;}2%{opacity:1;}20%{left:0px;opacity:1;}22.5%{opacity:0.6;}25%{left:-600px;opacity:1;}45%{left:-600px;opacity:1;}47.5%{opacity:0.6;}50%{left:-1200px;opacity:1;}70%{left:-1200px;opacity:1;}72.5%{opacity:0.6;}75%{left:-1800px;opacity:1;}95%{opacity:1;}98%{left:-1800px;opacity:0;}100%{left:0px;opacity:0;}}
@-moz-keyframes slide-animation{0%{opacity:0;}2%{opacity:1;}20%{left:0px;opacity:1;}22.5%{opacity:0.6;}25%{left:-600px;opacity:1;}45%{left:-600px;opacity:1;}47.5%{opacity:0.6;}50%{left:-1200px;opacity:1;}70%{left:-1200px;opacity:1;}72.5%{opacity:0.6;}75%{left:-1800px;opacity:1;}95%{opacity:1;}98%{left:-1800px;opacity:0;}100%{left:0px;opacity:0;}}
@-ms-keyframes slide-animation{0%{opacity:0;}2%{opacity:1;}20%{left:0px;opacity:1;}22.5%{opacity:0.6;}25%{left:-600px;opacity:1;}45%{left:-600px;opacity:1;}47.5%{opacity:0.6;}50%{left:-1200px;opacity:1;}70%{left:-1200px;opacity:1;}72.5%{opacity:0.6;}75%{left:-1800px;opacity:1;}95%{opacity:1;}98%{left:-1800px;opacity:0;}100%{left:0px;opacity:0;}}
@-webkit-keyframes progress{0%{width:0px;opacity:0;}2%{width:0px;opacity:1;}20%{width:600px;opacity:1;}22.5%{width:600px;opacity:0;}22.59%{width:0px;}25%{width:0px;opacity:1;}45%{width:600px;opacity:1;}47.5%{width:600px;opacity:0;}47.59%{width:0px;}50%{width:0px;opacity:1;}70%{width:600px;opacity:1;}72.5%{width:600px;opacity:0;}72.59%{width:0px;}75%{width:0px;opacity:1;}95%{width:600px;opacity:1;}98%{width:600px;opacity:0;}100%{width:0px;opacity:0;}}
@-moz-keyframes progress{0%{width:0px;opacity:0;}2%{width:0px;opacity:1;}20%{width:600px;opacity:1;}22.5%{width:600px;opacity:0;}22.59%{width:0px;}25%{width:0px;opacity:1;}45%{width:600px;opacity:1;}47.5%{width:600px;opacity:0;}47.59%{width:0px;}50%{width:0px;opacity:1;}70%{width:600px;opacity:1;}72.5%{width:600px;opacity:0;}72.59%{width:0px;}75%{width:0px;opacity:1;}95%{width:600px;opacity:1;}98%{width:600px;opacity:0;}100%{width:0px;opacity:0;}}
@-ms-keyframes progress{0%{width:0px;opacity:0;}2%{width:0px;opacity:1;}20%{width:600px;opacity:1;}22.5%{width:600px;opacity:0;}22.59%{width:0px;}25%{width:0px;opacity:1;}45%{width:600px;opacity:1;}47.5%{width:600px;opacity:0;}47.59%{width:0px;}50%{width:0px;opacity:1;}70%{width:600px;opacity:1;}72.5%{width:600px;opacity:0;}72.59%{width:0px;}75%{width:0px;opacity:1;}95%{width:600px;opacity:1;}98%{width:600px;opacity:0;}100%{width:0px;opacity:0;}}
@-webkit-keyframes rotatey{0%{transform:rotate(0deg);-ms-transform:rotate(0deg);-moz-transform:rotate(0deg);-webkit-transform:rotate(0deg);-o-transform:rotate(0deg);}25%{transform:rotate(1deg);-ms-transform:rotate(1deg);-moz-transform:rotate(1deg);-webkit-transform:rotate(1deg);-o-transform:rotate(1deg);}50%{transform:rotate(-1deg);-ms-transform:rotate(-1deg);-moz-transform:rotate(-1deg);-webkit-transform:rotate(-1deg);-o-transform:rotate(-1deg);}100%{transform:rotate(0deg);-ms-transform:rotate(0deg);-moz-transform:rotate(0deg);-webkit-transform:rotate(0deg);-o-transform:rotate(0deg);}}
@-moz-keyframes rotatey{0%{transform:rotate(0deg);-ms-transform:rotate(0deg);-moz-transform:rotate(0deg);-webkit-transform:rotate(0deg);-o-transform:rotate(0deg);}25%{transform:rotate(1deg);-ms-transform:rotate(1deg);-moz-transform:rotate(1deg);-webkit-transform:rotate(1deg);-o-transform:rotate(1deg);}50%{transform:rotate(-1deg);-ms-transform:rotate(-1deg);-moz-transform:rotate(-1deg);-webkit-transform:rotate(-1deg);-o-transform:rotate(-1deg);}100%{transform:rotate(0deg);-ms-transform:rotate(0deg);-moz-transform:rotate(0deg);-webkit-transform:rotate(0deg);-o-transform:rotate(0deg);}}
@-ms-keyframes rotatey{0%{transform:rotate(0deg);-ms-transform:rotate(0deg);-moz-transform:rotate(0deg);-webkit-transform:rotate(0deg);-o-transform:rotate(0deg);}25%{transform:rotate(1deg);-ms-transform:rotate(1deg);-moz-transform:rotate(1deg);-webkit-transform:rotate(1deg);-o-transform:rotate(1deg);}50%{transform:rotate(-1deg);-ms-transform:rotate(-1deg);-moz-transform:rotate(-1deg);-webkit-transform:rotate(-1deg);-o-transform:rotate(-1deg);}100%{transform:rotate(0deg);-ms-transform:rotate(0deg);-moz-transform:rotate(0deg);-webkit-transform:rotate(0deg);-o-transform:rotate(0deg);}}
@-webkit-keyframes overlay-fade{0%{opacity:0;}2%{opacity:0.5;}95%{opacity:0.5;}98%{opacity:0;}100%{opacity:0;}}
@-moz-keyframes overlay-fade{0%{opacity:0;}2%{opacity:0.5;}95%{opacity:0.5;}98%{opacity:0;}100%{opacity:0;}}
@-ms-keyframes overlay-fade{0%{opacity:0;}2%{opacity:0.5;}95%{opacity:0.5;}98%{opacity:0;}100%{opacity:0;}}
</style>
</b:if>
</b:if>
<style type='text/css'>
/* Framework Zulfikar March 2014  */
@font-face {
  font-family: &#39;Roboto&#39;;
  font-style: normal;
  font-weight: 300;
  src: local(&#39;Roboto Light&#39;), local(&#39;Roboto-Light&#39;), url(http://themes.googleusercontent.com/static/fonts/roboto/v10/Hgo13k-tfSpn0qi1SFdUfT8E0i7KZn-EPnyo3HZu7kw.woff) format(&#39;woff&#39;);
}
@font-face {
  font-family: &#39;Roboto&#39;;
  font-style: normal;
  font-weight: 400;
  src: local(&#39;Roboto Regular&#39;), local(&#39;Roboto-Regular&#39;), url(http://themes.googleusercontent.com/static/fonts/roboto/v10/2UX7WLTfW3W8TclTUvlFyQ.woff) format(&#39;woff&#39;);
}
@font-face {
  font-family: &#39;Roboto&#39;;
  font-style: normal;
  font-weight: 500;
  src: local(&#39;Roboto Medium&#39;), local(&#39;Roboto-Medium&#39;), url(http://themes.googleusercontent.com/static/fonts/roboto/v10/RxZJdnzeo3R5zSexge8UUT8E0i7KZn-EPnyo3HZu7kw.woff) format(&#39;woff&#39;);
}
@font-face {
  font-family: &#39;Roboto&#39;;
  font-style: normal;
  font-weight: 700;
  src: local(&#39;Roboto Bold&#39;), local(&#39;Roboto-Bold&#39;), url(http://themes.googleusercontent.com/static/fonts/roboto/v10/d-6IYplOFocCacKzxwXSOD8E0i7KZn-EPnyo3HZu7kw.woff) format(&#39;woff&#39;);
}
/* css widget edited */
.popular-posts ul{padding:0;}
.popular-posts .item-thumbnail img{width:55px;}
.popular-posts .item-snippet{display:none;}
.popular-posts .item-thumbnail{float:left;margin-right:10px;}
.popular-posts .item-title a{font:normal bold 12px Roboto,sans-serif;color:#585858;}
.popular-posts li{margin-bottom:8px;padding-bottom:5px;border-bottom:1px solid #ddd;list-style-type:none;}
.Label .widget-content li{list-style:none;display:inline-block;background:#9b59b6;padding:5px 7px;margin:2px;}
.Label .widget-content li:hover,div.rdmr a:hover{background:#8A44A8;-webkit-transition:all 0.4s ease-in-out;-moz-transition:all 0.4s ease-in-out;-o-transition:all 0.4s ease-in-out;transition:all 0.4s ease-in-out;}
.Label .widget-content ul{padding:0;}
.Label .widget-content a{color:#fff;font-weight:500;}
.profile-name-link.g-profile{background:no-repeat;padding-left:20px;}
.profile-img{margin:5px;float:left;}
.sidebar h2, .sidebar h3{font-size:15px;border-bottom:3px solid #ecf0f1;color:#9b59b6;font-weight:700;margin:0;padding:5px 0;}
.sidebar h2 span, .sidebar h3 span{border-bottom:3px solid #9b59b6;padding-bottom:5px;}
/* css template by zulfikar (http://cmonfrozen.blogspot.com) dont remove this */
.clear{display:block;clear:both;}.status-msg-bg{display:none;}.quickedit{display:none;}#navbar-iframe {height:0px;visibility:hidden;display:none}#comment-editor{border:0;width:100%;}
body {
background-color:#E8EDEE;
margin:0;
color:#333;
font:normal normal 90% Roboto, Trebuchet MS, Arial, Verdana, Sans-serif;
}
a:focus {outline:thin dotted;}
a:link {-moz-transition: all 0.4s ease-in-out;-webkit-transition: all 0.4s ease-in-out;-o-transition: all 0.4s ease-in-out;transition: all 0.4s ease-in-out;outline:none;color:#1e598e;text-decoration:none;}
a:active, a:hover {text-decoration:none;outline:none;}
a:visited {color:#1e598e;text-decoration:none;outline:none;}
::-webkit-scrollbar{width:7px;height:7px;background:#EEE;}
::-webkit-scrollbar-thumb{background:#999;}
.status-msg-wrap{padding:5px;background:#f3f3f3;border:1px solid #ddd;margin-bottom:15px;}

/* Header */
#header{margin:0 auto;background:url(http://1.bp.blogspot.com/-GMrRPowpQqg/U0PnXyjUftI/AAAAAAAACI0/hBt_mfG2PiE/s1600/headerblogs.jpg)no-repeat;background-position:center -90px;-moz-background-size:cover;background-size:cover;min-height:250px;}
#header h1 {color:transparent;margin:0; padding:0;display:none;}
#header h1 a{color:transparent;display:none;}
#header .description {margin:0; padding:0; font-size:10px; color:#999;}
#header img {margin:0;padding:0;}

/* Outer Wrapper */
#outer-wrapper{width:940px;margin:0px auto;padding:10px;background:#FFF;-webkit-box-shadow:0 0 5px #D1D1D1;-moz-box-shadow:0 0 5px #D1D1D1;box-shadow:0 0 5px #D1D1D1;}
#main-wrap{width:610px;float:left;margin:5px 15px 5px 5px;}
#sidebar-wrap{width:300px;float:left;margin:5px;}

/* Headings */
h1, h2, h3, h4, h5 {font-weight:700;}
h1 {font-size:2em;margin:0.67em 0;}
h2 {font-size:1.5em;margin:0.83em 0;}
h3 {font-size:1.17em;margin:1em 0;}
h4 {font-size:1em;margin:1.33em 0;}
h5 {font-size:0.83em;margin:1.67em 0;}
h6 {font-size:0.75em;margin:2.33em 0;}

/* Menu */
#nav{background:#0E4F85;height:40px;margin:auto;position:relative;}
#nav li{float:left;padding:11px 15px;margin:0 1px;list-style:none;}
#nav li:hover{background:#044275;}
#nav li a{color:#FFF;}
#blog-pager {text-align:center;margin:15px auto;}
#pager-prev {float:left;}
#pager-next {float:right;}

/* Footer */
#footer{margin:10px auto 0;background:#9b59b6;color:#fff;}
#footer a{color:#5D2874;}
#footer .copyright{font-size:90%;margin:0;padding:10px;text-align:center;}
form.search-form input{border:1px solid #CED5D6;padding:4px 6px;font-size:12px;color:#999;width:200px;outline:0;}
.search-form{float:right;text-transform:none;position:relative;display:inline-block;}
.submit-button{position:absolute;top:1px;right:-3px;border-color:rgba(0, 0, 0, 0);color:#9B59B6;background:transparent;padding:0px 1px 0px 4px;text-decoration:none;cursor:pointer;outline:0;}
.related-post{margin:10px 0;}
.titlehead{margin:0 0 10px;font-size:15px;border-bottom:3px solid #ecf0f1;color:#9b59b6;font-weight:700;padding-bottom:2px;}
.titlehead span{border-bottom:3px solid #9b59b6;padding-bottom:4px;}
.related-post{margin:1em auto 0;font:normal normal 11px/1.4 Arial,Sans-Serif;}
.related-post-style-3,.related-post-style-3 li{margin:0;padding:0;list-style:none;word-wrap:break-word;overflow:hidden;}
.related-post-style-3 .related-post-item{float:left;width:299px;height:auto;margin:0 3px;margin-bottom:-993px;padding-bottom:999px;outline:0;}
.related-post-style-3 .related-post-item:first-child{border-left:none;}
.related-post-style-3 .related-post-item-thumbnail{max-width:none;max-height:none;padding:0;float:left;margin-right:10px;}
.related-post-style-3 .related-post-item-title{font-weight:bold;font-size:14px;}
div.rel-item-post{background:#FFF9E2;padding:8px;border:1px solid #EEDFB2;}
nav.navigation{background:#9b59b6;padding:10px 3px;}
nav.navigation ul{list-style:none;margin:0;padding:0;}
nav.navigation a{color:#fff;}
nav.navigation a:hover{color:#4E1566;-webkit-transition:all 0.6s ease-in-out;-moz-transition:all 0.6s ease-in-out;-o-transition:all 0.6s ease-in-out;transition:all 0.6s ease-in-out;}
nav.navblog li:hover a{-webkit-transition:all 0.6s ease-in-out;-moz-transition:all 0.6s ease-in-out;-o-transition:all 0.6s ease-in-out;transition:all 0.6s ease-in-out;color:#fff;}
nav.navigation li{display:inline-block;position:relative;padding:0 10px;border-right:1px solid #8B4AA5;line-height:14px;}
ul.dropdown li{line-height:20px;padding:3px 10px;display:block;margin:3px 0;font-size:12px;}
ul.dropdown{min-width:150px;position:absolute;border-top:10px solid #9b59b6;background:#8F4CAA;padding:5px 0!important;-webkit-transition:all 0.3s ease-in-out;-moz-transition:all 0.3s ease-in-out;-o-transition:all 0.3s ease-in-out;transition:all 0.3s ease-in-out;display:none;z-index:100;}
ul.dropdown li:hover{background:#8543A0;}
nav.navigation ul li:hover &gt; ul{display:block!important;}
nav.navblog{background:#ecf0f1;padding:5px;margin-bottom:10px;}
nav.navblog li{display:inline-block;padding:2px 8px 3px;-webkit-border-radius:4px;-moz-border-radius:4px;border-radius:4px;}
nav.navblog li:hover{background:#9b59b6;-webkit-transition:all 0.4s ease-in-out;-moz-transition:all 0.4s ease-in-out;-o-transition:all 0.4s ease-in-out;transition:all 0.4s ease-in-out;}
ul.dropdown li:hover a{color:#4E1566;}
nav.navblog ul{list-style:none;margin:2px 0 0;padding:0;display:inline-block;}
nav.navblog a{color:#8e44ad;font-weight:600;font-size:13px;}
span.showpageOf{float:right;}
div.showpageArea span{border:1px solid #ddd;padding:3px 7px;margin:0 2px;}
.page-older{background:#9B59B6;color:#fff!important;padding:4px 10px;float:right;}
.page-newer{background:#9B59B6;color:#fff!important;padding:4px 10px;float:left;}
a.home-link{background:#9B59B6;color:#fff!important;padding:4px 10px;display:inline-block;}
h3.down_title{background:#9B59B6;margin:0;padding:10px;color:#fff;font-size:14px;}
ul.down_item{padding:10px;margin:0;list-style:none;}
.down_box li{display:inline-block;padding:5px 8px;background:#FFFFFF;-webkit-border-radius:3px;-moz-border-radius:3px;border-radius:3px;border:1px solid #ddd;margin:0 2px;}
.down_box li:hover{background:rgba(238, 238, 238, 0.5);-webkit-transition:all 0.4s ease-in-out;-moz-transition:all 0.4s ease-in-out;-o-transition:all 0.4s ease-in-out;transition:all 0.4s ease-in-out;}
div.down_area{margin:11px 0;}
div.down_box{background:#E8EDEE;}
div.entry-content blockquote{background:#eee;padding:11px;border:2px dashed #ddd;margin:20px;line-height:22px;}
div.entry-content img{display:block;margin:10px auto;border:1px solid #ddd;padding:2px;}
h1.entry-title{margin:10px 0 0;font-size:20px;position:relative;border-bottom:3px solid #ecf0f1;color:#9b59b6;padding-bottom:5px;}
div.breadcrumbs{margin:6px 0 8px;font-size:12px;}
div.rich-snippet{padding:7px 7px 9px;margin:10px 0;background:#eee;border-top:1px solid #DBDBDB;font-size:12px;color:#525252;line-height:18px;}
div.st_share{margin:10px 0;}
div.rich-snippet span{color:#727272;}
h1.entry-title:before{border-bottom:3px solid #9b59b6;content:&quot;&quot;;position:absolute;bottom:-3px;width:65px;}
div.staff-thumbnail img{-webkit-border-radius:100%;-moz-border-radius:100%;border-radius:100%;max-width:65px;margin:0 15px 0 0;float:left;}
div.item-staff{margin:7px;border-bottom:1px solid #ddd;float:left;width:290px;-webkit-border-radius:0 0 5px 5px;-moz-border-radius:0 0 5px 5px;border-radius:0 0 5px 5px;padding-bottom:7px;min-height:95px;}
h3.staff-name{margin:5px 0 3px;position:relative;overflow:hidden;}
h3.staff-name .active:after{border:3px solid #2CB146;content:&quot;&quot;;-webkit-border-radius:100%;-moz-border-radius:100%;border-radius:100%;position:absolute;top:5px;margin-left:5px;}
h3.staff-name .nonactive:after{border:3px solid #B12C2C;content:&quot;&quot;;-webkit-border-radius:100%;-moz-border-radius:100%;border-radius:100%;position:absolute;top:5px;margin-left:5px;}
p.staff-job{margin:0;font-size:12px;}
p.staff-job b{background:#9b59b6;padding:5px;display:inline-block;margin:2px 1px;color:#fff;text-align:center;min-width:88px;font-weight:500;}
div.comment_avatar img{-webkit-border-radius:5px;-moz-border-radius:5px;border-radius:5px;float:left;margin-right:10px;background:url(http://3.bp.blogspot.com/-HjRpOqtmS6c/U0VBlxqY4ZI/AAAAAAAACKs/_-zKUN16WTA/s75/gravatar1.jpg);-moz-background-size:cover;background-size:cover;height:40px;width:40px;}
div.comment_name{overflow:hidden;font-weight:700;color:#395B99;}
div.comment_name a{font-weight:700;color:#395B99;}
div.comment_inner{padding:10px 10px 0;}
div.comment_body{overflow:hidden;border-bottom:1px solid #D1D1D1;padding-bottom:10px;}
div.comment_body{overflow:hidden;}
div.comment_body p{margin:6px 0;line-height:24px;}
div.comment_inf{font-size:12px;}
div.comment_child{margin-left:55px;}
.blog-admin:nth-child(1) &gt; .comment_inner .comment_body p:after{content:&quot;Omedeto Gozaimasu, Pertamax diamankan Gan&quot;;background:#E8EDEE;display:block;padding:1px 6px;border:2px dashed #E0E0E0;margin:7px 0;}

/* MEDIA QUERIES */
@media screen and (min-width:240px) and (max-width:320px){
#outer-wrapper{width:92%;margin:0px auto;padding:5px;}
div.rdmr a{font-size:90%;}
ul.dropdown li{width:85%!important;border:0;}
nav.navblog a{font-size:85%!important;}
nav.navigation li{margin:5px 0;font-size:85%;width:38%;}
#header{min-height:130px;background-position:center;}
div.thumbnail img{width:70px;}
nav.navigation li{margin:5px 0;}
nav.navigation{padding:7px 3px;}
nav.navblog ul{display:block;}
.search-form{display:block;width:100%;}
form.search-form input{width:97%;}
#main-wrap{width:100%;margin:0;}
div.thumbnail{margin-right:10px!important;display:none!important;}
div#slider{display:none;}
div#pause{display:none;}
body{font:normal normal 75% Roboto, Trebuchet MS, Arial, Verdana, Sans-serif;}
.Label .widget-content li{font-size:11px;}
h2.entry-title{font-size:13px!important;font-weight:700!important;}
h1.entry-title{font-size:100%;}
div.post-info{font-size:95%;}
div.thumbnail{margin-right:10px;}
.related-post-style-3 .related-post-item{width:48%;}
a.related-post-item-title{font-size:115%!important;}
#sidebar-wrap{width:98%;}
}
@media screen and (min-width:320px) and (max-width:480px){
#outer-wrapper{width:92%;margin:0px auto;padding:5px;}
ul.dropdown li{width:85%!important;border:0;}
div.rdmr a{font-size:90%;}
nav.navblog a{font-size:85%;}
nav.navigation li{margin:5px 0;font-size:85%;width:41%;}
#header{min-height:130px;background-position:center;}
div.thumbnail img{width:70px;}
nav.navigation li{margin:5px 0;}
nav.navigation{padding:7px 3px;}
nav.navblog ul{display:block;}
.search-form{display:block;width:100%;}
form.search-form input{width:97%;}
#main-wrap{width:100%;margin:0;}
div.thumbnail{margin-right:10px!important;display:none!important;}
div#slider{width:100%;overflow:hidden;}
div#pause{width:100%;}
body{font:normal normal 83% Roboto, Trebuchet MS, Arial, Verdana, Sans-serif;}
#mask{font-size:85%;}
#mask img{width:100%;}
.Label .widget-content li{font-size:11px;}
h1.entry-title{font-size:14px!important;}
h2.entry-title{font-size:13px!important;font-weight:700!important;}
div.post-info{font-size:95%;}
div.thumbnail{margin-right:10px;}
.related-post-style-3 .related-post-item{width:48%;}
a.related-post-item-title{font-size:115%!important;}
#sidebar-wrap{width:98%;}
}
@media screen and (min-width:480px) and (max-width:640px){
#mask{font-size:95%;}
.submit-button{right:3px;}
div#outer-wrapper{width:95%;}
#header{min-height:170px;}
nav.navigation li{margin:5px 0;}
nav.navigation{padding:7px 3px;}
nav.navblog ul{display:block;}
.search-form{display:block;width:100%;}
form.search-form input{width:96%;font-size:11px;}
#main-wrap{width:100%;margin:0;}
div#slider{width:100%;overflow:hidden;}
div#pause{width:100%;}
body{font:normal normal 83% Roboto, Trebuchet MS, Arial, Verdana, Sans-serif;}
#mask img{width:100%;}
div.thumbnail img{width:75px;}
.Label .widget-content li{font-size:11px;}
h2.entry-title{font-size:15px!important;font-weight:700!important;}
h1.entry-title{font-size:16px!important;}
div.post-info{font-size:95%;}
div.thumbnail{margin-right:10px!important;}
.related-post-style-3 .related-post-item{width:48%;}
a.related-post-item-title{font-size:115%!important;}
#sidebar-wrap{width:98%;}
}
@media screen and (min-width:640px) and (max-width:768px){
#mask{font-size:95%;}
div#outer-wrapper{width:95%;}
#header{min-height:170px;}
nav.navigation li{margin:5px 0;}
nav.navigation{padding:7px 3px;}
nav.navblog ul{display:block;}
.search-form{display:block;width:100%;}
form.search-form input{width:94%;font-size:11px;}
#main-wrap{width:100%;margin:0;}
div#slider{width:100%;overflow:hidden;}
div#pause{width:100%;}
body{font:normal normal 83% Roboto, Trebuchet MS, Arial, Verdana, Sans-serif;}
#mask img{width:100%;}
.Label .widget-content li{font-size:11px;}
h2.entry-title{font-size:15px!important;font-weight:700!important;}
h1.entry-title{font-size:16px!important;}
div.post-info{font-size:95%;}
div.thumbnail{margin-right:10px!important;}
.related-post-style-3 .related-post-item{width:48%;}
a.related-post-item-title{font-size:115%!important;}
#sidebar-wrap{width:98%;}
}
@media screen and (min-width:768px) and (max-width:1024px){
#outer-wrapper{width:96%;}
nav.navigation li{font-size:13px;}
#main-wrap{width:66%;margin:5px 10px 5px 5px;}
#sidebar-wrap{width:30%;float:left;margin:5px;}
div#slider{width:100%;overflow:hidden;}
div#pause{width:100%;}
body{font:normal normal 85% Roboto, Trebuchet MS, Arial, Verdana, Sans-serif;}
#mask img{width:100%;}
.Label .widget-content li{font-size:11px;}
h2.entry-title{font-size:15px!important;font-weight:700!important;}
h1.entry-title{font-size:19px!important;}
div.post-info{font-size:95%;}
div.thumbnail{margin-right:10px;}
.related-post-style-3 .related-post-item{width:48%;}
a.related-post-item-title{font-size:115%!important;}
}
</style>
<script type='text/javascript'>var switchTo5x=true;</script>
<script src='http://w.sharethis.com/button/buttons.js' type='text/javascript'/>
<script type='text/javascript'>stLight.options({publisher: &quot;72bf3752-aa70-4ea8-ae61-01390b990546&quot;, doNotHash: false, doNotCopy: false, hashAddressBar: false});</script>
  </head>
  <body>
<div id='fb-root'/>
<script>//<![CDATA[
!function(e,t,n){var a,c=e.getElementsByTagName(t)[0];e.getElementById(n)||(a=e.createElement(t),a.id=n,a.src="//connect.facebook.net/id_ID/all.js#xfbml=1&appId=352634211479923",c.parentNode.insertBefore(a,c))}(document,"script","facebook-jssdk");
//]]>
</script>
  <div id='outer-wrapper'>
    <header id='header'>
      <b:section class='header' id='widget_header' maxwidgets='1' showaddelement='no'>
        <b:widget id='Header1' locked='true' title='Fan Base (Header)' type='Header'>
          <b:includable id='main'>
  <b:if cond='data:useImage'>
    <b:if cond='data:imagePlacement == &quot;BEHIND&quot;'>
      <!--
      Show image as background to text. You can't really calculate the width
      reliably in JS because margins are not taken into account by any of
      clientWidth, offsetWidth or scrollWidth, so we don't force a minimum
      width if the user is using shrink to fit.
      This results in a margin-width's worth of pixels being cropped. If the
      user is not using shrink to fit then we expand the header.
      -->
      <b:if cond='data:mobile'>
          <div id='header-inner'>
            <div class='titlewrapper' style='background: transparent'>
              <h1 class='title' style='background: transparent; border-width: 0px'>
                <b:include name='title'/>
              </h1>
            </div>
            <b:include name='description'/>
          </div>
        <b:else/>
          <div expr:style='&quot;background-image: url(\&quot;&quot; + data:sourceUrl + &quot;\&quot;); &quot;                        + &quot;background-position: &quot;                        + data:backgroundPositionStyleStr + &quot;; &quot;                        + data:widthStyleStr                        + &quot;min-height: &quot; + data:height                        + &quot;_height: &quot; + data:height                        + &quot;background-repeat: no-repeat; &quot;' id='header-inner'>
            <div class='titlewrapper' style='background: transparent'>
              <h1 class='title' style='background: transparent; border-width: 0px'>
                <b:include name='title'/>
              </h1>
            </div>
            <b:include name='description'/>
          </div>
        </b:if>
    <b:else/>
      <!--Show the image only-->
      <div id='header-inner'>
        <h1><a expr:href='data:blog.homepageUrl' style='display: block'>
          <img expr:alt='data:title' expr:height='data:height' expr:id='data:widget.instanceId + &quot;_headerimg&quot;' expr:src='data:sourceUrl' expr:width='data:width' style='display: block'/>
        </a></h1>
        <!--Show the description-->
        <b:if cond='data:imagePlacement == &quot;BEFORE_DESCRIPTION&quot;'>
          <b:include name='description'/>
        </b:if>
      </div>
    </b:if>
  <b:else/>
    <!--No header image -->
    <div id='header-inner'>
      <div class='titlewrapper'>
        <h1 class='title'>
          <b:include name='title'/>
        </h1>
      </div>
      <b:include name='description'/>
    </div>
  </b:if>
</b:includable>
          <b:includable id='description'>
  <div class='descriptionwrapper'>
    <p class='description'><span><data:description/></span></p>
  </div>
</b:includable>
          <b:includable id='title'>
  <b:if cond='data:blog.url == data:blog.homepageUrl'>
    <data:title/>
  <b:else/>
    <a expr:href='data:blog.homepageUrl'><data:title/></a>
  </b:if>
</b:includable>
        </b:widget>
      </b:section>
      <div class='clear'/>
    </header>
  <nav class='navigation'>
	<ul>
      <li><a expr:href='data:blog.homepageUrl'><span class='icon-home'/></a></li>
	  <li><a href='/p/example-page.html' title='List Project'>List Project</a></li>
	  <li><a href='/p/example-page.html' title='Project On-Going'>Project On-Going <span class='icon-angle-down'/></a>
        <ul class='dropdown'>
	  <li><a href='/p/example-page.html' title='Akuma no Riddle'>Akuma no Riddle</a></li>
	  <li><a href='/p/example-page.html' title='One Piece'>One Piece</a></li>
	  <li><a href='/p/example-page.html' title='Shingeki no Kyojin'>Shingeki no Kyojin</a></li>
        <li><a href='/p/example-page.html' title='Haikyuu!!'>Haikyuu!!</a></li>
		</ul>
	  </li>
	  <li><a href='/p/example-page.html' title='Anime Complete'>Anime Complete <span class='icon-angle-down'/></a>
        <ul class='dropdown'>
	  <li><a href='/p/example-page.html' title='Captain Earth'>Captain Earth</a></li>
	  <li><a href='/p/example-page.html' title='Mahouka Koukou no Rettousei'>Mahouka Koukou no Rettousei</a></li>
	  <li><a href='/p/example-page.html' title='Nisekoi'>Nisekoi</a></li>
	  <li><a href='/p/example-page.html' title='Seikoku no Dragonar'>Seikoku no Dragonar</a></li>
		</ul>
	  </li>
	  <li><a href='/p/example-page.html' title='Staff'>Staff</a></li>
	  <li><a href='/p/example-page.html' title='IRC'>IRC</a></li>
	  <li><a href='/p/example-page.html' title='Open Recruitment'>Open Recruitment</a></li>
	</ul>
      <div class='clear'/>
  </nav>
  <nav class='navblog'>
	<ul>
	  <li><a href='/p/example-page.html' title='About Us'>About Us</a></li>
	  <li><a href='/p/example-page.html' title='Disclaimer'>Disclaimer</a></li>
	  <li><a href='/p/example-page.html' title='Contact Us'>Contact Us</a></li>
	  <li><a href='/p/example-page.html' title='IRC'>IRC</a></li>
	  <li><a href='/p/example-page.html' title='Open Recruitment'>Open Recruitment</a></li>
	</ul>
        <form class='search-form' expr:action='data:blog.homepageUrl + &quot;search&quot;'>
          <input name='q' onblur='if (this.value == &quot;&quot;) {this.value = &quot;Search your any keyword&quot;;}' onfocus='if (this.value == &quot;Search your any keyword&quot;) {this.value = &quot;&quot;}' type='text' value='Search your any keyword'/>
		<button class='submit-button' type='submit'><span class='icon-search'/></button>
        </form>
      <div class='clear'/>
  </nav>
    <div id='content-wrap'>
      <div id='main-wrap'>
<b:if cond='data:blog.pageType != &quot;item&quot;'>
<b:if cond='data:blog.pageType != &quot;static_page&quot;'>
<div id='slider-shadow'>
<div id='slider'>
<div id='mask'>
<ul>
<li><a href='#' title='View my second image link'><img alt='description' src='http://1.bp.blogspot.com/-vCTPX-bS-pc/U0PrfiZAtCI/AAAAAAAACJA/g56K9pEMs90/s1600/Image_001.jpg'/></a>
<h3>Title Blog</h3>
<p>Description Blog</p>
</li>
<li><a href='#' title='View my second image link'><img alt='description' src='http://1.bp.blogspot.com/-vqPEErpaXXc/U0PrjkquDDI/AAAAAAAACJI/-KzrcjAeDmw/s1600/Image_002.jpg'/></a>
<h3>Title Blog</h3>
<p>Description Blog</p>
</li> 
<li><a href='#' title='View my second image link'><img alt='description' src='http://3.bp.blogspot.com/-DSl6zHsZVcU/U0Prj2c8XDI/AAAAAAAACJM/xX0nD1sDWK8/s1600/Image_003.jpg'/></a>
<h3>Title Blog</h3>
<p>Description Blog</p>
</li>
<li><a href='#' title='View my second image link'><img alt='description' src='http://3.bp.blogspot.com/-c2XNHHqwNkM/U0PrnP7WKEI/AAAAAAAACJY/TzpKtIuSreA/s1600/Image_004.jpg'/></a>
<h3>Title Blog</h3>
<p>Description Blog</p>
</li>
</ul>
</div>
<div id='progress'/>
<div id='pause'/>
</div>
<div class='clear'/>
</div>
  </b:if></b:if>
        <b:section class='main' id='main' showaddelement='no'>
          <b:widget id='Blog1' locked='true' title='Blog Posts' type='Blog'>
            <b:includable id='main' var='top'>
    <!-- posts -->
    <div class='blog-posts'>
      <b:include data='top' name='status-message'/>
    <data:defaultAdStart/>
    <b:loop values='data:posts' var='post'>
      <b:include data='post' name='post'/>
      <b:if cond='data:blog.pageType == &quot;static_page&quot;'>
        <b:include data='post' name='threaded_comments'/>
      </b:if>
      <b:if cond='data:blog.pageType == &quot;item&quot;'>
        <b:include data='post' name='threaded_comments'/>
      </b:if>
      <b:if cond='data:post.includeAd'>
        <b:if cond='data:post.isFirstPost'>
          <data:defaultAdEnd/>
        <b:else/>
          <data:adEnd/>
        </b:if>
        <div class='inline-ad'>
          <data:adCode/>
        </div>
        <data:adStart/>
      </b:if>
      <b:if cond='data:post.trackLatency'>
        <data:post.latencyJs/>
      </b:if>
    </b:loop>
    <data:adEnd/>
  </div>
  <!-- navigation -->
	<b:include name='nextprev'/>
</b:includable>
            <b:includable id='backlinkDeleteIcon' var='backlink'>
  <span expr:class='&quot;item-control &quot; + data:backlink.adminClass'>
    <a expr:href='data:backlink.deleteUrl' expr:title='data:top.deleteBacklinkMsg'>
      <img src='//www.blogger.com/img/icon_delete13.gif'/>
    </a>
  </span>
</b:includable>
            <b:includable id='backlinks' var='post'>
  <a name='links'/><h4><data:post.backlinksLabel/></h4>
  <b:if cond='data:post.numBacklinks != 0'>
    <dl class='comments-block' id='comments-block'>
      <b:loop values='data:post.backlinks' var='backlink'>
        <div class='collapsed-backlink backlink-control'>
          <dt class='comment-title'>
            <span class='backlink-toggle-zippy'>&#160;</span>
            <a expr:href='data:backlink.url' rel='nofollow'><data:backlink.title/></a>
            <b:include data='backlink' name='backlinkDeleteIcon'/>
          </dt>
          <dd class='comment-body collapseable'>
            <data:backlink.snippet/>
          </dd>
          <dd class='comment-footer collapseable'>
            <span class='comment-author'><data:post.authorLabel/> <data:backlink.author/></span>
            <span class='comment-timestamp'><data:post.timestampLabel/> <data:backlink.timestamp/></span>
          </dd>
        </div>
      </b:loop>
    </dl>
  </b:if>
  <p class='comment-footer'>
    <a class='comment-link' expr:href='data:post.createLinkUrl' expr:id='data:widget.instanceId + &quot;_backlinks-create-link&quot;' target='_blank'><data:post.createLinkLabel/></a>
  </p>
</b:includable>
            <b:includable id='breadcrumb' var='posts'><b:if cond='data:blog.homepageUrl != data:blog.url'>
<b:if cond='data:blog.pageType == &quot;static_page&quot;'>
<div class='breadcrumbs'><span><a expr:href='data:blog.homepageUrl' rel='tag'>Home</a></span> &#187; <span><data:blog.pageName/></span></div>
<b:else/>
<b:if cond='data:blog.pageType == &quot;item&quot;'>
<!-- breadcrumb for the post page -->
<b:loop values='data:posts' var='post'>
<b:if cond='data:post.labels'>
<div class='breadcrumbs'>
<span typeof='v:Breadcrumb'><a expr:href='data:blog.homepageUrl' property='v:title' rel='v:url'>Home</a></span>
<b:loop values='data:post.labels' var='label'>
&#187; <span typeof='v:Breadcrumb'><a expr:href='data:label.url' property='v:title' rel='v:url'><data:label.name/></a></span>
</b:loop>
&#187; <span><data:post.title/></span>
</div>
<b:else/>
<div class='breadcrumbs'><span><a expr:href='data:blog.homepageUrl' rel='tag'>Home</a></span> &#187; <span>Unlabelled</span> &#187; <span><data:post.title/></span></div>
</b:if>
</b:loop>
<b:else/>
<b:if cond='data:blog.pageType == &quot;archive&quot;'>
<!-- breadcrumb for the label archive page and search pages.. -->
<div class='breadcrumbs'>
<span><a expr:href='data:blog.homepageUrl'>Home</a></span> &#187; <span>Archives for <data:blog.pageName/></span>
</div>
<b:else/>
<b:if cond='data:blog.pageType == &quot;index&quot;'>
<div class='breadcrumbs'>
<b:if cond='data:blog.pageName == &quot;&quot;'>
<span><a expr:href='data:blog.homepageUrl'>Home</a></span> &#187; <span>All posts</span>
<b:else/>
<span><a expr:href='data:blog.homepageUrl'>Home</a></span> &#187; <span>Posts filed under <data:blog.pageName/></span>
</b:if>
</div>
</b:if>
</b:if>
</b:if>
</b:if>
</b:if>
</b:includable>
            <b:includable id='comment-form' var='post'>
  <div class='comment-form'>
    <a id='comment-form'/>
    <b:if cond='data:mobile'>
      <h4 id='comment-post-message'>
        <a expr:id='data:widget.instanceId + &quot;_comment-editor-toggle-link&quot;' href='javascript:void(0)'><data:postCommentMsg/></a></h4>
      <p><data:blogCommentMessage/></p>
      <data:blogTeamBlogMessage/>
      <b:if cond='data:blog.pageType == &quot;static_page&quot;'>
    <a expr:href='&quot;http://www.blogger.com/comment-iframe.g?blogID=&quot; + data:blog.blogId + &quot;&amp;amp;pageID=&quot; + data:post.id' id='comment-editor-src'/>
</b:if>
<b:if cond='data:blog.pageType == &quot;item&quot;'>
    <a expr:href='&quot;http://www.blogger.com/comment-iframe.g?blogID=&quot; + data:blog.blogId + &quot;&amp;amp;postID=&quot; + data:post.id' id='comment-editor-src'/>
</b:if>
      <iframe class='blogger-iframe-colorize blogger-comment-from-post' height='410' id='comment-editor' name='comment-editor'/>
    <b:else/>
      <h4 id='comment-post-message'><data:postCommentMsg/></h4>
      <p><data:blogCommentMessage/></p>
      <data:blogTeamBlogMessage/>
      <b:if cond='data:blog.pageType == &quot;static_page&quot;'>
    <a expr:href='&quot;http://www.blogger.com/comment-iframe.g?blogID=&quot; + data:blog.blogId + &quot;&amp;amp;pageID=&quot; + data:post.id' id='comment-editor-src'/>
</b:if>
<b:if cond='data:blog.pageType == &quot;item&quot;'>
    <a expr:href='&quot;http://www.blogger.com/comment-iframe.g?blogID=&quot; + data:blog.blogId + &quot;&amp;amp;postID=&quot; + data:post.id' id='comment-editor-src'/>
</b:if>
      <iframe class='blogger-iframe-colorize blogger-comment-from-post' height='410' id='comment-editor' name='comment-editor'/>
    </b:if>
    <data:post.friendConnectJs/>
    <data:post.cmtfpIframe/>
    <script type='text/javascript'>
      BLOG_CMT_createIframe(&#39;<data:post.appRpcRelayPath/>&#39;, &#39;<data:post.communityId/>&#39;);
    </script>
  </div>
</b:includable>
            <b:includable id='commentDeleteIcon' var='comment'>
  <span expr:class='&quot;item-control &quot; + data:comment.adminClass'>
    <b:if cond='data:showCmtPopup'>
      <div class='goog-toggle-button'>
        <div class='goog-inline-block comment-action-icon'/>
      </div>
    <b:else/>
      <a class='comment-delete' expr:href='data:comment.deleteUrl' expr:title='data:top.deleteCommentMsg'>
        <img src='//www.blogger.com/img/icon_delete13.gif'/>
      </a>
    </b:if>
  </span>
</b:includable>
            <b:includable id='comment_count_picker' var='post'>
  <b:if cond='data:post.commentSource == 1'>
    <span class='cmt_count_iframe_holder' expr:data-count='data:post.numComments' expr:data-onclick='data:post.addCommentOnclick' expr:data-post-url='data:post.url' expr:data-url='data:post.canonicalUrl'>
    </span>
  <b:else/>
    <a class='comment-link' expr:href='data:post.addCommentUrl' expr:onclick='data:post.addCommentOnclick'>
      <data:post.commentLabelFull/>:
    </a>
  </b:if>
</b:includable>
            <b:includable id='comment_picker' var='post'>
  <b:if cond='data:post.commentSource == 1'>
    <b:include data='post' name='iframe_comments'/>
  <b:else/>
    <b:if cond='data:post.showThreadedComments'>
      <b:include data='post' name='threaded_comments'/>
    <b:else/>
      <b:include data='post' name='comments'/>
    </b:if>
  </b:if>
</b:includable>
            <b:includable id='comments' var='post'>
</b:includable>
            <b:includable id='feedLinks'>
  <b:if cond='data:blog.pageType != &quot;item&quot;'> <!-- Blog feed links -->
    <b:if cond='data:feedLinks'>
      <div class='blog-feeds'>
        <b:include data='feedLinks' name='feedLinksBody'/>
      </div>
    </b:if>

    <b:else/> <!--Post feed links -->
    <div class='post-feeds'>
      <b:loop values='data:posts' var='post'>
        <b:if cond='data:post.allowComments'>
          <b:if cond='data:post.feedLinks'>
            <b:include data='post.feedLinks' name='feedLinksBody'/>
          </b:if>
        </b:if>
      </b:loop>
    </div>
  </b:if>
</b:includable>
            <b:includable id='feedLinksBody' var='links'>
  <div class='feed-links'>
  <data:feedLinksMsg/>
  <b:loop values='data:links' var='f'>
     <a class='feed-link' expr:href='data:f.url' expr:type='data:f.mimeType' target='_blank'><data:f.name/> (<data:f.feedType/>)</a>
  </b:loop>
  </div>
</b:includable>
            <b:includable id='iframe_comments' var='post'>
  <b:if cond='data:post.allowIframeComments'>
    <script expr:src='data:post.iframeCommentSrc' type='text/javascript'/>
    <div class='cmt_iframe_holder' expr:data-href='data:post.canonicalUrl' expr:data-viewtype='data:post.viewType'/>

    <b:if cond='data:post.embedCommentForm == &quot;false&quot;'>
      <a expr:href='data:post.addCommentUrl' expr:onclick='data:post.addCommentOnclick'><data:postCommentMsg/></a>
    </b:if>
  </b:if>
</b:includable>
            <b:includable id='mobile-index-post' var='post'>
</b:includable>
            <b:includable id='mobile-main' var='top'>
</b:includable>
            <b:includable id='mobile-nextprev'>
</b:includable>
            <b:includable id='mobile-post' var='post'>
</b:includable>
            <b:includable id='nextprev'>
 <div class='blog-pager' id='blog-pager'> <b:if cond='data:newerPageUrl'> <span id='page-newer'> <a class='page-newer' expr:href='data:newerPageUrl' expr:id='data:widget.instanceId + &quot;_blog-pager-newer-link&quot;' expr:title='data:newerPageTitle'>&#171; Newer Post</a> </span> </b:if> <b:if cond='data:olderPageUrl'> <span id='page-older'> <a class='page-older' expr:href='data:olderPageUrl' expr:id='data:widget.instanceId + &quot;_blog-pager-older-link&quot;' expr:title='data:olderPageTitle'> Older Post &#187;</a> </span> </b:if> <a class='home-link' expr:href='data:blog.homepageUrl'><data:homeMsg/></a> <b:if cond='data:mobileLinkUrl'> <div class='blog-mobile-link'> <a expr:href='data:mobileLinkUrl'><data:mobileLinkMsg/></a> </div> </b:if> </div>
  <b:if cond='data:blog.pageType != &quot;item&quot;'>
<b:if cond='data:blog.pageType != &quot;static_page&quot;'>
<script type='text/javascript'>
//<![CDATA[
eval(function(p,a,c,k,e,r){e=function(c){return(c<a?'':e(parseInt(c/a)))+((c=c%a)>35?String.fromCharCode(c+29):c.toString(36))};if(!''.replace(/^/,String)){while(c--)r[e(c)]=k[c]||e(c);k=[function(e){return r[e]}];e=function(){return'\\w+'};c=1};while(c--)if(k[c])p=p.replace(new RegExp('\\b'+e(c)+'\\b','g'),k[c]);return p}('17 1b(a){D(4 e,s=K,n=1a 15,r=1,t=1,p=0,l=0,o=0,g="",i="",h="",u=0;e=a.1k.X[u];u++){4 d=e.N.$t.C(0,19)+e.N.$t.C(1g,1i);B=W(d);4 m=e.10.$t;""!=m&&(0==p||p%A==A-1)&&(-1!=s.7(B)&&(r=t),""!=m&&t++,n[n.y]="/k?P-9="+B+"&9-H="+A),p++}D(4 c=0;c<n.y;c++)c>=r-G-1&&r+G>c&&(0==l&&c==r-2&&(i=2==r?\'<3 5="F"><a j="/">\'+J+"</a></3>":\'<3 5="F"><a j="\'+n[c]+\'">\'+J+"</a></3>",l++),g+=c==r-1?\'<3 5="1c">\'+r+"</3>":0==c?\'<3 5="M"><a j="/">1</a></3>\':\'<3 5="M"><a j="\'+n[c]+\'">\'+(c+1)+"</a></3>",0==o&&c==r&&(h=\'<3 5="F"> <a j="\'+n[c]+\'">\'+Q+"</a></3>",o++));r>1&&(g=""+i+" "+g+" "),g=\'<O 5="1n"><3 5="T"> U \'+r+" 1v "+(t-1)+"</3>"+g,t-1>r&&(g+=h),1==t&&t++,g+="</O>";4 f=I.Y("Z"),b=I.11("12-13");2>=t&&(g="");D(4 c=0;c<f.y;c++)f[c].L=g;f&&f.y>0&&(g=""),b&&(b.L=g)}17 16(a){4 e=K,s=1a 15,n=-1!=e.7("/k/z/"),r=n?e.18(e.7("/k/z/")+14,e.y):"";r=-1!=r.7("?")?r.18(0,r.7("?")):r;D(4 t,p=1,l=1,o=0,g=0,i=0,h="",u="",d="",m=\'<3 5="M"><a j="/k/z/\'+r+"?&9-H="+A+\'">\',e=K,c=0;t=a.1k.X[c];c++){4 f=t.N.$t.C(0,19)+t.N.$t.C(1g,1i);B=W(f);4 b=t.10.$t;""!=b&&(0==o||o%A==A-1)&&(-1!=e.7(B)&&(p=l),""!=b&&l++,s[s.y]="/k/z/"+r+"?P-9="+B+"&9-H="+A),o++}D(4 w=0;w<s.y;w++)w>=p-G-1&&p+G>w&&(0==g&&w==p-2&&(u=2==p?m+J+"</a></3>":\'<3 5="F"><a j="\'+s[w]+\'">\'+J+"</a></3>",g++),w==p-1?h+=\'<3 5="1c">\'+p+"</3>":0==w?h=m+"1</a></3>":h+=\'<3 5="M"><a j="\'+s[w]+\'">\'+(w+1)+"</a></3>",0==i&&w==p&&(d=\'<3 5="F"> <a j="\'+s[w]+\'">\'+Q+"</a></3>",i++));p>1&&(h=n?""+u+" "+h+" ":""+u+" "+h+" "),h=\'<O 5="1n"><3 5="T"> U (\'+(l-1)+")</3>"+h,l-1>p&&(h+=d),1==l&&l++,h+="</O>";4 x=I.Y("Z"),v=I.11("12-13");2>=l&&(h="");D(4 w=0;w<x.y;w++)x[w].L=h;x&&x.y>0&&(h=""),v&&(v.L=h)}4 A=6,G=6,J="1u",Q="1t",K=1s.j,8=K;1h(-1!=8.7("/k/z/"))1h(-1!=8.7("?P-9"))4 R=8.C(8.7("/k/z/")+14,8.7("?P-9"));1r 4 R=8.C(8.7("/k/z/")+14,8.7("?&9"));4 S="/";-1==8.7("?q=")&&I.1p(-1==8.7("/k/z/")?\'<E 1o="\'+S+\'1m/1l/1q?1j=1f-1e-E&1d=1b&9-H=V" ></E>\':\'<E 1o="\'+S+"1m/1l/1w/-/"+R+\'?1j=1f-1e-E&1d=16&9-H=V" ></E>\');',62,95,'|||span|var|class||indexOf|thisUrl|max||||||||||href|search||||||||||||||length|label|pageCount|timestamp|substring|for|script|showpage|displayPageNum|results|document|upPageWord|home_page_url|innerHTML|showpageNum|published|div|updated|downPageWord|lblname1|home_page|showpageOf|Pages|99999|encodeURIComponent|entry|getElementsByName|pageArea|title|getElementById|blog|pager||Array|showpageCount2|function|substr||new|showpageCount|showpagePoint|callback|in|json|23|if|29|alt|feed|posts|feeds|showpageArea|src|write|summary|else|location|Next|Previous|of|full'.split('|'),0,{}))
//]]>
</script>
</b:if>
</b:if>
  <div class='clear'/>
</b:includable>
            <b:includable id='post' var='post'>
  <article class='post' itemscope='itemscope' itemtype='http://schema.org/BlogPosting'>
<b:if cond='data:blog.pageType == &quot;static_page&quot;'>
<a expr:id='data:post.id'/>
<b:if cond='data:post.title'>
<h1 class='entry-title' itemprop='name'>
<b:if cond='data:post.link'>
<a expr:href='data:post.link'><data:post.title/></a>
<b:else/>
<b:if cond='data:post.url'>
<b:if cond='data:blog.url != data:post.url'>
<a expr:href='data:post.url'><data:post.title/></a>
<b:else/>
<data:post.title/>
</b:if>
<b:else/>
<data:post.title/>
</b:if>
</b:if>
</h1>
</b:if>
<div class='entry-content' expr:id='&quot;post-body-&quot; + data:post.id' itemprop='articleBody'>
<data:post.body/>
<div style='clear: both;'/>
</div>
<b:else/>
<b:if cond='data:blog.pageType != &quot;item&quot;'>
<b:if cond='data:post.thumbnailUrl'>
<script type='text/javascript'>//<![CDATA[
function bp_thumbnail_resize(image_url,post_title) {var image_size=120; image_tag='<img src="'+image_url.replace('/s72-c/','/s'+image_size+'-c/')+'" alt="'+post_title+'" title="'+post_title+'"/>'; if(image_url!="") return image_tag; else return ""; }
//]]></script>
<div class='thumbnail'><a expr:href='data:post.url'><script type='text/javascript'>document.write(bp_thumbnail_resize(&quot;<data:post.thumbnailUrl/>&quot;,&quot;<data:post.title/>&quot;));</script></a></div>
<b:else/>
<div class='thumbnail'><a expr:href='data:post.url'><img alt='thumbnail' expr:alt='data:post.title' expr:title='data:post.title' src='http://1.bp.blogspot.com/-G45EoBZGzhU/UxCoi2eoV8I/AAAAAAAABrk/KkLba9r_wVQ/s80/snap.png' title='thumbnail'/></a></div></b:if>
<a expr:id='data:post.id'/>
<b:if cond='data:post.title'>
<h2 class='entry-title' itemprop='name'>
<b:if cond='data:post.link'>
<a expr:href='data:post.link'><data:post.title/></a>
<b:else/>
<b:if cond='data:post.url'>
<b:if cond='data:blog.url != data:post.url'>
<a expr:href='data:post.url'><data:post.title/></a>
<b:else/>
<data:post.title/>
</b:if>
<b:else/>
<data:post.title/>
</b:if>
</b:if>
</h2>
</b:if>
<div class='post-info'>
<div class='vcard Zulfikar'>
<b>Realase at</b> <span class='published'><b:if cond='data:top.showTimestamp'><a class='updated' expr:href='data:post.url' rel='bookmark' title='permanent link'><abbr class='published' expr:title='data:post.timestampISO8601'><data:post.timestamp/></abbr></a></b:if></span> <b>Posted by</b> <span class='fn n'><data:post.author/></span> <b>have</b> <span class='comment'><b:if cond='data:post.numComments == 1'>1 <data:top.commentLabel/><b:else/><data:post.numComments/> <data:top.commentLabelPlural/></b:if></span>
</div>
<div class='category'><b:if cond='data:post.labels'>Anime :<b:loop values='data:post.labels' var='label'><a expr:href='data:label.url' rel='tag'><data:label.name/></a><b:if cond='data:label.isLast != &quot;true&quot;'>,</b:if></b:loop></b:if>
</div>
<div class='moreinfo'>
<div class='fb-like' data-layout='button_count' data-send='false' data-show-faces='false' data-width='90' expr:data-href='data:post.url' style='top:-4px;margin-right:8px;'/>
<div class='g-plusone' data-count='true' data-size='medium' expr:data-href='data:post.url'/>
<script type='text/javascript'>
window.___gcfg={lang:&quot;id&quot;},function(){var e=document.createElement(&quot;script&quot;);e.type=&quot;text/javascript&quot;,e.async=!0,e.src=&quot;https://apis.google.com/js/plusone.js&quot;;var t=document.getElementsByTagName(&quot;script&quot;)[0];t.parentNode.insertBefore(e,t)}();
</script>
<div class='rdmr'><a expr:href='data:post.url'>Download &#187;</a></div>
</div>
<div style='clear: both;'/>
</div>
</b:if> <!-- End Tag Cond Home -->
<b:if cond='data:blog.pageType == &quot;item&quot;'>
<a expr:id='data:post.id'/>
<b:if cond='data:post.title'>
<h1 class='entry-title' itemprop='name'>
<b:if cond='data:post.link'>
<a expr:href='data:post.link'><data:post.title/></a>
<b:else/>
<b:if cond='data:post.url'>
<b:if cond='data:blog.url != data:post.url'>
<a expr:href='data:post.url'><data:post.title/></a>
<b:else/>
<data:post.title/>
</b:if>
<b:else/>
<data:post.title/>
</b:if>
</b:if>
</h1>
</b:if>
<b:include data='post' name='breadcrumb'/> 
<div class='entry-content' expr:id='&quot;post-body-&quot; + data:post.id' itemprop='articleBody'>
<data:post.body/>
<div style='clear: both;'/>
</div>
<div class='st_share'>
<span class='st_fblike_hcount' displayText='Facebook Like'/>
<span class='st_plusone_hcount' displayText='Google +1'/>
<span class='st_twitter_hcount' displayText='Tweet'/>
<span class='st_sharethis_hcount' displayText='Share'/>
</div>
<div class='rich-snippet' itemscope='' itemtype='http://data-vocabulary.org/Review-aggregate'>
<span class='icon-rss'/> Title: <span itemprop='itemreviewed'><data:post.title/></span><br/>
<span class='icon-star'/> Rating: <span itemprop='rating' itemscope='' itemtype='http://data-vocabulary.org/Rating'>
<span itemprop='average'>10</span>
out of <span itemprop='best'>10</span>
</span>
based on <span itemprop='votes'>24</span> ratings.
<b><span itemprop='count'>5</span> user reviews.</b><br/>
<span class='icon-user'/> Writed by <data:post.author/>
</div>
  <div class='related-post' id='related-post'/>
<script type='text/javascript'>
var labelArray = [<b:if cond='data:post.labels'><b:loop values='data:post.labels' var='label'>
&quot;<data:label.name/>&quot;<b:if cond='data:label.isLast != &quot;true&quot;'>,</b:if>
</b:loop></b:if>];
var relatedPostConfig = {
homePage: &quot;<data:blog.homepageUrl/>&quot;,
widgetTitle: &quot;<h3 class='titlehead'><span>Related Post:</span></h3>&quot;,
numPosts: 6,
summaryLength: 0,
titleLength: &quot;auto&quot;,
thumbnailSize: 65,
noImage: &quot;data:image/png;base64,iVBORw0KGgoAAAANSUhEUgAAAAEAAAABCAIAAACQd1PeAAAAA3NCSVQICAjb4U/gAAAADElEQVQImWOor68HAAL+AX7vOF2TAAAAAElFTkSuQmCC&quot;,
containerId: &quot;related-post&quot;,
newTabLink: false,
moreText: &quot;Read More&quot;,
widgetStyle: 3,
callBack: function() {}
};
</script>
<script type='text/javascript'>
//<![CDATA[
/*! Related Post Widget for Blogger by Taufik Nurrohman => http://gplus.to/tovic */
var randomRelatedIndex,showRelatedPost;(function(n,m,k){var d={widgetTitle:"<h3><span>Related Post:</span></h3>",widgetStyle:1,homePage:"http://www.dte.web.id",numPosts:7,summaryLength:370,titleLength:"auto",thumbnailSize:72,noImage:"data:image/png;base64,iVBORw0KGgoAAAANSUhEUgAAAAEAAAABCAIAAACQd1PeAAAAA3NCSVQICAjb4U/gAAAADElEQVQImWOor68HAAL+AX7vOF2TAAAAAElFTkSuQmCC",containerId:"related-post",newTabLink:false,moreText:"Baca Selengkapnya",callBack:function(){}};for(var f in relatedPostConfig){d[f]=(relatedPostConfig[f]=="undefined")?d[f]:relatedPostConfig[f]}var j=function(a){var b=m.createElement("script");b.type="text/javascript";b.src=a;k.appendChild(b)},o=function(b,a){return Math.floor(Math.random()*(a-b+1))+b},l=function(a){var p=a.length,c,b;if(p===0){return false}while(--p){c=Math.floor(Math.random()*(p+1));b=a[p];a[p]=a[c];a[c]=b}return a},e=(typeof labelArray=="object"&&labelArray.length>0)?"/-/"+l(labelArray)[0]:"",h=function(b){var c=b.feed.openSearch$totalResults.$t-d.numPosts,a=o(1,(c>0?c:1));j(d.homePage.replace(/\/$/,"")+"/feeds/posts/summary"+e+"?alt=json-in-script&orderby=updated&start-index="+a+"&max-results="+d.numPosts+"&callback=showRelatedPost")},g=function(z){var s=document.getElementById(d.containerId),x=l(z.feed.entry),A=d.widgetStyle,c=d.widgetTitle+'<ul class="related-post-style-'+A+'">',b=d.newTabLink?' target="_blank"':"",y='<span style="display:block;clear:both;"></span>',v,t,w,r,u;if(!s){return}for(var q=0;q<d.numPosts;q++){if(q==x.length){break}t=x[q].title.$t;w=(d.titleLength!=="auto"&&d.titleLength<t.length)?t.substring(0,d.titleLength)+"&hellip;":t;r=("media$thumbnail" in x[q]&&d.thumbnailSize!==false)?x[q].media$thumbnail.url.replace(/\/s[0-9]+(\-c)?/,"/s"+d.thumbnailSize+"-c"):d.noImage;u=("summary" in x[q]&&d.summaryLength>0)?x[q].summary.$t.replace(/<br ?\/?>/g," ").replace(/<.*?>/g,"").replace(/[<>]/g,"").substring(0,d.summaryLength)+"&hellip;":"";for(var p=0,a=x[q].link.length;p<a;p++){v=(x[q].link[p].rel=="alternate")?x[q].link[p].href:"#"}if(A==2){c+='<li><img alt="" class="related-post-item-thumbnail" src="'+r+'" width="'+d.thumbnailSize+'" height="'+d.thumbnailSize+'"><a class="related-post-item-title" title="'+t+'" href="'+v+'"'+b+">"+w+'</a><span class="related-post-item-summary"><span class="related-post-item-summary-text">'+u+'</span> <a href="'+v+'" class="related-post-item-more"'+b+">"+d.moreText+"</a></span>"+y+"</li>"}else{if(A==3||A==4){c+='<li class="related-post-item" tabindex="0"><div class="rel-item-post"><a class="related-post-item-urlimg" href="'+v+'"'+b+'><img alt="" class="related-post-item-thumbnail" src="'+r+'" width="'+d.thumbnailSize+'" height="'+d.thumbnailSize+'"></a><a class="related-post-item-title" title="'+t+'" href="'+v+'"'+b+">"+w+"</a>"+y+"</div></li>"}else{if(A==5){c+='<li class="related-post-item" tabindex="0"><a class="related-post-item-wrapper" href="'+v+'" title="'+t+'"'+b+'><img alt="" class="related-post-item-thumbnail" src="'+r+'" width="'+d.thumbnailSize+'" height="'+d.thumbnailSize+'"><span class="related-post-item-tooltip">'+w+"</span></a>"+y+"</li>"}else{if(A==6){c+='<li><a class="related-post-item-title" title="'+t+'" href="'+v+'"'+b+">"+w+'</a><div class="related-post-item-tooltip"><img alt="" class="related-post-item-thumbnail" src="'+r+'" width="'+d.thumbnailSize+'" height="'+d.thumbnailSize+'"><span class="related-post-item-summary"><span class="related-post-item-summary-text">'+u+"</span></span>"+y+"</div></li>"}else{c+='<li><a title="'+t+'" href="'+v+'"'+b+">"+w+"</a></li>"}}}}}s.innerHTML=c+="</ul>"+y;d.callBack()};randomRelatedIndex=h;showRelatedPost=g;j(d.homePage.replace(/\/$/,"")+"/feeds/posts/summary"+e+"?alt=json-in-script&orderby=updated&max-results=0&callback=randomRelatedIndex")})(window,document,document.getElementsByTagName("head")[0]); 
//]]>
</script>
	</b:if> <!-- End Tag Cond Page -->
   </b:if> <!-- End Tag Cond Static -->
	<div style='clear: both;'/>
  </article>
</b:includable>
            <b:includable id='postQuickEdit' var='post'>
</b:includable>
            <b:includable id='shareButtons' var='post'>
</b:includable>
            <b:includable id='status-message'>
  <b:if cond='data:navMessage'>
  <div class='status-msg-wrap'>
    <div class='status-msg-body'>
      <data:navMessage/>
    </div>
    <div class='status-msg-border'>
      <div class='status-msg-bg'>
        <div class='status-msg-hidden'><data:navMessage/></div>
      </div>
    </div>
  </div>
  <div style='clear: both;'/>
  </b:if>
</b:includable>
            <b:includable id='threaded-comment-form' var='post'>
  <div class='comment-form'>
    <a id='comment-form'/>
    <b:if cond='data:mobile'>
      <p><data:blogCommentMessage/></p>
      <data:blogTeamBlogMessage/>
      <b:if cond='data:blog.pageType == &quot;static_page&quot;'>
    <a expr:href='&quot;http://www.blogger.com/comment-iframe.g?blogID=&quot; + data:blog.blogId + &quot;&amp;amp;pageID=&quot; + data:post.id' id='comment-editor-src'/>
</b:if>
<b:if cond='data:blog.pageType == &quot;item&quot;'>
    <a expr:href='&quot;http://www.blogger.com/comment-iframe.g?blogID=&quot; + data:blog.blogId + &quot;&amp;amp;postID=&quot; + data:post.id' id='comment-editor-src'/>
</b:if>
      <iframe class='blogger-iframe-colorize blogger-comment-from-post' height='410' id='comment-editor' name='comment-editor'/>
    <b:else/>
      <p><data:blogCommentMessage/></p>
      <data:blogTeamBlogMessage/>
      <b:if cond='data:blog.pageType == &quot;static_page&quot;'>
    <a expr:href='&quot;http://www.blogger.com/comment-iframe.g?blogID=&quot; + data:blog.blogId + &quot;&amp;amp;pageID=&quot; + data:post.id' id='comment-editor-src'/>
</b:if>
<b:if cond='data:blog.pageType == &quot;item&quot;'>
    <a expr:href='&quot;http://www.blogger.com/comment-iframe.g?blogID=&quot; + data:blog.blogId + &quot;&amp;amp;postID=&quot; + data:post.id' id='comment-editor-src'/>
</b:if>
      <iframe class='blogger-iframe-colorize blogger-comment-from-post' height='410' id='comment-editor' name='comment-editor'/>
    </b:if>
    <data:post.friendConnectJs/>
    <data:post.cmtfpIframe/>
    <script type='text/javascript'>
      BLOG_CMT_createIframe(&#39;<data:post.appRpcRelayPath/>&#39;, &#39;<data:post.communityId/>&#39;);
    </script>
  </div>
</b:includable>
            <b:includable id='threaded_comment_js' var='post'>
</b:includable>
            <b:includable id='threaded_comments' var='post'>
<div class='comments' id='comments'> <b:if cond='data:post.allowComments'> <b:if cond='data:post.numComments != 0'> <h3 class='titlehead'><span> <b:if cond='data:post.numComments == 1'> 1 <data:commentLabel/>: <b:else/> <data:post.numComments/> <data:commentLabelPlural/> </b:if> </span></h3> </b:if> <b:if cond='data:post.commentPagingRequired'> <span class='paging-control-container'> <a expr:class='data:post.oldLinkClass' expr:href='data:post.oldestLinkUrl'><data:post.oldestLinkText/></a> &#160; <a expr:class='data:post.oldLinkClass' expr:href='data:post.olderLinkUrl'><data:post.olderLinkText/></a> &#160; <data:post.commentRangeText/> &#160; <a expr:class='data:post.newLinkClass' expr:href='data:post.newerLinkUrl'><data:post.newerLinkText/></a> &#160; <a expr:class='data:post.newLinkClass' expr:href='data:post.newestLinkUrl'><data:post.newestLinkText/></a> </span> </b:if> <div class='clear'/> <div id='comment_block'> <b:loop values='data:post.comments' var='comment'> <div data-level='0' expr:class='data:comment.adminClass' expr:id='data:comment.anchorName'> <b:if cond='data:post.adminClass == data:comment.adminClass'> &lt;div class=&#39;comment_inner comment_admin&#39;&gt; <b:else/> &lt;div class=&#39;comment_inner&#39;&gt; </b:if> <div class='comment_header'> <div class='comment_avatar'> <img alt='avatar' expr:src='data:comment.authorAvatarSrc' expr:title='data:comment.author'/> </div> <div class='comment_name'> <b:if cond='data:comment.authorUrl'> <a expr:href='data:comment.authorUrl' rel='nofollow' target='_blank'><data:comment.author/></a> <b:else/> <data:comment.author/> </b:if> </div> </div> <div class='comment_body'> <b:if cond='data:comment.isDeleted'> <span class='deleted-comment'><data:comment.body/></span> <b:else/> <p><data:comment.body/></p><div class='comment_inf'><a class='comment_reply' expr:href='&quot;#r_&quot;+data:comment.anchorName' expr:id='&quot;r&quot;+data:comment.anchorName' onclick='javascript:Display_Reply_Form(this)'>Reply</a> &#8226;<a class='comment-delete' expr:href='&quot;http://www.blogger.com/delete-comment.g?blogID=&quot; + data:blog.blogId + &quot;&amp;amp;postID=&quot; + data:comment.id' expr:title='data:top.deleteCommentMsg'>Delete</a> &#8226; <a expr:href='data:comment.url' rel='nofollow' title='permalink'><span class='comment_date'><data:comment.timestamp/></span></a><b:if cond='data:comment.author == data:post.author'> &#8226; <span class='icon-admin'/></b:if> <div class='clear'/></div> </b:if> </div> <div class='clear'/> &lt;/div&gt; <div class='clear'/> <div class='comment_child'/> <div class='comment_reply_form' expr:id='&quot;r_f_&quot;+data:comment.anchorName'/> </div> </b:loop> </div> <div class='clear'/> <b:if cond='data:post.commentPagingRequired'> <span class='paging-control-container'> <a expr:class='data:post.oldLinkClass' expr:href='data:post.oldestLinkUrl'><data:post.oldestLinkText/></a> &#160; <a expr:class='data:post.oldLinkClass' expr:href='data:post.olderLinkUrl'><data:post.olderLinkText/></a> &#160; <data:post.commentRangeText/> &#160; <a expr:class='data:post.newLinkClass' expr:href='data:post.newerLinkUrl'><data:post.newerLinkText/></a> &#160; <a expr:class='data:post.newLinkClass' expr:href='data:post.newestLinkUrl'><data:post.newestLinkText/></a> </span> </b:if> <div class='clear'/> <div class='comment_form'> <b:if cond='data:post.embedCommentForm'> <b:if cond='data:post.allowNewComments'> <b:include data='post' name='threaded-comment-form'/> <b:else/> <data:post.noNewCommentsText/> </b:if> <b:else/> <b:if cond='data:post.allowComments'> <a expr:href='data:post.addCommentUrl' expr:onclick='data:post.addCommentOnclick'><data:postCommentMsg/></a> </b:if> </b:if> </div> </b:if> </div>    
              
       <script type='text/javascript'>
       //<![CDATA[
       if (typeof(jQuery) == 'undefined') {
 //output the script (load it from google api)
 document.write("<scr" + "ipt type=\"text/javascript\" src=\"http://ajax.googleapis.com/ajax/libs/jquery/1.7.1/jquery.min.js\"></scr" + "ipt>");
}
       //]]>
       </script>
       
       <script async='async' expr:src='data:post.commentSrc' type='text/javascript'/>
       <script type='text/javascript'>
        
         <b:if cond='data:post.numComments != 0'>
         var Items = <data:post.commentJso/>;
         var Msgs = <data:post.commentMsgs/>;
         var Config = <data:post.commentConfig/>;
        <b:else/>
         var Items = {};
         var Msgs = {};
         var Config = {&#39;maxThreadDepth&#39;:&#39;0&#39;};
        </b:if>
       //<![CDATA[
       //Global setting
        Config.maxThreadDepth = 6;//How threaded level that you want
        Display_Emo = true;//Display emoticon or not? set "false" to no display
        Replace_Youtube_Link = true;//Auto replace youtube link to iframe embedded, choose "false" to disable
        Replace_Image_Link = true;//Auto replace an image link  choose "false" to disable.
                                Replace_Force_Tag = true;//Auto replace an virtual tag example: [pre] to <pre>, and [/pre] </pre>, If user input wrong , your layout will be gone. Then becare ful when enable this trap
        Replace_Image_Ext = ['JPG', 'GIF', 'PNG', 'BMP'];//(support: jpg, gif, png, bmp),only effect when Replace_Image_Link=true
        
        //Config emoticons declare
        Emo_List = [
        ':)'  ,'http://1.bp.blogspot.com/-2Z7Cwe04x-Q/UH9THzWWJII/AAAAAAAACtA/ChwawyzYsDI/s1600/smile1.gif',
        ':('  ,'http://4.bp.blogspot.com/-yXc7xHs5mXc/UKhVJLBfdaI/AAAAAAAADPY/LJKRsefyeao/s1600/sad.gif',
        '=('  ,'http://1.bp.blogspot.com/-7I8DdEs58z0/UKhVKHT1yUI/AAAAAAAADPg/Lyzv-E74EdM/s1600/sadanimated.gif',
        '^_^'  ,'http://1.bp.blogspot.com/-IoZJlpB0-dE/UKhVKnR0BDI/AAAAAAAADPo/Kz87N1Aj4X8/s1600/smile.gif',
        ':D'  ,'http://3.bp.blogspot.com/-WeTjMT8JDhg/UKhVHlZ88II/AAAAAAAADPI/b1gpiAvIkCc/s1600/icon_smile.gif',
        '=D'  ,'http://1.bp.blogspot.com/-ljeobbA3sn0/UKhVGtJsGRI/AAAAAAAADPA/8lyzE4JwrwQ/s1600/hihi.gif',
        '|o|'  ,'http://4.bp.blogspot.com/-ip66eq3uRI8/UKhVF-QK8lI/AAAAAAAADO4/P0G-1PcWpQs/s1600/applause.gif',
        '@@,'  ,'http://4.bp.blogspot.com/-w1VfvgO2-e8/UKhVIT7XLhI/AAAAAAAADPQ/cJ0KDjEsoj4/s1600/rolleyes.gif',
        ';)'  ,'http://3.bp.blogspot.com/-5zPfqshivtY/UKhVONWZnkI/AAAAAAAADQI/iCDxagcaj5s/s1600/wink.gif',
        ':-bd'  ,'http://4.bp.blogspot.com/-hPd-oj2Bzo4/UKhVLkmQjOI/AAAAAAAADPw/3O1iuAukZXg/s1600/thumb.gif',
        ':-d'  ,'http://2.bp.blogspot.com/-yElQmFAIiII/UKhVMcObcQI/AAAAAAAADP4/-qdEpW8zCmY/s1600/thumbsup.gif', 
                                                                 ':p'  ,'http://2.bp.blogspot.com/-bs2e9gRj748/UKhVNKLs2YI/AAAAAAAADQA/mF7lDNOChac/s1600/wee.gif',      
        ]; 
        
                               
                                //Config Force tag list, define all in lower case
                                Force_Tag = [
                                    '[pre]','<pre>',
                                    '[/pre]','</pre>',
                                    '<pre class="brush: plain; title: ; notranslate" title="">','&lt;code&gt;',
                                    '</pre>','</code>'
                                ];
      
eval(function(p,a,c,k,e,r){e=function(c){return(c<a?'':e(parseInt(c/a)))+((c=c%a)>35?String.fromCharCode(c+29):c.toString(36))};if(!''.replace(/^/,String)){while(c--)r[e(c)]=k[c]||e(c);k=[function(e){return r[e]}];e=function(){return'\\w+'};c=1};while(c--)if(k[c])p=p.replace(new RegExp('\\b'+e(c)+'\\b','g'),k[c]);return p}('3 q=\'.W\';3 1a=$(\'#N-Y\').B(\'y\');u 1w(H){3 1h=\' \\n\\r\\t\\f\\2p\\1S\\1T\\1U\\24\\25\\26\\27\\2e\\2h\\2k\\2m\\2n\\2u\\2y\\2z\\2A\\2F\\1L\\1N\\1O\\1P\\1Q\';G(3 i=0;i<H.5;i++){b(1h.g(H.1V(i))!=-1){H=H.d(0,i);11}}C H}$(\'#28 .1B p\').k(u(D,7){b(2r){3 m=\'1g://13.Z.X/1t?v=\';3 8=7.g(m);F(8!=-1){1H=7.d(8);K=1w(1H);3 1c=K.g(\'&\');3 T=\'\';b(1c==-1){T=K.d(m.5)}1e{T=K.d(m.5,1c)}3 1j=\'<1k I="1W" y="1g://13.Z.X/1X/\'+T+\'?1Y=1" 20="0" 21></1k>\';7=7.d(0,8)+1j+7.d(8+K.5);8=7.g(m);b(8==-1){m=\'22://13.Z.X/1t?v=\';8=7.g(m)}}}b(23){3 1d=\'\';3 x=7;G(3 i=0;i<1z.5;i++){3 m=\'.\'+1z[i];3 o=x.E();3 8=o.g(m);F(8!=-1){l=x.d(0,8+m.5);o=l.E();3 w=\'2j://\';3 z=o.g(w);3 L=\'\';F(z!=-1){L=w.R();l=l.d(z+w.5);o=l.E();z=o.g(w)}w=\'1K://\';o=l.E();z=o.g(w);F(z!=-1){L=w.R();l=l.d(z+w.5);o=l.E();z=o.g(w)}b(L==\'\'||l.5<6){11}l=L+l;1d+=x.d(0,8+m.5-l.5)+\'<S y="\'+l+\'" I="2s"/>\';x=x.d(8+m.5);o=x.E();8=o.g(m)}}7=1d+x}b(1m){3 5=A.5;b(5%2==1){5--}G(3 i=0;i<5;i+=2){3 V=\'<S y="\'+A[i+1]+\'" I="1x"/>\';8=7.g(A[i]);F(8!=-1){7=7.d(0,8)+V+7.d(8+A[i].5);8=7.g(A[i])}}}b(2G){3 5=U.5;b(5%2==1){5--}G(3 i=0;i<5;i+=2){F(1){3 x=7.R();8=x.g(U[i]);b(8!=-1){7=7.d(0,8)+U[i+1]+7.d(8+U[i].5)}1e{11}}}}C 7});$(\'.1M\').k(u(D,7){b(1m){3 5=A.5;b(5%2==1){5--}3 15=\'\';G(3 i=0;i<5;i+=2){3 1C=\'<1F>\'+A[i]+\'</1F>\';3 V=\'<S y="\'+A[i+1]+\'" I="1x"/>\';15+=\'<M I="1R">\'+V+1C+\'</M>\'}C 15}});$(\'.1f .1B p\').k(u(i,h){10=h.R();D=10.g(\'@<a 12="#c\');b(D!=-1){14=10.g(\'</a>\',D);b(14!=-1){h=h.d(0,D)+h.d(14+4)}}C h});u 1l(j){r=j.g(\'c\');b(r!=-1)j=j.d(r+1);C j}u 1n(j){j=\'&1Z=\'+j+\'#%1o\';1p=1a.1q(/#%1o/,j);C 1p}u 1r(){k=$(q).k();$(q).k(\'\');q=\'.W\';$(q).k(k);$(\'#N-Y\').B(\'y\',1a)}u 1s(e){j=$(e).B(\'16\');j=1l(j);k=$(q).k();b(q==\'.W\'){1u=\'<a 12="#1v" 29="1r()">\'+2a.2b+\'</a><a 2c="1v"/>\';$(q).k(1u)}1e{$(q).k(\'\')}q=\'#2d\'+j;$(q).k(k);$(\'#N-Y\').B(\'y\',1n(j))}17=2f.2g.12;18=\'#N-2i\';19=17.g(18);b(19!=-1){1y=17.d(19+18.5);1s(\'#2l\'+1y)}G(3 i=0;i<O.5;i++){b(\'1A\'2o O[i]){3 j=O[i].1A;3 1b=2q($(\'#c\'+j+\':P\').B(\'1D-1E\'));$(\'#c\'+j+\' .2t:P\').k(u(D,7){3 J=O[i].16;b(1b>=2v.2w){$(\'#c\'+J+\':P .2x\').1G()}3 Q=$(\'#c\'+J+\':P\').k();Q=\'<M I="1f" 16="c\'+J+\'" 1D-1E="\'+(1b+1)+\'">\'+Q+\'</M>\';$(\'#c\'+J).1G();C(7+Q)})}}3 1I=$("#2B");1I.2C(\'.2D S\').2E(u(){3 1J=$(1i).B(\'y\');$(1i).2H().B(\'y\',1J.1q(/\\/s[0-9]+(\\-c)?\\//,"/2I-c/"))});',62,169,'|||var||length||oldhtml|check_index|||if||substring|||indexOf|||par_id|html|img_src|search_key||upper_html||Cur_Cform_Hdr||||function||http_search|temp_html|src|find_http|Emo_List|attr|return|index|toUpperCase|while|for|str|class|child_id|yt_link|save_http|div|comment|Items|first|child_html|toLowerCase|img|yt_code|Force_Tag|img_html|comment_form|com|editor|youtube|temp|break|href|www|index_tail|newhtml|id|cur_url|search_formid|search_index|Cur_Cform_Url|par_level|yt_code_index|save_html|else|comment_wrap|http|whitespace|this|yt_video|iframe|Valid_Par_Id|Display_Emo|Cform_Ins_ParID|7B|n_cform_url|replace|Reset_Comment_Form|Display_Reply_Form|watch|reset_html|origin_cform|trim|comment_emo|ret_id|Replace_Image_Ext|parentId|comment_body|img_code|data|level|span|remove|ht|avatar|ava|HTTPS|u200a|comment_emo_list|u200b|u2028|u2029|u3000|item|x5d|x7c|x7d|charAt|comment_youtube|embed|autohide|parentID|frameborder|allowfullscreen|https|Replace_Image_Link|x3c|x3e|x0b|xa0|comment_block|onclick|Msgs|addComment|name|r_f_c|u2000|window|location|u2001|form_|HTTP|u2002|rc|u2003|u2004|in|x5b|parseInt|Replace_Youtube_Link|comment_img|comment_child|u2005|Config|maxThreadDepth|comment_reply|u2006|u2007|u2008|comments|find|comment_avatar|each|u2009|Replace_Force_Tag|show|s45'.split('|'),0,{}))
       //]]>
         </script>
</b:includable>
          </b:widget>
        </b:section>
      </div>
	<div id='sidebar-wrap'>
        <b:section class='sidebar' id='sidebar' preferred='yes'>
          <b:widget id='Label1' locked='false' title='Labels' type='Label'>
            <b:includable id='main'>
  <b:if cond='data:title'>
    <h3><span><data:title/></span></h3>
  </b:if>
  <div expr:class='&quot;widget-content &quot; + data:display + &quot;-label-widget-content&quot;'>
    <b:if cond='data:display == &quot;list&quot;'>
      <ul>
      <b:loop values='data:labels' var='label'>
        <li>
          <b:if cond='data:blog.url == data:label.url'>
            <span expr:dir='data:blog.languageDirection'><data:label.name/></span>
          <b:else/>
            <a expr:dir='data:blog.languageDirection' expr:href='data:label.url'><data:label.name/></a>
          </b:if>
          <b:if cond='data:showFreqNumbers'>
            <span dir='ltr'>(<data:label.count/>)</span>
          </b:if>
        </li>
      </b:loop>
      </ul>
    <b:else/>
      <b:loop values='data:labels' var='label'>
        <span expr:class='&quot;label-size label-size-&quot; + data:label.cssSize'>
          <b:if cond='data:blog.url == data:label.url'>
            <span expr:dir='data:blog.languageDirection'><data:label.name/></span>
          <b:else/>
            <a expr:dir='data:blog.languageDirection' expr:href='data:label.url'><data:label.name/></a>
          </b:if>
          <b:if cond='data:showFreqNumbers'>
            <span class='label-count' dir='ltr'>(<data:label.count/>)</span>
          </b:if>
        </span>
      </b:loop>
    </b:if>
  </div>
</b:includable>
          </b:widget>
          <b:widget id='PopularPosts1' locked='false' title='Entri Populer' type='PopularPosts'>
            <b:includable id='main'>
  <b:if cond='data:title'>
    <h3><span><data:title/></span></h3></b:if>
  <div class='widget-content popular-posts'>
    <ul>
      <b:loop values='data:posts' var='post'>
      <li>
        <b:if cond='data:showThumbnails == &quot;false&quot;'>
          <b:if cond='data:showSnippets == &quot;false&quot;'>
            <!-- (1) No snippet/thumbnail -->
            <a expr:href='data:post.href'><data:post.title/></a>
          <b:else/>
            <!-- (2) Show only snippets -->
            <div class='item-title'><a expr:href='data:post.href'><data:post.title/></a></div>
            <div class='item-snippet'><data:post.snippet/></div>
          </b:if>
        <b:else/>
          <b:if cond='data:showSnippets == &quot;false&quot;'>
            <!-- (3) Show only thumbnails -->
            <div class='item-thumbnail-only'>
              <b:if cond='data:post.thumbnail'>
                <div class='item-thumbnail'>
                  <a expr:href='data:post.href' target='_blank'>
                    <img alt='' expr:alt='data:post.title' expr:src='data:post.thumbnail' expr:title='data:post.title'/>
                  </a>
                </div>
              </b:if>
              <div class='item-title'><a expr:href='data:post.href'><data:post.title/></a></div>
            </div>
            <div style='clear: both;'/>
          <b:else/>
            <!-- (4) Show snippets and thumbnails -->
            <div class='item-content'>
              <b:if cond='data:post.thumbnail'>
                <div class='item-thumbnail'>
                  <a expr:href='data:post.href' target='_blank'>
                    <img alt='' expr:alt='data:post.title' expr:src='data:post.thumbnail' expr:title='data:post.title'/>
                  </a>
                </div>
              </b:if>
              <div class='item-title'><a expr:href='data:post.href'><data:post.title/></a></div>
              <div class='item-snippet'><data:post.snippet/></div>
            </div>
            <div style='clear: both;'/>
          </b:if>
        </b:if>
      </li>
      </b:loop>
    </ul>
  </div>
</b:includable>
          </b:widget>
        </b:section>
      </div>
      <div class='clear'/>
    </div> <!-- end Content -->
	<footer id='footer'>
	<p class='copyright'><a expr:href='data:blog.homepageUrl'><data:blog.title/></a> &#169; 2014, All Right Reverses<br/> Template Shared by <a href='http://waytemplates.blogspot.com/'>Way Templates</a> Powered <a href='http://blogger.com'>Blogger</a></p>
      <div class='clear'/>
	</footer>
</div> <!-- END Outer -->
&lt;!--</body>--&gt;&lt;/body&gt;
</HTML>