<?xml version="1.0" encoding="UTF-8" ?>
<!DOCTYPE html>
<html b:version='2' class='v2' expr:dir='data:blog.languageDirection' xmlns='http://www.w3.org/1999/xhtml' xmlns:b='http://www.google.com/2005/gml/b' xmlns:data='http://www.google.com/2005/gml/data' xmlns:expr='http://www.google.com/2005/gml/expr'>
<head><!-- Meta Tag -->
<meta charset='utf-8'/>
<meta content='width=device-width, initial-scale=1' name='viewport'/>
<meta content='blogger' name='generator'/>
<meta content='text/html; charset=UTF-8' http-equiv='Content-Type'/>
<link href='http://www.blogger.com/openid-server.g' rel='openid.server'/>
<link expr:href='data:blog.homepageUrl' rel='openid.delegate'/>
<link expr:href='data:blog.url' rel='canonical'/>
<b:if cond='data:blog.pageType == &quot;index&quot;'><title><data:blog.pageTitle/></title><b:else/>
<b:if cond='data:blog.pageType != &quot;error_page&quot;'><title><data:blog.pageName/> - <data:blog.title/></title></b:if></b:if>
<b:if cond='data:blog.pageType == &quot;error_page&quot;'><title>Page Not Found - <data:blog.title/></title></b:if>
<b:if cond='data:blog.pageType == &quot;archive&quot;'><meta content='noindex' name='robots'/></b:if>
<b:if cond='data:blog.searchLabel'><meta content='noindex,nofollow' name='robots'/></b:if>
<b:if cond='data:blog.isMobile'><meta content='noindex,nofollow' name='robots'/></b:if>
<b:if cond='data:blog.pageType != &quot;error_page&quot;'>
<meta expr:content='data:blog.metaDescription' name='description'/>
<b:if cond='data:blog.homepageUrl != data:blog.url'>
<meta expr:content='data:blog.pageName + &quot;, &quot; + data:blog.pageTitle + &quot;, &quot; + data:blog.title' name='keywords'/>
</b:if></b:if>
<b:if cond='data:blog.url == data:blog.homepageUrl'><meta content='xxxxx' name='keywords'/></b:if>
<link expr:href='data:blog.homepageUrl + &quot;feeds/posts/default&quot;' expr:title='data:blog.title + &quot; - Atom&quot;' rel='alternate' type='application/atom+xml'/>
<link expr:href='data:blog.homepageUrl + &quot;feeds/posts/default?alt=rss&quot;' expr:title='data:blog.title + &quot; - RSS&quot;' rel='alternate' type='application/rss+xml'/>
<link expr:href='&quot;http://www.blogger.com/feeds/&quot; + data:blog.blogId + &quot;/posts/default&quot;' expr:title='data:blog.title + &quot; - Atom&quot;' rel='alternate' type='application/atom+xml'/>
<b:if cond='data:blog.pageType == &quot;item&quot;'><b:if cond='data:blog.postImageThumbnailUrl'><link expr:href='data:blog.postImageThumbnailUrl' rel='image_src'/></b:if></b:if>
<link href='/favicon.ico' rel='icon' type='image/x-icon'/>
<link href='https://plus.google.com/xxxxx/posts' rel='publisher'/>
<link href='https://plus.google.com/xxxxx/about' rel='author'/>
<link href='https://plus.google.com/xxxxx' rel='me'/>
<meta content='Indonesia' name='geo.placename'/>
<meta content='xxxxx' name='Author'/>
<meta content='general' name='rating'/>
<meta content='id' name='geo.country'/>
<!-- Facebook Open Graph -->
<b:if cond='data:blog.pageType == &quot;item&quot;'><meta expr:content='data:blog.pageName' property='og:title'/><meta expr:content='data:blog.canonicalUrl' property='og:url'/><meta content='article' property='og:type'/>
<b:if cond='data:blog.metaDescription'><meta expr:content='data:blog.metaDescription' property='og:description'/><b:else/>
<meta expr:content='&quot;Update Anime &quot; + data:blog.pageName + &quot; download now in &quot; + data:blog.title + &quot;&quot;' property='og:description'/>
</b:if></b:if>
<meta expr:content='data:blog.title' property='og:site_name'/>
<b:if cond='data:blog.url == data:blog.homepageUrl'><meta content='website' property='og:type'/>
<b:if cond='data:blog.metaDescription'><meta expr:content='data:blog.metaDescription' property='og:description'/><b:else/>
<meta expr:content='&quot;Please visit &quot; + data:blog.pageTitle + &quot; for watch and download anime new episode.&quot;' property='og:description'/></b:if></b:if>
<b:if cond='data:blog.postImageUrl'><meta expr:content='data:blog.postImageUrl' property='og:image'/><b:else/><b:if cond='data:blog.postImageThumbnailUrl'><meta expr:content='data:blog.postThumbnailUrl' property='og:image'/><b:else/><meta expr:content='data:blog.blogspotFaviconUrl' property='og:image'/></b:if></b:if>
&lt;style type=&quot;text/css&quot;&gt;
&lt;!-- /*<b:skin><![CDATA[/*
-----------------------------------------------
Blogger Template Style
Theme Name       : Animeplus Blogger Template v2
Theme Designer   : Cmonfrozen
Theme Url   	 : http://cmonfrozen.blogspot.com
Thanks to 		 :
Eric Meyer's Reset CSS v2.0 (http://meyerweb.com/eric/tools/css/reset/)
----------------------------------------------- */

/* LAYOUT */
body#layout #nav{display:none;}
body#layout ul{display:none;}
body#layout #main-wrapper{width:600px;}
body#layout #sidebar-wrapper{width:300px;}
body#layout div.pengumuman, body#layout div.totalpost{display:none;}
body#layout div.notice div.widget{width:48%;float:left;}
body#layout #header{height:auto!important;}
/* CSS RESET */
html,body,div,span,applet,object,iframe,h1,h2,h3,h4,h5,h6,p,blockquote,pre,a,abbr,acronym,address,big,cite,code,del,dfn,em,img,ins,kbd,q,s,samp,small,strike,strong,sub,sup,tt,var,center,dl,dt,dd,ol,ul,li,fieldset,form,label,legend,table,caption,tbody,tfoot,thead,tr,th,td,article,aside,canvas,details,embed,figure,figcaption,footer,header,hgroup,menu,nav,output,ruby,section,summary,time,mark,audio,video{margin:0;padding:0;border:0;font-size:100%;font:inherit;vertical-align:baseline;}ul{list-style:none;}
/* CSS HTML5 display-role reset for older browsers */
article,aside,details,figcaption,figure,footer,header,hgroup,menu,nav,section{display:block;}blockquote,q{quotes:none;}blockquote:before,blockquote:after,q:before,q:after{content:'';content:none;}table{border-collapse:collapse;border-spacing:0;}
/* WIDGET */
.popular-posts ul{list-style:none;padding:0;}
.hierarchy .posts{margin-left:13px;line-height:25px;}
.Label .widget-content li{display:inline-block;margin-bottom:4px;}
.Label .widget-content ul{padding:0;list-style:none;margin:0;}
.Label .widget-content ul li a{padding:5px;background:#6f5499;color:#fff;display:inline-block;font-size:12px;}
.Label .widget-content ul li span{padding:5px 6px;background:#5C4186;color:#fff;display:inline-block;font-size:12px;margin-lefT:-5px;}
.hierarchy{list-style:none;padding:0;}
.hierarchy .posts li a:before{content:"\f08e";font-family:Fontawesome;padding-right:5px;}
.profile-name-link.g-profile{background:no-repeat;padding-left:20px;}
.profile-img{margin:5px;float:left;}
.sidebar h2, .sidebar h3{margin:0;background:#6f5499;color:#ffffff;font:normal 700 13px sans-serif;padding:12px;}
.sidebar .widget-content{background:#fff;padding:10px;margin-bottom:15px;border-bottom:2px solid #DFDFDF;-webkit-box-shadow:0 0 2px rgba(0, 0, 0, 0.1);-moz-box-shadow:0 0 2px rgba(0, 0, 0, 0.1);box-shadow:0 0 2px rgba(0, 0, 0, 0.1);}
/* CONTENT */
body{
background:#F3F3F3;
margin:0;
color:#333333;
font:normal normal 13px Segoe UI, Verdana, Sans-serif;
overflow-x:hidden;
}
a:focus {color:#2288bb;outline:thin dotted;}
a:link,a:visited{color:#888888;transition:all 0.4s ease-in;-webkit-transition:all 0.4s ease-in;-moz-transition:all 0.4s ease-in;outline:none;color:#2d50a7;text-decoration:none;}
a:active, a:hover {color:#33aaff;text-decoration:none;outline:none;}
::-webkit-scrollbar{width:7px;height:7px;background:#EEE;}
::-webkit-scrollbar-thumb{background:#999;}
.widget ul,.section,.widget{padding:0;margin:0;}
#clear,.clear{clear:both;display:block;}
#navbar-iframe,.post-feeds,.feed-links,.quickedit,.status-msg-wrap{display:none;}
img{max-width:100%;height:auto;border:0;vertical-align:middle;color:transparent;}
.status-msg-wrap{padding:7px 0;background:#fff;border:1px solid #ddd;margin:0 0 10px;width:99%;font-size:13px;text-align:center;display:inline-block;padding: 10px 0;}
body *{-moz-box-sizing:border-box;-webkit-box-sizing:border-box;box-sizing:border-box;transition: all 0.7s cubic-bezier(0.45, 0.05, 0.55, 0.95);}
.section, .widget{margin:0;padding:0;}
/* HEADER */
#header{position:relative;max-height: 340px;margin:0 auto;overflow:hidden;}
#header h1{margin:0;padding:0;display:none;}
a.hovhead{position:absolute;top:0;left:0;width:100%;height:285px;}
/* OUTER WRAPPER */
#outer-wrapper{width:950px;margin:20px auto;position:relative;padding:0;}
#main-wrapper{float:left;margin-right:20px;width:630px;}
#sidebar-wrapper{float:left;width:300px;}
/* LIST */
.post-body ol,.post-body ul{margin-left:20px;}.post-body ol{list-style:decimal outside;}.post-body ul{list-style:square outside;}.post-body li{margin:5px 0;}
/* HEADING */
h1, h2, h3, h4, h5{font-weight:700;}h1{font-size:2em;margin:0.67em 0;}h2{font-size:1.5em;margin:0.83em 0;}h3{font-size:1.17em;margin:1em 0;}h4{font-size:1em;margin:1.33em 0;}h5{font-size:0.83em;margin:1.67em 0;}h6{font-size:0.75em;margin:2.33em 0;}
/* MENU */
#nav_header{background:#ffffff;margin:9px auto 10px;position:relative;-webkit-box-shadow:0 0 2px rgba(0, 0, 0, 0.1);-moz-box-shadow:0 0 2px rgba(0, 0, 0, 0.1);box-shadow:0 0 2px rgba(0, 0, 0, 0.1);-webkit-border-radius:2px;-moz-border-radius:2px;border-radius:2px;}
#nav_header ul{margin:0;padding:0;}
#nav_header > ul > li{float:left;margin:0 0;list-style:none;position:relative;}
#nav_header > ul > li > a{color:#333333;padding:14px 19px;display:block;position:relative;border-right:1px solid #E7E7E7;}
#nav_header > ul > li > .selected:after{content:"";border-bottom:3px solid #483353;position:absolute;bottom:0px;z-index:100;width:100%;left:0;}
#nav_header > ul > li > a:hover{color:#6f5499;}
#nav_header > ul > li > .selected{background:#6f5499;color:#ffffff;}
#nav_header li span{position:relative;top:2px;padding-right:5px;}
#nav_header li:hover ul.dropdown{display:block;}
ul.dropdown{position:absolute;top:51px;background:#fff;width:130px;z-index:10;border:1px solid #ddd;padding:6px 0!important;display:none;}
ul.dropdown li{margin:0 0;list-style:none;}
ul.dropdown a{border:0;padding:7px;margin:5px;-webkit-border-radius:3px;-moz-border-radius:3px;border-radius:3px;display:block;}
ul.dropdown a:hover{background:#6f5499;color:#fff;}
ul.dropdown:before{content:"";position:absolute;top:-14px;left:0px;width:100%;height:18px;}
ul.dropdown:after{position:absolute;top:-14px;left:3px;content:"";border:7px solid #fff;border-left-color:transparent;border-top-color:transparent;border-right-color:transparent;}
.navmo{display:none;}
#nav_header input{display:none;}
#blog-pager{text-align:center;margin:15px auto;}
#pager-prev{float:left;}
#pager-next{float:right;}
/* FOOTER */
#footer{padding:10px;}
#footer a{color:#333;font-weight:700;}
#footer .copyright{font-size:13px;margin:auto;color:#333;text-align:center;}
.post-body blockquote{border:1px solid #6f5499;border-left:5px solid #6f5499;margin:15px;padding:10px;}
.post-body{line-height:20px;}
.post{padding:10px;background:#fff;margin-bottom:8px;border-bottom:2px solid #DFDFDF;-webkit-box-shadow:0 0 2px rgba(0, 0, 0, 0.1);-moz-box-shadow:0 0 2px rgba(0, 0, 0, 0.1);box-shadow:0 0 2px rgba(0, 0, 0, 0.1);}
.breadcrumbs{background:#fff;margin-bottom:8px;border-bottom:2px solid #DFDFDF;-webkit-box-shadow:0 0 2px rgba(0, 0, 0, 0.1);-moz-box-shadow:0 0 2px rgba(0, 0, 0, 0.1);box-shadow:0 0 2px rgba(0, 0, 0, 0.1);padding:10px;}
table{border:1px solid #ddd;}
table td{border:1px solid #ddd;padding:5px;}
table tr:nth-child(2n+1){background:#eee;}
.search-form{margin-bottom:8px;position:relative;}
.search-form input{border:1px solid #ddd;padding:7px 10px;color:#999;outline:0;width:100%;background-color:#fff;}
.submit-button{background-color:#5cb85c;border-color:rgba(0, 0, 0, 0);text-decoration:none;font-size:12px;outline:0;position:absolute;top:4px;right:6px;color:#fff;-webkit-border-radius:3px;-moz-border-radius:3px;border-radius:3px;padding:3px 4px 2px;cursor:pointer;}
.submit-button:hover{background:#449d44;}
h1.entry-title{margin:0 0 5px;font-size:18px;overflow:hidden;}
.post-body img{width:100%;margin:10px 0;}
.headtitle{}
.dl-box{background:#FCFCFC;border:1px solid #ddd;margin:10px 0;padding:12px;}
h3.dl-title{background:#6f5499;color:#ffffff;font-size:13px;padding:7px;margin:0;}
.dl-anime{padding:10px;background:#F0F0F0;border:1px solid #E7E7E7;border-top:0;}
.dl-anime a{padding:0 10px;border-right:1px solid #ddd;}
.dl-anime a:nth-child(1){padding-left:0;}
#comments{padding:10px;background:#fff;margin-bottom:8px;border-bottom:2px solid #DFDFDF;-webkit-box-shadow:0 0 2px rgba(0, 0, 0, 0.1);-moz-box-shadow:0 0 2px rgba(0, 0, 0, 0.1);box-shadow:0 0 2px rgba(0, 0, 0, 0.1);}
.post-header img{width:30px;}
span.fi{display:inline-block;height:30px;float:left;margin-right:8px;}
.post-header{line-height:30px;border:1px solid #ddd;padding:3px 2px;border-right:0;font-size:12px;border-left:0;}
a.timestamp-link{color:#333;}
#blog-pager p{margin:0;}
#blog-pager p:nth-child(1){float:left;text-align:left;}
#blog-pager p:nth-child(2){float:right;text-align:right;}
.post-footer{margin-top:15px;border-top:1px solid #ddd;padding-top:3px;margin-bottom:-3px;}
.post-footer b{text-transform:capitalize;margin-right:5px;display:inline-block;}
.page-newer,.page-older,.home-link{background:#6f5499;color:#fff!important;font:normal 700 12px sans-serif;padding:5px;display:inline-block;-webkit-border-radius:3px;-moz-border-radius:3px;border-radius:3px;}
.page-older{float:right;}
.home-link{padding:5px 10px;}
.page-newer{float:left;}
.infobox h3{margin:0;padding:10px;background:#34495e;color:#ffffff;position:relative;}
.inf.red{background:#d9534f;}
.inf.green{background:#5cb85c;}
.inf.orange{background:#f0ad4e;}
/* COMMENTS */
.comment_h4{font-size:13px;padding:9px 13px;margin:5px 0 0;color:#fff;}
#comment_block{padding:15px;border:1px solid #ddd;border-top:0;line-height:23px;}
.comment_avatar{border-radius:100%;overflow:hidden;float:left;width:45px;height:45px;margin-right:15px;background:url(http://1.bp.blogspot.com/-DEoQ6Q9sgPc/VchjxASQzxI/AAAAAAAAEY0/_C_Rk0uxxPc/s1600/avatar.jpg)no-repeat center center;background-size:100%;}
.comment_child .comment_avatar{border-radius:2px;height:38px;width:38px;}
.cm_user{color:#333!important;padding-right:7px;font-weight:700;font-size:12px;}
.comment_date{color:#999;padding-left:5px;display:inline-block;}
.cm_head{overflow:hidden;}
.comment_opsi{display:none;}
#comment_block > div > .comment_child{padding:0;margin:8px auto;margin-left:60px;}
#comment_block > div{border-bottom:1px solid #ddd;padding-bottom:15px;margin-bottom:16px;}
.comment_body p{overflow:hidden;font-size:12px;}
.comment_child > div{margin:15px 0 17px;}
.comment_child > div > .comment_child > div{padding-top:6px;}
#comment_block > div > .comment_child > .comment_wrap:first-child{border-top:1px solid #ddd;padding-top:15px;margin-bottom:5px;}
#comment_block > div > div > .comment_opsi{display:block;margin-top:5px;margin-bottom:-6px;margin-left:60px;color:#999;}
.comment_opsi a{color:#999;}
.comment_form{background-color:#FAFAFA;border-top:0;border:1px solid #dedede;}
.comment_form iframe,.comment-form iframe{width:100%;max-height:250px;}
.comment-form p{padding:11px 14px;margin:10px;background-color:#FFFFE5;color:#333;font-size:12px;line-height:22px;border:1px solid #EDEDB1;}
.comment_reply_form > div{padding:10px;background-color:#FAFAFA;border:1px solid #F0F0F0;}
.comment_reply_form > div > p{margin:6px auto 15px;}
.comment_form > a:first-child{padding:10px;border-radius:4px;margin:10px;display:block;text-align:center;color:#fff;text-transform:uppercase;font-weight:700;font-size:14px;}
.nav_comtab{margin:10px 0 7px;}
.nav_comtab li{cursor:pointer;float:left;text-align:center;width:46.8%;padding:7px 10px 10px;color:#FFF;text-transform:uppercase;font-size:13px;-webkit-user-select:none;}
.nav_comtab li:nth-child(1){background:#F2802A;}
.nav_comtab li:nth-child(2){background:#1E89E4;}
.nav_comtab li .fa{display:inline-block;font-size:15px;}
.nav_comtab li h4{margin:0;}
/* Post Share in post */
.post-share-buttons{display:inline-block;margin-top:.5em;vertical-align:middle;}
.share-button{width:20px;height:20px;background:url(http://3.bp.blogspot.com/-derfRu8CYnw/UzKL_T532DI/AAAAAAAAbiQ/3Hs9hjRW_yQ/s1600/share_buttons_20_3.png) no-repeat left !important;overflow:hidden;margin-left:-1px;position:relative;}
.dummy-container{vertical-align:top;padding-left:.3em;}
a:hover.share-button{text-decoration:none;z-index:1;}
.share-button-link-text{display:block;text-indent:-9999px;}
.sb-email{background-position:0 0 !important;}
a:hover.sb-email{background-position:0 -20px !important;}
a:active.sb-email{background-position:0 -40px !important;}
.sb-blog{background-position:-20px 0 !important;}
a:hover.sb-blog{background-position:-20px -20px !important;}
a:active.sb-blog{background-position:-20px -40px !important;}
.sb-twitter{background-position:-40px 0 !important;}
a:hover.sb-twitter{background-position:-40px -20px !important;}
a:active.sb-twitter{background-position:-40px -40px !important;}.sb-facebook{background-position:-60px 0 !important;}a:hover.sb-facebook{background-position:-60px -20px !important;}
a:active.sb-facebook{background-position:-60px -40px !important;}
.sb-buzz{display:none !important;}
.sb-orkut{background-position:-80px 0 !important;margin-left:-5px;}
a:hover.sb-orkut{background-position:-80px -20px !important;}
a:active.sb-orkut{background-position:-80px -40px !important;}
.sb-pinterest{background-position:-100px 0 !important;margin-left:-5px;}
a:hover.sb-pinterest{background-position:-100px -20px !important;}
a:active.sb-pinterest{background-position:-100px -40px !important;}
.goog-inline-block{position:relative;display:inline-block;left:1px;}
*/]]></b:skin>
<b:if cond='data:blog.pageType != &quot;item&quot;'><b:if cond='data:blog.pageType != &quot;static_page&quot;'>
<style type='text/css'>/*<![CDATA[*/
div.thumbnail{float:left;margin-right:10px;position:relative;overflow:hidden;}
h2.entry-title{font:normal normal 15px Oswald;overflow:hidden;margin:3px 0 6px;}
h2.entry-title a{color:#3D3D3D;}
h2.entry-title a:hover{color:#6f5499;}
h1.entry-title{margin:5px 5px 15px;font-size:19px;line-height:20px;}
.post-footer{color:#999;font-size:12px;margin:5px 0;display:block;border-top:0;overflow:hidden;}
.post-footer i{font-weight:normal;padding-right:3px;}
.post-footer .fn,.post-footer .updated{margin-right:7px;}
.post-thumbnail{-webkit-border-radius:5px;-moz-border-radius:5px;border-radius:5px;}
.thumbnail a{font-size:0;}
.post{padding:5px;}
.thumbnail a:after{content:"";background:rgba(0, 0, 0, 0.2);height:100px;width:100px;position:absolute;z-index:100;top:0;left:-105px;-webkit-border-radius:5px;-moz-border-radius:5px;border-radius:5px;-webkit-transition:all .6s ease-in;-moz-transition:all .6s ease-in;-o-transition:all .6s ease-in;transition:all .6s ease-in;}
.thumbnail a:hover:before{content:"\f08e";font-family:Fontawesome;position:absolute;top:37px;left:-105px;z-index:120;color:#fff;font-size:16px;border:2px solid;padding:4px 5px 2px 5px;-webkit-border-radius:5px;-moz-border-radius:5px;border-radius:5px;-webkit-transition:all .6s ease-in;-moz-transition:all .6s ease-in;-o-transition:all .6s ease-in;transition:all .6s ease-in;}
.thumbnail a:hover:after{left:0px;}
.thumbnail a:hover:before{left:39px!important;}
.showpageArea{background:#fff;padding:10px;border-bottom:2px solid #DFDFDF;-webkit-box-shadow:0 0 2px rgba(0, 0, 0, 0.1);-moz-box-shadow:0 0 2px rgba(0, 0, 0, 0.1);box-shadow:0 0 2px rgba(0, 0, 0, 0.1);font-size:15px;}
.showpageArea .showpageOf{font-weight:700;margin-right:8px;font-size:13px;float:left;}
.showpageNum a,.showpagePoint,.showpage a{background:#6f5499;color:#fff;padding:4px 8px;-webkit-border-radius:3px;-moz-border-radius:3px;border-radius:3px;font-size:12px;margin:0 1px;}
.showpageNum a:hover{background:#977FBD;}
.showpagePoint{margin:0 3px;background:#977FBD;}
.showpage{float:right;}
.infobox{margin:0 0 15px;background:#fff;-webkit-box-shadow:0 0 2px rgba(0, 0, 0, 0.1);-moz-box-shadow:0 0 2px rgba(0, 0, 0, 0.1);box-shadow:0 0 2px rgba(0, 0, 0, 0.1);-webkit-border-radius:2px;-moz-border-radius:2px;border-radius:2px;}
.infobox .onhide{position:absolute;right:7px;top:10px;padding:3px 4px 0px 3px;-webkit-border-radius:100%;-moz-border-radius:100%;border-radius:100%;font-size:15px;font-weight:400;cursor:pointer;}
.infobox > span{color:#555;padding:10px;line-height:20px;display:block;}
.infobox ul{list-style:none;margin:0;padding:5px 8px;}
.infobox li{clear:both;margin:5px 0;}
.inf{padding:0px 5px;-webkit-border-radius:5px;-moz-border-radius:5px;border-radius:5px;font-size:10px;text-transform:uppercase;float:right;width:55px;text-align:center;color:#fff;font-weight:700;text-shadow:0 0 1px rgba(0, 0, 0, 0.1);cursor:pointer;-webkit-user-select:none;}
/*]]>*/</style></b:if></b:if>
<script src='http://ajax.googleapis.com/ajax/libs/jquery/1.7.2/jquery.min.js'/>
<script type='text/javascript'>//<![CDATA[
$(document).ready(function(){$(".infobox").show(),$(".onhide").click(function(){return $(".infobox").fadeOut(),!1}),$("#nav_header a").each(function(){this.href.trim()==window.location&&$(this).addClass("selected")})});//]]></script>
<style type='text/css'>
@media screen and (min-width:640px)and (max-width:1124px) {#outer-wrapper{width:95%;}#sidebar-wrapper{width:32%;}#main-wrapper{margin-right:1.3%;width:66%;}}
@media screen and (max-width:640px) {#main-wrapper{margin:5px auto 10px;width:100%;}#outer-wrapper{width:90%;}#sidebar-wrapper{width:100%;}.search-form input{padding:10px;}.submit-button{top:7px;font-size:13px;}h2.entry-title{font:normal normal 16px Oswald;text-transform:uppercase;}#footer .copyright,.sidebar h2,.sidebar h3{font-size:14px;}#nav_header input{display:block;}.navmo{display:block;padding:15px;padding-left:35px;font-weight:700;text-transform:uppercase;cursor:pointer;position:relative;background:#fff;box-shadow:0 0 2px rgba(0,0,0,0.1);-webkit-border-radius:2px;}#nav_header input{-webkit-appearance:none;position:absolute;width:100%;height:47px;top:0;left:0;margin:0;outline:0;z-index:10;cursor:pointer;}.navmo i{font-size:19px;padding-right:10px;position:absolute;top:8px;left:14px;}#nav_header input:checked ~ ul{display:block;margin-top:10px;}.navh{display:none;}#nav_header &gt; ul &gt; li{float:none;display:block;background-color:#fff;border-bottom:1px solid #ddd;}#nav_header &gt; ul &gt; li:hover{background-color:#6F5499;}#nav_header &gt; ul &gt; li:hover a{color:#fff;}#nav_header{background-color:transparent;box-shadow:inherit;}body{font-size:13px;}}
@media screen and (max-width:320px) {.thumbnail{float:none;margin:3px auto 7px;}.post-thumbnail{margin:auto;display:block;}.thumbnail a:hover:after{width:100%;}.thumbnail a:hover:before{left:42%!important;}.showpage{float:none;}.nav_comtab li{float:none;width:100%;}.fi{display:none;}.showpageOf{display:block;margin-bottom:5px;}.showpageNum a,.showpagePoint,.showpage a{display:inline-block;margin-bottom:3px;}}
</style>
<script type='text/javascript'>//<![CDATA[
function loadCSS(e,t,o){"use strict";var n=window.document.createElement("link"),i=t||window.document.getElementsByTagName("script")[0];n.rel="stylesheet",n.href=e,n.media="only x",i.parentNode.insertBefore(n,i),setTimeout(function(){n.media=o||"all"})}loadCSS("//maxcdn.bootstrapcdn.com/font-awesome/4.0.3/css/font-awesome.min.css"),loadCSS("//fonts.googleapis.com/css?family=Open+Sans:400,400italic,700|Oswald:400");//]]></script>
</head>
<body expr:class='&quot;loading&quot; + data:blog.mobileClass'>
<div id='fb-root'/>
<script type='text/javascript'>!function(e,n,t){var c,o=e.getElementsByTagName(n)[0];e.getElementById(t)||(c=e.createElement(n),c.id=t,c.async=!0,c.src=&quot;//connect.facebook.net/id_ID/sdk.js#xfbml=1&amp;version=v2.0&quot;,o.parentNode.insertBefore(c,o))}(document,&quot;script&quot;,&quot;facebook-jssdk&quot;);</script>
<div id='outer-wrapper'>
<header id='header'>
<b:section class='header' id='header_widget' maxwidgets='1' showaddelement='no'>
  <b:widget id='Header1' locked='true' title='Lab Frozen (Header)' type='Header'>
    <b:includable id='main'>
  <b:if cond='data:useImage'>
    <b:if cond='data:imagePlacement == &quot;BEHIND&quot;'>
      <!--
      Show image as background to text. You can't really calculate the width
      reliably in JS because margins are not taken into account by any of
      clientWidth, offsetWidth or scrollWidth, so we don't force a minimum
      width if the user is using shrink to fit.
      This results in a margin-width's worth of pixels being cropped. If the
      user is not using shrink to fit then we expand the header.
      -->
<b:if cond='data:mobile'>
<div id='header-inner'><div class='titlewrapper' style='background: transparent'><b:include name='title'/></div>
<b:include name='description'/></div>
<b:else/>
<div expr:style='&quot;background-image: url(\&quot;&quot; + data:sourceUrl + &quot;\&quot;); &quot;                        + &quot;background-position: &quot;                        + data:backgroundPositionStyleStr + &quot;; &quot;                        + data:widthStyleStr                        + &quot;min-height: &quot; + data:height                        + &quot;_height: &quot; + data:height                        + &quot;background-repeat: no-repeat; &quot;' id='header-inner'>
<div class='titlewrapper' style='background: transparent'>
<b:include name='title'/>
</div>
<b:include name='description'/>
</div>
</b:if>
<b:else/>
<!--Show the image only-->
<div id='header-inner'><a expr:href='data:blog.homepageUrl' style='display: block'><img expr:alt='data:title' expr:height='data:height' expr:id='data:widget.instanceId + &quot;_headerimg&quot;' expr:src='data:sourceUrl' expr:width='data:width' style='display: block'/></a>
<!--Show the description-->
<b:if cond='data:imagePlacement == &quot;BEFORE_DESCRIPTION&quot;'><b:include name='description'/></b:if>
</div>
</b:if>
<b:else/>
<!--No header image -->
<div id='header-inner'>
<b:if cond='data:blog.pageType != &quot;item&quot;'>
<b:if cond='data:blog.pageType == &quot;static_page&quot;'>
<h1 class='title'><b:include name='title'/></h1>
<b:else/>
<h1 class='title'><b:include name='title'/></h1>
</b:if>
<b:else/>
<h2 class='title'><b:include name='title'/></h2>
</b:if>
<b:include name='description'/>
</div>
</b:if>
</b:includable>
    <b:includable id='description'><p class='description'><span><data:description/></span></p></b:includable>
    <b:includable id='title'><a expr:href='data:blog.homepageUrl' expr:title='data:blog.title' itemprop='url'><span itemprop='name'><data:title/></span></a></b:includable>
  </b:widget>
</b:section>
<div class='clear'/>
</header>
<nav id='nav_header'>
<input type='checkbox'/>
<label class='navmo'><i>&#8801;</i> Menu</label>
<ul class='navh'>
<li><a expr:href='data:blog.homepageUrl'><span class='fa fa-home'/> Home</a></li>
<li><a href='/p/contact.html' title='Project'><span class='fa fa-folder-open'/> Project</a>
<ul class='dropdown'>
<li><a href='#'>Home</a></li>
<li><a href='#'>Home</a></li>
<li><a href='#'>Home</a></li>
</ul>
</li>
<li><a href='/p/blog-page.html' title='Staff'><span class='fa fa-user'/> Staff</a></li>
<li><a href='/p/archive.html' title='Recruitment'><span class='fa fa-globe'/> Recruitment</a></li>
<li><a href='/p/archive.html' title='IRC'><span class='fa fa-bullhorn'/> IRC</a></li>
</ul>
<span class='clear'/>
</nav>
<div id='content-wrapper'>
<div id='main-wrapper'>
<b:if cond='data:blog.pageType != &quot;static_page&quot;'><b:if cond='data:blog.pageType != &quot;item&quot;'>
<div class='infobox'>
<h3>List Summer Project 2014 <span class='fa fa-times onhide'/></h3>
<span>
<ul>
<li>Sabagebu! <span class='inf green'>Process</span></li>
<li>Hanayamata <span class='inf red'>Drop</span></li>
<li>Fate/kaleid liner Prisma&#9734;Illya 2wei!  <span class='inf orange'>Delay</span></li>
</ul>
</span>
</div>
</b:if></b:if>
<b:section class='main' id='main' showaddelement='no'>
  <b:widget id='Blog1' locked='true' title='Posting Blog' type='Blog'>
    <b:includable id='main' var='top'>
    <!-- posts -->
<div class='blog-posts hfeed'>
<b:include data='posts' name='breadcrumb'/>
<b:include data='top' name='status-message'/>
<data:defaultAdStart/>
<b:loop values='data:posts' var='post'>
<b:include data='post' name='post'/>
<b:if cond='data:blog.pageType == &quot;static_page&quot;'><b:include data='post' name='threaded_comments'/></b:if>
<b:if cond='data:blog.pageType == &quot;item&quot;'>
<div class='blog-pager' id='blog-pager'><b:if cond='data:newerPageUrl'><p class='linkers'><b>Newest Post:</b> <br/><a class='newer_link' expr:href='data:newerPageUrl' expr:id='data:widget.instanceId + &quot;_blog-pager-newer-link&quot;' expr:title='data:newerPageTitle'><data:newerPageTitle/></a></p></b:if><b:if cond='data:olderPageUrl'><p class='linkers'><b>Older Post:</b> <br/>
<a class='older_link' expr:href='data:olderPageUrl' expr:id='data:widget.instanceId + &quot;_blog-pager-older-link&quot;' expr:title='data:olderPageTitle'><data:olderPageTitle/></a></p></b:if><div class='clear'/></div>
<script type='text/javascript'>
$(document).ready(function(){
var olderLink = $(&quot;a.older_link&quot;).attr(&quot;href&quot;);
$(&quot;a.older_link&quot;).load(olderLink+&quot; .entry-title:first&quot;, function() {
var olderLinkTitle = $(&quot;a.older_link&quot;).text();
$(&quot;a.older_link&quot;).text(olderLinkTitle);//rgt
});
var newerLink = $(&quot;a.newer_link&quot;).attr(&quot;href&quot;);
$(&quot;a.newer_link&quot;).load(newerLink+&quot; .entry-title:first&quot;, function() {
var newerLinkTitle = $(&quot;a.newer_link:first&quot;).text();
$(&quot;a.newer_link&quot;).text(newerLinkTitle);
});
});
</script>
<b:include data='post' name='threaded_comments'/>
</b:if>
<b:if cond='data:post.includeAd'><b:if cond='data:post.isFirstPost'><data:defaultAdEnd/><b:else/><data:adEnd/></b:if>
<div class='inline-ad'><data:adCode/></div><data:adStart/>
</b:if>
<b:if cond='data:post.trackLatency'><data:post.latencyJs/></b:if>
</b:loop>
<data:adEnd/>
</div>
<!-- navigation -->
<b:if cond='data:blog.pageType != &quot;static_page&quot;'><b:if cond='data:blog.pageType != &quot;item&quot;'><b:include name='nextprev'/></b:if></b:if>
<div class='clear'/>
</b:includable>
    <b:includable id='backlinkDeleteIcon' var='backlink'/>
    <b:includable id='backlinks' var='post'/>
    <b:includable id='breadcrumb' var='posts'><b:if cond='data:blog.homepageUrl != data:blog.url'>
<b:if cond='data:blog.pageType == &quot;static_page&quot;'>
<div class='breadcrumbs'><span><a expr:href='data:blog.homepageUrl' rel='tag'>Home</a></span> &#187; <span><data:blog.pageName/></span></div>
<b:else/>
<b:if cond='data:blog.pageType == &quot;item&quot;'>
<!-- breadcrumb for the post page -->
<b:loop values='data:posts' var='post'>
<b:if cond='data:post.labels'>
<div class='breadcrumbs'>
<span typeof='v:Breadcrumb'><a expr:href='data:blog.homepageUrl' property='v:title' rel='v:url'>Home</a></span>
<b:loop values='data:post.labels' var='label'>
&#187; <span typeof='v:Breadcrumb'><a expr:href='data:label.url' property='v:title' rel='v:url'><data:label.name/></a></span>
</b:loop>
&#187; <span><data:post.title/></span>
</div>
<b:else/>
<div class='breadcrumbs'><span><a expr:href='data:blog.homepageUrl' rel='tag'>Home</a></span> &#187; <span>Unlabelled</span> &#187; <span><data:post.title/></span></div>
</b:if>
</b:loop>
<b:else/>
<b:if cond='data:blog.pageType == &quot;archive&quot;'>
<!-- breadcrumb for the label archive page and search pages.. -->
<div class='breadcrumbs'>
<span><a expr:href='data:blog.homepageUrl'>Home</a></span> &#187; <span>Archives for <data:blog.pageName/></span>
</div>
<b:else/>
<b:if cond='data:blog.pageType == &quot;index&quot;'>
<div class='breadcrumbs'>
<b:if cond='data:blog.pageName == &quot;&quot;'>
<span><a expr:href='data:blog.homepageUrl'>Home</a></span> &#187; <span>All posts</span>
<b:else/>
<span><a expr:href='data:blog.homepageUrl'>Home</a></span> &#187; <span>Posts filed under <data:blog.pageName/></span>
</b:if>
</div>
</b:if>
</b:if>
</b:if>
</b:if>
</b:if>
</b:includable>
    <b:includable id='comment-form' var='post'/>
    <b:includable id='commentDeleteIcon' var='comment'/>
    <b:includable id='comment_count_picker' var='post'/>
    <b:includable id='comment_picker' var='post'/>
    <b:includable id='comments' var='post'/>
    <b:includable id='feedLinks'/>
    <b:includable id='feedLinksBody' var='links'/>
    <b:includable id='iframe_comments' var='post'>
  <b:if cond='data:post.allowIframeComments'>
    <script expr:src='data:post.iframeCommentSrc' type='text/javascript'/>
    <div class='cmt_iframe_holder' expr:data-href='data:post.canonicalUrl' expr:data-viewtype='data:post.viewType'/>

    <b:if cond='data:post.embedCommentForm == &quot;false&quot;'>
      <a expr:href='data:post.addCommentUrl' expr:onclick='data:post.addCommentOnclick'><data:postCommentMsg/></a>
    </b:if>
  </b:if>
</b:includable>
    <b:includable id='mobile-index-post' var='post'/>
    <b:includable id='mobile-main' var='top'/>
    <b:includable id='mobile-nextprev'/>
    <b:includable id='mobile-post' var='post'/>
    <b:includable id='nextprev'>
<b:if cond='data:blog.pageType != &quot;item&quot;'><b:if cond='data:blog.pageType != &quot;static_page&quot;'><div class='blog-pager' id='blog-pager'>
<script type='text/javascript'>var pageNaviConf={perPage:5,numPages:5,firstText:&quot;First&quot;,lastText:&quot;Last&quot;,nextText:&quot;Next&quot;,prevText:&quot;Prev&quot;};
</script><script type='text/javascript'>//<![CDATA[
function pageNavi(o){var m=location.href,l=m.indexOf("/search/label/")!=-1,a=l?m.substr(m.indexOf("/search/label/")+14,m.length):"";a=a.indexOf("?")!=-1?a.substr(0,a.indexOf("?")):a;var g=l?"/search/label/"+a+"?updated-max=":"/search?updated-max=",k=o.feed.entry.length,e=Math.ceil(k/pageNaviConf.perPage);if(e<=1){return}var n=1,h=[""];l?h.push("/search/label/"+a+"?max-results="+pageNaviConf.perPage):h.push("/?max-results="+pageNaviConf.perPage);for(var d=2;d<=e;d++){var c=(d-1)*pageNaviConf.perPage-1,b=o.feed.entry[c].published.$t,f=b.substring(0,19)+b.substring(23,29);f=encodeURIComponent(f);if(m.indexOf(f)!=-1){n=d}h.push(g+f+"&max-results="+pageNaviConf.perPage)}pageNavi.show(h,n,e)}pageNavi.show=function(f,e,a){var d=Math.floor((pageNaviConf.numPages-1)/2),g=pageNaviConf.numPages-1-d,c=e-d;if(c<=0){c=1}endPage=e+g;if((endPage-c)<pageNaviConf.numPages){endPage=c+pageNaviConf.numPages-1}if(endPage>a){endPage=a;c=a-pageNaviConf.numPages+1}if(c<=0){c=1}var b='<span class="showpageOf">Pages '+e+' of '+a+"</span> ";if(c>1){b+='<span class="showpage"><a href="'+f[1]+'">'+pageNaviConf.firstText+"</a></span>"}if(e>1){b+='<span class="showpage"><a href="'+f[e-1]+'">'+pageNaviConf.prevText+"</a></span>"}for(i=c;i<=endPage;++i){if(i==e){b+='<span class="showpagePoint">'+i+"</span>"}else{b+='<span class="showpageNum"><a href="'+f[i]+'">'+i+"</a></span>"}}if(e<a){b+='<span class="showpage"><a href="'+f[e+1]+'">'+pageNaviConf.nextText+"</a></span>"}if(endPage<a){b+='<span class="showpage"><a href="'+f[a]+'">'+pageNaviConf.lastText+"</a></span>"}document.write(b)};(function(){var b=location.href;if(b.indexOf("?q=")!=-1||b.indexOf(".html")!=-1){return}var d=b.indexOf("/search/label/")+14;if(d!=13){var c=b.indexOf("?"),a=(c==-1)?b.substring(d):b.substring(d,c);document.write('<script type="text/javascript" src="/feeds/posts/summary/-/'+a+'?alt=json-in-script&callback=pageNavi&max-results=99999"><\/script>')}else{document.write('<script type="text/javascript" src="/feeds/posts/summary?alt=json-in-script&callback=pageNavi&max-results=99999"><\/script>')}})();
//]]></script><div class='clear'/></div>
</b:if></b:if>
<div class='clear'/>
</b:includable>
    <b:includable id='post' var='post'>
<article class='post hentry' itemscope='' itemtype='http://schema.org/BlogPosting'> 
<b:if cond='data:post.firstImageUrl'><meta expr:content='data:post.firstImageUrl' itemprop='image'/></b:if>
<b:if cond='data:blog.pageType == &quot;static_page&quot;'>
<a expr:id='data:post.id'/><b:if cond='data:post.title'><h1 class='entry-title' itemprop='name'><b:if cond='data:post.link'><a expr:href='data:post.link'><data:post.title/></a><b:else/><b:if cond='data:post.url'><b:if cond='data:blog.url != data:post.url'><a expr:href='data:post.url'><data:post.title/></a><b:else/><data:post.title/></b:if><b:else/><data:post.title/></b:if></b:if></h1></b:if>
<div class='post-body entry-content' expr:id='&quot;post-body-&quot; + data:post.id' itemprop='articleBody'><data:post.body/><div style='clear: both;'/></div>
<b:else/>
<b:if cond='data:blog.pageType != &quot;item&quot;'>
<div class='thumbnail'><b:if cond='data:post.thumbnailUrl'><script type='text/javascript'>//<![CDATA[
function bp_thumbnail_resize(image_url,post_title) {image_tag='<img class="post-thumbnail shine" src="'+image_url.replace('/s72-c/','/s100-c/')+'" alt="'+post_title+'" title="'+post_title+'"/>'; if(image_url!="") return image_tag; else return ""; }
//]]></script><a expr:href='data:post.url'><script type='text/javascript'>document.write(bp_thumbnail_resize(&quot;<data:post.thumbnailUrl/>&quot;,&quot;<data:post.title/>&quot;));</script></a><b:else/><a expr:href='data:post.url'><img class='post-thumbnail shine' expr:alt='data:post.title' expr:title='data:post.title' src='http://3.bp.blogspot.com/-Es1SxnXP39w/U1Jc1vFiCqI/AAAAAAAACOc/OGKmX4T2mmo/s100-c/no-image.jpg'/></a></b:if>
</div>
<div class='article'>
<a expr:id='data:post.id'/><b:if cond='data:post.title'><h2 class='entry-title' itemprop='name'><b:if cond='data:post.link'><a expr:href='data:post.link'><data:post.title/></a><b:else/><b:if cond='data:post.url'><b:if cond='data:blog.url != data:post.url'><a expr:href='data:post.url'><data:post.title/></a><b:else/><data:post.title/></b:if><b:else/><data:post.title/></b:if></b:if></h2></b:if>
<span class='vcard post-footer' expr:id='&quot;hcard- &quot; + data:blog.title'>
<i class='fa fa-user'/> <span class='fn' itemprop='author' itemscope='itemscope' itemtype='http://schema.org/Person'><span class='given-name' itemprop='name'><data:post.author/></span></span>
<i class='fa fa-calendar'/> 
<span class='updated' expr:title='&quot;Permalink to &quot; + data:post.title' rel='bookmark'>
<script type='text/javascript'>var timestamp=&quot;<data:post.timestamp/>&quot;;if(&quot;&quot;!=timestamp)var timesplit=timestamp.split(&quot;,&quot;),date_yyyy=timesplit[2],timesplit=timesplit[1].split(&quot; &quot;),date_dd=timesplit[2],date_mmm=timesplit[1].substring(0,3);</script><span class='day'><script type='text/javascript'>document.write(date_dd);</script></span> <span class='month'><script type='text/javascript'>document.write(date_mmm);</script></span> <span class='year'><script type='text/javascript'>document.write(date_yyyy);</script></span></span><i class='fa fa-comments'/><span class='comment-link' expr:href='data:post.addCommentUrl' expr:onclick='data:post.addCommentOnclick'><b:if cond='data:post.numComments == 1'>1 <data:top.commentLabel/><b:else/><data:post.numComments/> <data:top.commentLabelPlural/></b:if></span>
</span>
<div class='post-body entry-content' expr:id='&quot;post-body-&quot; + data:post.id' itemprop='description articleBody'><data:post.snippet/><div style='clear: both;'/></div>
</div>
</b:if> <!-- End Tag Cond Home -->
<b:if cond='data:blog.pageType == &quot;item&quot;'><style>#nav_header &gt; ul &gt; li:first-child{background:#6F5499;color:#FFF;}#nav_header &gt; ul &gt; li:first-child a{color:#FFF;}</style>
<a expr:id='data:post.id'/><b:if cond='data:post.title'><h1 class='entry-title' itemprop='name'><b:if cond='data:post.link'><a expr:href='data:post.link'><data:post.title/></a><b:else/><b:if cond='data:post.url'><b:if cond='data:blog.url != data:post.url'><a expr:href='data:post.url'><data:post.title/></a><b:else/><data:post.title/></b:if><b:else/><data:post.title/></b:if></b:if></h1></b:if>
<header class='post-header'>
<b:if cond='data:post.author == &quot;Zul fikar&quot;'>
<span class='fi'>
<img alt='zulfikar' src='http://2.bp.blogspot.com/-rO-e1Svbtz8/U_bqnuG1NNI/AAAAAAAACq0/3XHXaa19sy8/s100/avatar.png'/>
</span>
</b:if>
<span>Posted by </span><span class='fn' itemprop='author' itemscope='itemscope' itemtype='http://schema.org/Person'><span itemprop='name'><b><data:post.author/></b></span></span>
<span>on</span> <a class='timestamp-link' expr:href='data:post.url' rel='bookmark' title='permanent link'><abbr class='published' expr:title='data:post.timestampISO8601' itemprop='datePublished'><b><data:post.timestamp/></b></abbr></a> <span class='post-comment-link'> <b:if cond='data:post.allowComments'><span class='comment-link' expr:href='data:post.addCommentUrl' expr:onclick='data:post.addCommentOnclick' style='float:right;font-weight:bold;'><b:if cond='data:post.numComments == 1'>1 <data:top.commentLabel/><b:else/><data:post.numComments/> <data:top.commentLabelPlural/></b:if></span></b:if></span>
</header>
<div class='post-body entry-content' expr:id='&quot;post-body-&quot; + data:post.id' itemprop='articleBody'><data:post.body/><footer class='post-footer'><b>share this :</b><b:include data='post' name='shareButtons'/></footer><div style='clear: both;'/></div>
</b:if> <!-- End Tag Cond Page -->
</b:if> <!-- End Tag Cond Static -->
</article>
</b:includable>
    <b:includable id='postQuickEdit' var='post'/>
    <b:includable id='shareButtons' var='post'>
<div class='post-share-buttons goog-inline-block'>
<a class='goog-inline-block share-button sb-email' expr:href='&quot;http://www.blogger.com/share-post.g?blogID=&quot; + data:blog.blogId + &quot;&amp;amp;postID=&quot;+ data:post.id + &quot;&amp;amp;target=email&quot;' target='_blank' title='Email This'><span class='share-button-link-text'>Email This</span></a><a class='goog-inline-block share-button sb-blog' expr:href='&quot;http://www.blogger.com/share-post.g?blogID=&quot; + data:blog.blogId + &quot;&amp;amp;postID=&quot;+ data:post.id + &quot;&amp;amp;target=blog&quot;' onclick='window.open(this.href, &quot;_blank&quot;, &quot;height=270,width=475&quot;); return false;' target='_blank' title='BlogThis!'><span class='share-button-link-text'>BlogThis!</span></a><a class='goog-inline-block share-button sb-twitter' expr:href='&quot;http://www.blogger.com/share-post.g?blogID=&quot; + data:blog.blogId + &quot;&amp;amp;postID=&quot;+ data:post.id + &quot;&amp;amp;target=twitter&quot;' target='_blank' title='Share to Twitter'><span class='share-button-link-text'>Share to Twitter</span></a><a class='goog-inline-block share-button sb-facebook' expr:href='&quot;http://www.blogger.com/share-post.g?blogID=&quot; + data:blog.blogId + &quot;&amp;amp;postID=&quot;+ data:post.id + &quot;&amp;amp;target=facebook&quot;' onclick='window.open(this.href, &quot;_blank&quot;, &quot;height=430,width=640&quot;); return false;' target='_blank' title='Share to Facebook'><span class='share-button-link-text'>Share to Facebook</span></a>
<a class='goog-inline-block share-button sb-orkut' expr:href='&quot;http://www.blogger.com/share-post.g?blogID=&quot; + data:blog.blogId + &quot;&amp;amp;postID=&quot;+ data:post.id + &quot;&amp;amp;target=orkut&quot;' target='_blank' title='Share to Orkut'><span class='share-button-link-text'>Share to Orkut</span></a>
<a class='goog-inline-block share-button sb-pinterest' expr:href='&quot;http://www.blogger.com/share-post.g?blogID=&quot; + data:blog.blogId + &quot;&amp;amp;postID=&quot;+ data:post.id + &quot;&amp;amp;target=pinterest&quot;' target='_blank' title='Share to Pinterest'><span class='share-button-link-text'>Share to Pinterest</span></a><div class='goog-inline-block dummy-container'><div class='g-plusone' data-size='medium'/></div>
</div>
</b:includable>
    <b:includable id='status-message'>
  <b:if cond='data:navMessage'>
  <div class='status-msg-wrap'>
      <data:navMessage/>
  </div>
  <div style='clear: both;'/>
  </b:if>
</b:includable>
    <b:includable id='threaded-comment-form' var='post'>
  <div class='comment-form'>
    <a id='comment-form'/>
    <b:if cond='data:mobile'>
      <p><data:blogCommentMessage/></p>
      <data:blogTeamBlogMessage/>
      <b:if cond='data:blog.pageType == &quot;static_page&quot;'>
    <a expr:href='&quot;http://www.blogger.com/comment-iframe.g?blogID=&quot; + data:blog.blogId + &quot;&amp;amp;pageID=&quot; + data:post.id' id='comment-editor-src'/>
</b:if>
<b:if cond='data:blog.pageType == &quot;item&quot;'>
    <a expr:href='&quot;http://www.blogger.com/comment-iframe.g?blogID=&quot; + data:blog.blogId + &quot;&amp;amp;postID=&quot; + data:post.id' id='comment-editor-src'/>
</b:if>
      <iframe class='blogger-iframe-colorize blogger-comment-from-post' height='410' id='comment-editor' name='comment-editor'/>
    <b:else/>
      <p><data:blogCommentMessage/></p>
      <data:blogTeamBlogMessage/>
      <b:if cond='data:blog.pageType == &quot;static_page&quot;'>
    <a expr:href='&quot;http://www.blogger.com/comment-iframe.g?blogID=&quot; + data:blog.blogId + &quot;&amp;amp;pageID=&quot; + data:post.id' id='comment-editor-src'/>
</b:if>
<b:if cond='data:blog.pageType == &quot;item&quot;'>
    <a expr:href='&quot;http://www.blogger.com/comment-iframe.g?blogID=&quot; + data:blog.blogId + &quot;&amp;amp;postID=&quot; + data:post.id' id='comment-editor-src'/>
</b:if>
      <iframe class='blogger-iframe-colorize blogger-comment-from-post' height='410' id='comment-editor' name='comment-editor'/>
    </b:if>
    <data:post.friendConnectJs/>
    <data:post.cmtfpIframe/>
    <script type='text/javascript'>
      BLOG_CMT_createIframe(&#39;<data:post.appRpcRelayPath/>&#39;, &#39;<data:post.communityId/>&#39;);
    </script>
  </div>
</b:includable>
    <b:includable id='threaded_comment_js' var='post'/>
    <b:includable id='threaded_comments' var='post'>
<script type='text/javascript'>//<![CDATA[
function commentToggle(o){$(".com-tab").addClass("off-comtab"),$(o).removeClass("off-comtab"),$(".com-page").hide(),$(o+"_page").show()}//]]></script>
<nav class='nav_comtab'><ul><li class='com-tab' id='blogcom' onclick='javascript:commentToggle(&quot;#blogcom&quot;);'><i class='fa fa-comments'/> <h4>Blogger Comments</h4></li><li class='com-tab off-comtab' id='disqcom' onclick='javascript:commentToggle(&quot;#disqcom&quot;);'><i class='fa fa-comments'/> <h4>Disqus Comments</h4></li></ul><div class='clear'/></nav>
<div id='thd_com'><div class='com-page' id='blogcom_page'>
<div class='comments' id='comments'><b:if cond='data:post.allowComments'><h4 class='comment_h4'> <i class='fa fa-comments'/> <b:if cond='data:post.numComments == 0'> <span itemprop='interactionCount'>0</span> Comments for &quot;<data:blog.pageName/>&quot;</b:if> <b:if cond='data:post.numComments == 1'> <span itemprop='interactionCount'>1</span> Comments for &quot;<data:blog.pageName/>&quot; </b:if> <b:if cond='data:post.numComments &gt; 1'> <span itemprop='interactionCount'><data:post.numComments/></span> Comments for &quot;<data:blog.pageName/>&quot; </b:if> </h4><div class='clear'/><div class='comment_form'><b:if cond='data:post.embedCommentForm'><b:if cond='data:post.allowNewComments'><b:include data='post' name='threaded-comment-form'/><b:else/><data:post.noNewCommentsText/></b:if><b:else/><b:if cond='data:post.allowComments'><a expr:href='data:post.addCommentUrl' expr:onclick='data:post.addCommentOnclick' expr:title='data:postCommentMsg'><data:postCommentMsg/></a></b:if></b:if></div><div class='clear'/><div id='comment_block'><b:loop values='data:post.comments' var='comment'><div data-level='0' expr:class='data:comment.adminClass' expr:id='data:comment.anchorName'><b:if cond='data:comment.isDeleted'><span class='deleted-comment'><data:comment.body/> - <a class='comment_hapus' expr:href='&quot;http://www.blogger.com/delete-comment.g?blogID=&quot; + data:blog.blogId + &quot;&amp;amp;postID=&quot; + data:comment.id' expr:title='data:top.deleteCommentMsg'>Hapus</a></span><b:else/>
<b:if cond='data:post.adminClass == data:comment.adminClass'>&lt;div class=&#39;comment_inner comment_admin&#39;&gt; <b:else/>&lt;div class=&#39;comment_inner&#39;&gt; </b:if><div class='comment_avatar'><img alt='avatar' expr:src='data:comment.authorAvatarSrc' expr:title='data:comment.author'/></div>
<div class='comment_body'><div class='cm_head'><b:if cond='data:comment.authorUrl'><a class='cm_user' expr:href='data:comment.authorUrl' expr:title='data:comment.author' rel='nofollow' target='_blank'><data:comment.author/></a><b:else/><b><data:comment.author/></b></b:if><b:if cond='data:comment.author == data:post.author'><i class='fa fa-user'/></b:if> <a expr:href='data:comment.url' rel='nofollow' title='Permalink'><span class='comment_date'><data:comment.timestamp/></span></a></div><p><data:comment.body/></p></div><div class='comment_opsi'> <a class='comment_reply' expr:href='&quot;#r_&quot;+data:comment.anchorName' expr:id='&quot;r&quot;+data:comment.anchorName' onclick='javascript:Display_Reply_Form(this)' title='Balas'>Reply</a> &#183; <a class='comment-delete' expr:href='&quot;http://www.blogger.com/delete-comment.g?blogID=&quot; + data:blog.blogId + &quot;&amp;amp;postID=&quot; + data:comment.id' expr:title='data:top.deleteCommentMsg'>Delete</a></div><div class='clear'/>&lt;/div&gt; <div class='clear'/><div class='comment_child'/><div class='comment_reply_form' expr:id='&quot;r_f_&quot;+data:comment.anchorName'/></b:if></div></b:loop></div><b:if cond='data:post.commentPagingRequired'><div class='clear'/><span class='paging-control-container'><a expr:class='data:post.oldLinkClass' expr:href='data:post.oldestLinkUrl'><data:post.oldestLinkText/></a>&#160; <a expr:class='data:post.oldLinkClass' expr:href='data:post.olderLinkUrl'><data:post.olderLinkText/></a>&#160; <data:post.commentRangeText/>&#160; <a expr:class='data:post.newLinkClass' expr:href='data:post.newerLinkUrl'><data:post.newerLinkText/></a>&#160; <a expr:class='data:post.newLinkClass' expr:href='data:post.newestLinkUrl'><data:post.newestLinkText/></a></span></b:if></b:if></div>
<script type='text/javascript'>//<![CDATA[
if (typeof(jQuery) == 'undefined') {document.write("<scr" + "ipt type=\"text/javascript\" src=\"http://ajax.googleapis.com/ajax/libs/jquery/1.7.1/jquery.min.js\"></scr" + "ipt>");}
//]]></script><script async='async' expr:src='data:post.commentSrc' type='text/javascript'/><script type='text/javascript'>   
<b:if cond='data:post.numComments != 0'>
var Items = <data:post.commentJso/>;
var Msgs = <data:post.commentMsgs/>;
var Config = <data:post.commentConfig/>;
<b:else/>
var Items = {};
var Msgs = {};
var Config = {&#39;maxThreadDepth&#39;:&#39;0&#39;};
</b:if>
//<![CDATA[
Config.maxThreadDepth = 2; 
var Cur_Cform_Hdr='.comment_form';var Cur_Cform_Url=$('#comment-editor').attr('src');function trim(a){var b=' \n\r\t\f\x5b\x5d\x7c\x7d\x3c\x3e\x0b\xa0\u2000\u2001\u2002\u2003\u2004\u2005\u2006\u2007\u2008\u2009\u200a\u200b\u2028\u2029\u3000';for(var i=0;i<a.length;i++){if(b.indexOf(a.charAt(i))!=-1){a=a.substring(0,i);break}}return a}$('.comment_wrap .comment_body p').html(function(i,h){temp=h.toLowerCase();index=temp.indexOf('@<a href="#c');if(index!=-1){index_tail=temp.indexOf('</a>',index);if(index_tail!=-1){h=h.substring(0,index)+h.substring(index_tail+4)}}return h});function Valid_Par_Id(a){r=a.indexOf('c');if(r!=-1)a=a.substring(r+1);return a}function Cform_Ins_ParID(a){a='&parentID='+a+'#%7B';n_cform_url=Cur_Cform_Url.replace(/#%7B/,a);return n_cform_url}function Reset_Comment_Form(){html=$(Cur_Cform_Hdr).html();$(Cur_Cform_Hdr).html('');Cur_Cform_Hdr='.comment_form';$(Cur_Cform_Hdr).html(html);$('#comment-editor').attr('src',Cur_Cform_Url)}function Display_Reply_Form(e){par_id=$(e).attr('id');par_id=Valid_Par_Id(par_id);html=$(Cur_Cform_Hdr).html();if(Cur_Cform_Hdr=='.comment_form'){reset_html='<a href="#origin_cform" onclick="Reset_Comment_Form()">'+Msgs.addComment+'</a><a name="origin_cform"/>';$(Cur_Cform_Hdr).html(reset_html)}else{$(Cur_Cform_Hdr).html('')}Cur_Cform_Hdr='#r_f_c'+par_id;$(Cur_Cform_Hdr).html(html);$('#comment-editor').attr('src',Cform_Ins_ParID(par_id))}cur_url=window.location.href;search_formid='#comment-form_';search_index=cur_url.indexOf(search_formid);if(search_index!=-1){ret_id=cur_url.substring(search_index+search_formid.length);Display_Reply_Form('#rc'+ret_id)}for(var i=0;i<Items.length;i++){if('parentId'in Items[i]){var par_id=Items[i].parentId;var par_level=parseInt($('#c'+par_id+':first').attr('data-level'));$('#c'+par_id+' .comment_child:first').html(function(a,b){var c=Items[i].id;if(par_level>=Config.maxThreadDepth){$('#c'+c+':first .comment_reply').remove()}var d=$('#c'+c+':first').html();d='<div class="comment_wrap" id="c'+c+'" data-level="'+(par_level+1)+'">'+d+'</div>';$('#c'+c).remove();return(b+d)})}}var avatar=$("#comments");avatar.find('.comment_avatar img').each(function(){var a=$(this).attr('src');$(this).show().attr('src',a.replace(/\/s[0-9]+(\-c)?\//,"/s50-c/"))});
//]]>
</script>
<div class='clear'/></div>
<div class='comments com-page' id='disqcom_page' style='display:none;'>
<div id='disqus_thread'/>
<script type='text/javascript'>//<![CDATA[
/* * * CHANGE animeapps with your SHORTNAME DISQUS * * */
var disqus_shortname = 'animeapps';
!function(){var e=document.createElement("script");e.type="text/javascript",e.async=!0,e.src="//"+disqus_shortname+".disqus.com/embed.js",(document.getElementsByTagName("head")[0]||document.getElementsByTagName("body")[0]).appendChild(e)}();
//]]>
</script>
<noscript>Please enable JavaScript to view the <a href='https://disqus.com/?ref_noscript' rel='nofollow'>comments powered by Disqus.</a></noscript>
<div class='clear'/></div>
<div class='clear'/></div>
</b:includable>
  </b:widget>
</b:section>
</div>
<aside id='sidebar-wrapper'>
<form class='search-form' expr:action='data:blog.homepageUrl + &quot;search&quot;'>
<input name='q' onblur='if (this.value == &quot;&quot;) {this.value = &quot;Search your any keyword&quot;;}' onfocus='if (this.value == &quot;Search your any keyword&quot;) {this.value = &quot;&quot;}' type='text' value='Search your any keyword'/>
<button class='submit-button' type='submit'><i class='fa fa-search'/></button>
</form>
<b:section class='sidebar' id='sidebar' preferred='yes'>
  <b:widget id='Label1' locked='false' title='Labels' type='Label'>
    <b:includable id='main'>
  <b:if cond='data:title'>
    <h2><data:title/></h2>
  </b:if>
  <div expr:class='&quot;widget-content &quot; + data:display + &quot;-label-widget-content&quot;'>
    <b:if cond='data:display == &quot;list&quot;'>
      <ul>
      <b:loop values='data:labels' var='label'>
        <li>
          <b:if cond='data:blog.url == data:label.url'>
            <span expr:dir='data:blog.languageDirection'><data:label.name/></span>
          <b:else/>
            <a expr:dir='data:blog.languageDirection' expr:href='data:label.url'><data:label.name/></a>
          </b:if>
          <b:if cond='data:showFreqNumbers'>
            <span dir='ltr'>(<data:label.count/>)</span>
          </b:if>
        </li>
      </b:loop>
      </ul>
    <b:else/>
      <b:loop values='data:labels' var='label'>
        <span expr:class='&quot;label-size label-size-&quot; + data:label.cssSize'>
          <b:if cond='data:blog.url == data:label.url'>
            <span expr:dir='data:blog.languageDirection'><data:label.name/></span>
          <b:else/>
            <a expr:dir='data:blog.languageDirection' expr:href='data:label.url'><data:label.name/></a>
          </b:if>
          <b:if cond='data:showFreqNumbers'>
            <span class='label-count' dir='ltr'>(<data:label.count/>)</span>
          </b:if>
        </span>
      </b:loop>
    </b:if>
    <b:include name='quickedit'/>
  </div>
</b:includable>
  </b:widget>
  <b:widget id='BlogArchive1' locked='false' title='Blog Archive' type='BlogArchive'>
    <b:includable id='main'>
  <b:if cond='data:title'>
    <h2><data:title/></h2>
  </b:if>
  <div class='widget-content'>
  <div id='ArchiveList'>
  <div expr:id='data:widget.instanceId + &quot;_ArchiveList&quot;'>
    <b:if cond='data:style == &quot;HIERARCHY&quot;'>
     <b:include data='data' name='interval'/>
    </b:if>
    <b:if cond='data:style == &quot;FLAT&quot;'>
      <b:include data='data' name='flat'/>
    </b:if>
    <b:if cond='data:style == &quot;MENU&quot;'>
      <b:include data='data' name='menu'/>
    </b:if>
  </div>
  </div>
  <b:include name='quickedit'/>
  </div>
</b:includable>
    <b:includable id='flat' var='data'>
  <ul class='flat'>
    <b:loop values='data:data' var='i'>
      <li class='archivedate'>
        <a expr:href='data:i.url'><data:i.name/></a> (<data:i.post-count/>)
      </li>
    </b:loop>
  </ul>
</b:includable>
    <b:includable id='interval' var='intervalData'>
  <b:loop values='data:intervalData' var='i'>
      <ul class='hierarchy'>
        <li expr:class='&quot;archivedate &quot; + data:i.expclass'>
          <b:include data='i' name='toggle'/>
          <a class='post-count-link' expr:href='data:i.url'><data:i.name/></a>
            <span class='post-count' dir='ltr'>(<data:i.post-count/>)</span>
          <b:if cond='data:i.data'>
            <b:include data='i.data' name='interval'/>
          </b:if>
          <b:if cond='data:i.posts'>
            <b:include data='i.posts' name='posts'/>
          </b:if>
        </li>
      </ul>
  </b:loop>
</b:includable>
    <b:includable id='menu' var='data'>
  <select expr:id='data:widget.instanceId + &quot;_ArchiveMenu&quot;'>
    <option value=''><data:title/></option>
    <b:loop values='data:data' var='i'>
      <option expr:value='data:i.url'><data:i.name/> (<data:i.post-count/>)</option>
    </b:loop>
  </select>
</b:includable>
    <b:includable id='posts' var='posts'>
  <ul class='posts'>
    <b:loop values='data:posts' var='i'>
      <li><a expr:href='data:i.url'><data:i.title/></a></li>
    </b:loop>
  </ul>
</b:includable>
    <b:includable id='toggle' var='interval'>
  <b:if cond='data:interval.toggleId'>
  <b:if cond='data:interval.expclass == &quot;expanded&quot;'>
    <a class='toggle' href='javascript:void(0)'>
      <span class='zippy toggle-open'>&#9660;&#160;</span>
    </a>
  <b:else/>
    <a class='toggle' href='javascript:void(0)'>
      <span class='zippy'>
        <b:if cond='data:blog.languageDirection == &quot;rtl&quot;'>
          &#9668;&#160;
        <b:else/>
          &#9658;&#160;
        </b:if>
      </span>
    </a>
  </b:if>
 </b:if>
</b:includable>
  </b:widget>
  <b:widget id='Profile2' locked='false' title='About Me' type='Profile'>
    <b:includable id='main'>
    <b:if cond='data:title != &quot;&quot;'>
      <h2><data:title/></h2>
    </b:if>
    <div class='widget-content'>
    <b:if cond='data:team == &quot;true&quot;'> <!-- team blog profile -->
      <ul>
        <b:loop values='data:authors' var='i'>
          <li><a class='profile-name-link g-profile' expr:href='data:i.userUrl' expr:style='&quot;background-image: url(&quot; + data:i.profileLogo + &quot;);&quot;'><data:i.display-name/></a></li>
        </b:loop>
      </ul>

    <b:else/> <!-- normal blog profile -->

      <b:if cond='data:photo.url != &quot;&quot;'>
        <a expr:href='data:userUrl'><img class='profile-img' expr:alt='data:photo.alt' expr:height='data:photo.height' expr:src='data:photo.url' expr:width='data:photo.width'/></a>
      </b:if>

      <dl class='profile-datablock'>
        <dt class='profile-data'>
          <a class='profile-name-link g-profile' expr:href='data:userUrl' expr:style='&quot;background-image: url(&quot; + data:profileLogo + &quot;);&quot;' rel='author'>
            <data:displayname/>
          </a>
          <b:if cond='data:hasgoogleprofile'>
            <br/>
            <div class='g-follow' data-annotation='bubble' data-height='20' expr:data-href='data:userUrl'/>
          </b:if>
        </dt>

        <b:if cond='data:showlocation == &quot;true&quot;'>
          <dd class='profile-data'><data:location/></dd>
        </b:if>

        <b:if cond='data:aboutme != &quot;&quot;'><dd class='profile-textblock'><data:aboutme/></dd></b:if>
      </dl>
      <a class='profile-link' expr:href='data:userUrl' rel='author'><data:viewProfileMsg/></a>
    </b:if>

     <b:include name='quickedit'/>
    </div>
  </b:includable>
  </b:widget>
</b:section>
</aside>
<div class='clear'/>
</div><!-- END CONTENT -->
<footer id='footer'>
<p class='copyright'><a expr:href='data:blog.homepageUrl'><data:blog.title/></a> &#169; 2014, All Right Reverses<br/> Shared By <a href='http://waytemplates.blogspot.com/'>Way Templates</a></p>
<div class='clear'/>
</footer>
<div class='clear'/>
</div><!-- END OUTER -->
</body>
</html>