<?xml version="1.0" encoding="UTF-8" ?>
<!DOCTYPE html PUBLIC "-//W3C//DTD XHTML 1.0 Strict//EN" "http://www.w3.org/TR/xhtml1/DTD/xhtml1-strict.dtd">
<html expr:dir='data:blog.languageDirection' xmlns='http://www.w3.org/1999/xhtml' xmlns:b='http://www.google.com/2005/gml/b' xmlns:data='http://www.google.com/2005/gml/data' xmlns:expr='http://www.google.com/2005/gml/expr' xmlns:og='http://ogp.me/ns#'>
  <head>
<link href='http://fonts.googleapis.com/css?family=Open+Sans:400italic,400,300,600,700,800' rel='stylesheet' type='text/css'/>
<b:include data='blog' name='all-head-content'/>
<b:if cond='data:blog.url == data:blog.homepageUrl'>
</b:if>
<b:if cond='data:blog.pageType == &quot;index&quot;'>
<title><data:blog.pageTitle/></title> 
<b:else/>
<title><data:blog.pageName/> ~ <data:blog.title/></title>
</b:if>
    <b:skin><![CDATA[
/*
/********************************
/////////////////////////////////////////////////////////
//                                                     //
//  Template Version: 1.0 //
//  Theme: Gagbox v1.0 //
//  Designer: Syed Faizan Ali //
//  Company:Templateism
//  All rights are Strictly Reserved  //
//                                                     //
/////////////////////////////////////////////////////////
********************************/

/* PRO Admin Panel */
body#layout ul {
    list-style-type: none;
    list-style: none;
}

body#layout ul li {
    list-style-type: none;
    list-style: none;
}

body {
    background: #FFFFFF;
    color: #555555;
    font-family: open sans;
    font-size: 13px;
    margin: 0px;
    padding: 0px;
}

a:link,a:visited {
    color: #E9503E;
    text-decoration: underline;
    outline: none;
}

a:hover {
    color: #FE7C6D;
    text-decoration: none;
    outline: none;
}

a img {
    border-width: 0;
}

#body-wrapper {
    margin: 0px;
    padding: 0px;
}

/* Head Wrap */
#header-wrapper {
    width: 970px;
    margin: 0px auto 0px;
}

#header-inner {
    background-position: center;
    margin-left: auto;
    margin-right: auto;
}

#header {
    margin: 0;
    border: 0 solid #cccccc;
    color: #666666;
    float: left;
    overflow: hidden;
    margin-right: 30px;
}

a {
    transition: all 0.2s ease 0s;
}

#header h1 {
    font-family: open sans;
    text-transform: uppercase;
    font-size: 21px;
    font-weight: bold;
    color: #000;
}

#header .description {
    padding-left: 7px;
    color: #374142;
    line-height: 14px;
    font-size: 14px;
    padding-top: 0px;
    margin-top: 10px;
    font-family: Arial,Helvetica,Sans-serif;
}

#header h1 a,#header h1 a:visited {
    color: #000;
    text-decoration: none;
}

#header h2 {
    padding-left: 5px;
    color: #374142;
    font: 14px Arial,Helvetica,Sans-serif;
}

#header2 {
    float: right;
    width: 51%;
    margin-right: 0px;
    padding-right: 0px;
    overflow: hidden;
}

#header2 .widget {
    padding: 0px 0px 0px 0px;
    float: right;
}


/* Outer-Wrapper */
#outer-wrapper {
    width: 970px;
    margin: 0px auto 0px;
    padding: 0px;
    text-align: left;
    background: #FFFFFF;
}

#content-wrapper {
    background: #fff;
    float: left;
    width: 100%;
}

#main-wrapper {
    width: 477px;
    float: left;
    margin: 0px;
    padding: 0px 0px 0px 0px;
    word-wrap: break-word;
    overflow: hidden;
}

#feature-wrapper {
    float: left;
}

#rsidebar-wrapper {
    width: 300px;
    float: right;
    padding: 0px 0px 0px 0px;
    word-wrap: break-word;
    overflow: hidden;
    margin-top: 15px;
}

/* Posts */
.post h2 a {
    float: left;
    font-family: open sans;
    color: #000;
    text-decoration: none;
    font-weight: bold;
    letter-spacing: -0.8px;
    font-size: 23px;
}

.post h2 {
    float: left;
    margin-top: 0px;
    width: 100%;
}

h2.date-header {
    margin: 1.5em 0 .5em;
    display: none;
}

.wrapfullpost {
}

.post {
    margin-bottom: 15px;
}

.post-body {
color: #555555;
font-family: 'Open Sans', sans-serif;
font-size: 14px;
line-height: 20.15625px;
}

.post-footer {
    margin: 5px 0;
}

/* SidebarWrapper */
.sidebar {
    margin: 0 0 10px 0;
    font-size: 13px;
    color: #374142;
}

.sidebar a {
    text-decoration: none;
    color: #374142;
}

.sidebar a:hover {
    text-decoration: none;
    color: #F95C49;
}

.sidebar ul {
    list-style-type: none;
    list-style: none;
    margin: 0px;
    padding: 0px;
}

.sidebar ul li {
    padding: 0 0 9px 0;
    margin: 0 0 8px 0;
}

.sidebar .widget {
    margin: 0 0 15px 0;
    padding: 0;
    color: #374142;
    font-size: 13px;
}

.main .widget {
    margin: 0 0 5px;
    padding: 0 0 2px;
}

.main .Blog {
    border-bottom-width: 0;
}

/* Search */
#block-search-form {
    float: left;
    padding: 20px 0 0 20px;
}

#block-search-form .form-text {
    margin: 0;
    line-height: 20px;
    height: 20px;
    padding: 4px 4px 4px 30px;
    width: 150px;
    border: none;
    color: #222;
    width: 0px;
    background: url(http://1.bp.blogspot.com/-VGZpKbwu3Js/UnDmhwnjL8I/AAAAAAAAArE/7IGQwi3RiWQ/s1600/icon-search-headbar-white.png) 0 -30px no-repeat;
    background-size: 30px;
    -webkit-transition: width .3s ease-out;
    cursor: text;
}

#block-search-form .form-text:focus {
    background: #fff url(http://1.bp.blogspot.com/-VGZpKbwu3Js/UnDmhwnjL8I/AAAAAAAAArE/7IGQwi3RiWQ/s1600/icon-search-headbar-white.png) 0 -30px no-repeat;
    border: #d2d2d2
background-size: 30px;
    width: 150px;
    border: 1px solid #ddd;
    border-color: #bbb;
}

.searchslide {
    float: right;
    margin-top: 8px;
}

#block-search-form .form-submit {
    display: none;
}

.feature,#block-views-featured-block {
    height: 400px;
    width: 100%;
    overflow: hidden;
    position: fixed;
    background: #000;
    left: 0;
    top: 180px;
    z-index: 1;
    text-align: center;
}

#block-search-form {
    padding: 0;
}

/* Pager */

#blog-pager-newer-link {
    float: $startSide;
}

#blog-pager-older-link {
    float: $endSide;
}

#blog-pager {
    text-align: center;
}

.feed-links {
    clear: both;
    line-height: 2.5em;
}

/* MISC */
#navbar-iframe {
    height: 0;
    visibility: hidden;
    display: none;
}

#header-wrapper-wrp {
    height: 45px;
    background: #f4f4f4;
    border-bottom: 1px solid #d2d2d2;
    position: fixed;
    width: 100%;
    z-index: 1;
}

#header-inner {
    float: left;
    height: 28px;
    margin-top: 8px;
}

.menu-secondary-container {
    float: left;
    margin-top: 16px;
}

#abt-random a {
    background: url(http://4.bp.blogspot.com/-yKl6Db6f2SE/Um0CGRm6CPI/AAAAAAAAApI/MKg0rKveKAw/s1600/random.gif) no-repeat;
    width: 41px;
    height: 18px;
    float: left;
}

.radomebutton {
    float: right;
    margin-top: 13px;
    margin-left: 20px;
}

.sumbitmore a {
    float: right;
    text-transform: uppercase;
    font-family: open sans;
    text-decoration: none;
    padding: 5px;
    padding-left: 10px;
    padding-right: 10px;
    background: #ff370f;
    color: #fff;
    font-weight: 700;
    margin-top: 9px;
}

.sumbitmore {
    float: right;
    margin-left: 25px;
}

.more {
    background: url(http://4.bp.blogspot.com/-TaXiDIjIwf4/Um0ImSWRDBI/AAAAAAAAApY/wtHq3-ndgdA/s1600/arrow.gif) no-repeat left;
    background-position: 45px 2px;
}

.ads-wrapper-post {
    padding-top: 10px;
    margin-top: 45px;
    width: 99.9%;
    padding-bottom: 7px;
    background: #FFFFFF;
    float: left;
}

#ads-wrapper-post {
    width: 980px;
    margin: auto;
}

#socialwrap {
    float: left;
    width: 100%;
    height: 35px;
    border-top: 1px solid #d2d2d2;
    border-bottom: 1px solid #d2d2d2;
}

.socialb {
    width: 970px;
    margin: auto;
}

.tagline {
    float: left;
    margin-top: 9px;
    margin-bottom: 9px;
    font-family: open sans;
    font-style: italic;
}

.social-love {
    float: right;
    margin-top: 8px;
}

.social-love ul {
    margin: 0px;
    padding: 0px;
}

.social-love li {
    display: block;
    float: left;
    margin-left: 20px;
}

.sidebar h2 {
    font-family: open sans;
    font-size: 14px;
    text-transform: uppercase;
    font-weight: bold;
    color: #ff370f;
    margin: 0 0 20px 0;
    margin-bottom: 15px;
}

.feed-links {
    display: none;
}

.post-body img {
    max-width: 460px;
    height: auto;
}

.facebook_b {
    float: left;
    width: 48px;
    margin-right: 10px;
}

.twitter_b {
    float: left;
    margin-right: 10px;
}

.plus_b {
    float: left;
    margin-left: 10px;
}

#buttoners {
    float: left;
    width: 460px;
    border-top: 1px solid #d2d2d2;
    border-bottom: 1px solid #d2d2d2;
    height: 61px;
    padding-top: 10px;
    padding-bottom: 12px;
    margin-top: 10px;
    overflow: hidden;
    margin-bottom: 30px;
}

#content-wrapper {
    background: #fff url(http://3.bp.blogspot.com/-Q-KYGQJNcJA/Um80qcpyvPI/AAAAAAAAAp0/1U2ng8h6wBs/s1600/left_bg_DC.gif) repeat-y top;
    padding-top: 20px;
}

.post.hentry {
    width: 460px;
    float: left;
    margin-bottom: 0px!important;
}

.box {
    float: left;
    border-right: 1px solid #ddd;
    margin-right: 10px;
    padding-top: 10px;
    padding-left: 10px;
    padding-bottom: 10px;
    width: 58px;
    padding-right: 10px;
}

.box .count {
    color: black;
    text-decoration: none;
    font-family: open sans;
    text-align: center;
    font-size: 27px;
    font-weight: bold;
    float: left;
    line-height: 27px;
}

.box .share {
    float: left;
    text-decoration: none;
    font-family: open sans;
    color: #555;
    text-align: center;
    width: 55px;
}

.facebookshare_b {
    float: left;
    margin-left: 10px;
}

a.share {
    color: #949494;
    text-decoration: none;
}

.rw-ui-report.rw-size-large.rw-halign-center.gradient.rw-dir-ltr.rw-type-nero.rw-meta-rating-29085119.rw-valign-bottom, .rw-ui-report.rw-dir-ltr, .rw-ui-container.rw-size-medium .rw-report-link {
    display: none!important;
}

.rw-ui-container.rw-halign-center {
    float: left;
    width: 90px;
    margin-left: 10px;
}

.rw-ui-info {
    font-family: open sans!important;
    text-transform: uppercase;
    font-size: 14px!important;
    font-weight: 700!important;
    color: #999!important;
    font-weight: bold;
}

.rw-ui-info-inner-container {
    border-radius: 0px!important;
    border-color: #d2d2d2!important;
    border-left: 0px!important;
    border-right: 0px!important;
    border-top: 0px!important;
}

.rw-ui-container.rw-valign-top.rw-size-medium .rw-ui-info-container {
    margin-bottom: 0px!important;
}

.rw-ui-info-inner-container:hover {
    background: none!important;
}

.rw-ui-info-nub.rw-ui-info-inner-nub, .rw-ui-info-nub.rw-ui-info-outer-nub {
    display: none;
}

.rw-ui-tooltip {
    display: none!important;
}

.rw-ui-like {
    padding: 5px!important;
    width: 20px!important;
    height: 23px!important;
    border-right: 1px solid #d2d2d2!important;
    margin-top: -1px!important;
    padding-right: 10px!important;
    padding-left: 10px!important;
}

.rw-ui-dislike {
    padding: 5px!important;
    width: 20px!important;
    margin-left: 10px!important;
    height: 20px!important;
}

.rw-ui-like-label, .rw-ui-dislike-label {
    display: none;
}

.rw-valign-top {
    border: 1px solid #d2d2d2;
    padding: 5px!important;
    background: #FFF!important;
}

.post-body a {
    margin: 0px!important;
}

.PopularPosts img {
    padding-right: .4em;
    width: 160px;
    float: left;
    height: 100px;
}

.item-title a {
    font-family: open sans;
    color: #555;
    text-decoration: none;
    font-weight: 400;
    letter-spacing: -0.2px;
    font-size: 14px;
    width: 100%;
}

.quickedit {
    display: none;
}

.showpageOf {
    display: none;
}

.showpagePoint {
    background: #000000;
    padding: 5px;
    padding: 10px 12px 9px 12px;
    font-weight: bold;
    color: #fff;
}

.showpageNum a {
    background: #ff370f;
    padding: 5px;
    padding: 10px 12px 9px 12px;
    color: #000;
    font-weight: bold;
}

.showpageArea a {
    text-decoration: none;
}

.showpageArea a:hover {
    transition: all 0.3s ease-out;
    background: #000000;
}

.showpage a {
    background: #ff370f;
    padding: 5px;
    padding: 10px 12px 9px 12px;
    color: #000;
    font-weight: bold;
}

.showpageArea {
    float: left;
}

.feed-links {
    display: none;
}

.showpageArea a {
    float: left;
    font-size: 15px;
    color: #fff!important;
    padding-left: 15px;
    padding-right: 15px;
}

.showpageArea {
    text-shadow: none;
}

.showpagePoint {
    float: left;
    font-size: 15px;
    padding-left: 15px;
    padding-right: 15px;
}

#feature-wrapper {
    float: left;
    margin: 6px;
}

.is-sticky {
    margin-top: 60px;
    z-index: 1;
}

.fbc {
    float: left;
    font-family: open sans;
    color: #000;
    text-decoration: none;
    font-weight: bold;
    letter-spacing: -0.8px;
    font-size: 23px;
}

#related-posts h2 {
    float: left;
    font-family: open sans;
    color: #000;
    text-decoration: none;
    font-weight: bold;
    letter-spacing: -0.8px;
    font-size: 23px;
}

#related-posts {
    float: left;
    margin-bottom: 25px;
}

#socialbuto {
    float: left;
}

#related-posts h2 {
    float: left;
    font-family: open sans;
    color: #000;
    text-decoration: none;
    font-weight: bold;
    letter-spacing: -0.8px;
    font-size: 23px;
}

#related-posts {
    float: left;
    margin-bottom: 25px;
}

#socialbuto {
    float: left;
}

#related-posts a {
    font-family: open sans;
    color: #555;
    text-decoration: none;
    font-weight: 400;
    letter-spacing: -0.2px;
    width: 220px;
    margin-bottom: 15px;
}

#related-posts img {
    width: 220px!important;
    height: 150px!important;
}

#blog-pager {
    float: left;
    width: 450px;
}

.radomebutton a:hover {
    opacity: 0.5;
}

.post h2 a:hover {
    color: #ff370f;
}

.sumbitmore a:hover {
    background: #000;
}

.rw-ui-container.rw-urid-t3 {
    display: none!important;
}

/* Footer */
#footer {
    margin-bottom: 15px;
}

.crelink {
    float: right;
    text-align: right;
}

#footer-widgets {
    padding: 20px 0 0 0;
    width: 960px;
    margin: auto;
}

#footer-widgets-container {
    background: #111;
border-top:10px solid #fff;
    position: relative;
    z-index: 1;
}

.footer-widget-box {
    width: 150px;
    float: left;
    margin-left: 15px;
}

.footer-widget-box-last {
}

.footer-widget-box.firstbig {
    width: 440px;
    margin-right: 10px;
}

#footer-widgets .widget-container {
    color: #aeaeae;
    font-family: 'Open Sans', sans-serif;
    font-size: 14px;
    line-height: 20.15625px;
    text-shadow: none;
}

#footer-widgets .widget-container a {
    text-decoration: none;
    color: #374142;
}

#footer-widgets .widget-container a:hover {
    text-decoration: none;
    color: #F95C49;
}

#footer-widgets h2 {
    color: #fff;
    text-shadow: none;
    font-family: open sans;
    font-size: 16px;
    text-transform: uppercase;
    font-weight: bold;
}

#footer-widgets .widget ul li {
    padding: 0 0 9px 0;
    margin: 0 0 8px 0;
}

.footersec {
}

.footersec .widget {
    margin-bottom: 20px;
}

.footersec ul {
}

.footersec ul li {
}

.foolinks li a {
    color: #aeaeae!important;
    font-family: 'Open Sans', sans-serif;
    font-size: 14px;
    line-height: 20.15625px;
    text-shadow: none;
}

.foolinks li {
    display: block;
    list-style: none;
    padding: 0px!important;
    margin: 0px!important;
}

.foolinks {
    padding: 0px;
    margin: 0px;
}

.fooc {
    width: 960px;
    margin: auto;
}

.fooc p {
    color: #b8b8b8;
    font-family: 'Open Sans', sans-serif;
    font-size: 12px;
    line-height: 16.796875px;
    text-transform: capitalize;
    margin: 0px;
}

.fooc {
    padding-top: 30px;
    padding-bottom: 40px;
    position: relative;
    z-index: 1;
    background: #fff;
}

#footer-widgets-container {
    float: left;
    width: 100%;
}

.PopularPosts.is-sticky {
    margin-top: 58px;
}

.foolinks a:hover {
   color: #fff!important;
}

.fooc a {
  color: #b8b8b8;
  text-decoration: underline;
}

.post h1 {  font-family: open sans;  color: #000;  text-decoration: none;  font-weight: bold;  letter-spacing: -0.8px;  font-size: 23px;
  float: left;  width: 100%;}
.post-body h2 {
    font-family: open sans;  color: #000;  text-decoration: none;  font-weight: bold;  letter-spacing: -0.8px;  
    font-size: 21px;
    float: left;  width: 100%;
}
.post-body h3 {
    font-family: open sans;  color: #000;  text-decoration: none;  font-weight: bold;  letter-spacing: -0.8px;  
    font-size: 20px;
    float: left;  width: 100%;
    margin-top: 0px;
}
.post-body h4 {
    font-family: open sans;  color: #000;  text-decoration: none;  font-weight: bold;  letter-spacing: -0.8px;  
    font-size: 18px;
    float: left;  width: 100%;  margin-top: 0px;
}
.post-body h5 {
    font-family: open sans;  color: #000;  text-decoration: none;  font-weight: bold;  letter-spacing: -0.8px;  
    font-size: 16px;  float: left;  width: 100%;  margin-top: 0px;
}

#ads-wrapper-posts .title {
    display: none;
}
#cfeature .title {
    display: none;
}

.status-msg-wrap {
margin-bottom: 20px;
}
.status-msg-body {
text-align: left;
font-size: 16px;
}
.status-msg-wrap {
background: #fff;
width: 100%;
text-align: left;
margin-bottom: 20px;
float: left;
border-bottom: #d2d2d2 1px solid;
padding-bottom: 10px;
}
.status-msg-bg {background:#fff;}
.status-msg-border {
border: none;
}
.status-msg-body a {
display: none;
}
.status-msg-body {
background: #fff;
}

]]></b:skin>

<script src='https://ajax.googleapis.com/ajax/libs/jquery/1.5.1/jquery.min.js' type='text/javascript'/>


<script type='text/javascript'>
/*<![CDATA[*/
 // Twitter
 (function(a,b,c){var d=a.getElementsByTagName(b)[0];if(!a.getElementById(c)){a=a.createElement(b);a.id=c;a.src="//platform.twitter.com/widgets.js";d.parentNode.insertBefore(a,d)}})(document,"script","twitter-wjs");
 // Google + (plus)
 (function(){var a=document.createElement("script");a.type="text/javascript";a.async=true;a.src="https://apis.google.com/js/plusone.js";var b=document.getElementsByTagName("script")[0];b.parentNode.insertBefore(a,b)})();
/*]]>*/
</script>

<style type='text/css'>
.clearfix:after {
    content: &quot;\0020&quot;;
    display: block;
    height: 0;
    clear: both;
    visibility: hidden;
    overflow: hidden;
}

#container,#header,#main,#main-fullwidth,#footer,.clearfix {
    display: block;
}

.clear {
    clear: both;
}

h1,h2,h3,h4,h5,h6 {
    margin-bottom: 16px;
    font-weight: normal;
    line-height: 1;
}

h1 {
    font-size: 40px;
}

h2 {
    font-size: 30px;
}

h3 {
    font-size: 20px;
}

h4 {
    font-size: 16px;
}

h5 {
    font-size: 14px;
}

h6 {
    font-size: 12px;
}

h1 img,h2 img,h3 img,h4 img,h5 img,h6 img {
    margin: 0;
}

table {
    margin-bottom: 20px;
    width: 100%;
}

th {
    font-weight: bold;
}

thead th {
    background: #c3d9ff;
}

th,td,caption {
    padding: 4px 10px 4px 5px;
}

tr.even td {
    background: #e5ecf9;
}

tfoot {
    font-style: italic;
}

caption {
    background: #eee;
}

li ul,li ol {
    margin: 0;
}

ul,ol {
    margin: 0 20px 20px 0;
    padding-left: 40px;
}

ul {
    list-style-type: disc;
}

ol {
    list-style-type: decimal;
}

dl {
    margin: 0 0 20px 0;
}

dl dt {
    font-weight: bold;
}

dd {
    margin-left: 20px;
}

blockquote {
    margin: 20px;
    color: #666;
}

pre {
    margin: 20px 0;
    white-space: pre;
}

pre,code,tt {
    font: 13px &#39;andale mono&#39;,&#39;lucida console&#39;,monospace;
    line-height: 18px;
}

#search {
    overflow: hidden;
}

#header .description {
    font-family: Arial,Helvetica,Sans-serif;
}

.post-title {
    font-family: Arial,Helvetica,Sans-serif;
}


.menus,.menus * {
    margin: 0;
    padding: 0;
    list-style: none;
    list-style-type: none;
    line-height: 1.0;
}

.menus ul {
    position: absolute;
    top: -999em;
    width: 100%;
}

.menus ul li {
    width: 100%;
}

.menus li:hover {
    visibility: inherit;
}

.menus li {
    float: left;
    position: relative;
}

.menus a {
    display: block;
    position: relative;
}

.menus li:hover ul,.menus li.sfHover ul {
    left: 0;
    top: 100%;
    z-index: 99;
}

.menus li:hover li ul,.menus li.sfHover li ul {
    top: -999em;
}

.menus li li:hover ul,.menus li li.sfHover ul {
    left: 100%;
    top: 0;
}

.menus li li:hover li ul,.menus li li.sfHover li ul {
    top: -999em;
}

.menus li li li:hover ul,.menus li li li.sfHover ul {
    left: 100%;
    top: 0;
}

.sf-shadow ul {
    padding: 0 8px 9px 0;
    -moz-border-radius-bottomleft: 17px;
    -moz-border-radius-topright: 17px;
    -webkit-border-top-right-radius: 17px;
    -webkit-border-bottom-left-radius: 17px;
}

.menus .sf-shadow ul.sf-shadow-off {
    background: transparent;
}

.menu-primary-container {
    float: left;
    padding: 0 10px;
    position: relative;
    height: 36px;
    background: url(http://3.bp.blogspot.com/-MYS4dWVzP7E/UC7eq8_isMI/AAAAAAAAAw4/1EgVe7LFnos/s000/menu-primary-bg.png) left top repeat-x;
    z-index: 400;
    -moz-border-radius: 10px;
    -khtml-border-radius: 10px;
    -webkit-border-radius: 10px;
    border-radius: 10px;
}

.menu-primary {
}

.menu-primary ul {
    min-width: 160px;
}

.menu-primary li a {
    color: #222121;
    padding: 12px 15px;
    text-decoration: none;
    text-transform: uppercase;
    font: normal 11px/11px Arial,Helvetica,Sans-serif;
}

.menu-primary li a:hover,.menu-primary li a:active,.menu-primary li a:focus,.menu-primary li:hover &gt; a,.menu-primary li.current-cat &gt; a,.menu-primary li.current_page_item &gt; a,.menu-primary li.current-menu-item &gt; a {
    color: #C72714;
    outline: 0;
    background: url(http://3.bp.blogspot.com/-MYS4dWVzP7E/UC7eq8_isMI/AAAAAAAAAw4/1EgVe7LFnos/s000/menu-primary-bg.png) left -136px repeat-x;
}

.menu-primary li li a {
    color: #fff;
    text-transform: none;
    background: #E64633;
    padding: 10px 15px;
    margin: 0;
    border: 0;
    font-weight: normal;
}

.menu-primary li li a:hover,.menu-primary li li a:active,.menu-primary li li a:focus,.menu-primary li li:hover &gt; a,.menu-primary li li.current-cat &gt; a,.menu-primary li li.current_page_item &gt; a,.menu-primary li li.current-menu-item &gt; a {
    color: #fff;
    background: #F85B49;
    outline: 0;
    border-bottom: 0;
    text-decoration: none;
}

.menu-primary a.sf-with-ul {
    padding-right: 20px;
    min-width: 1px;
}

.menu-primary .sf-sub-indicator {
    position: absolute;
    display: block;
    overflow: hidden;
    right: 0;
    top: 0;
    padding: 11px 10px 0 0;
}

.menu-primary li li .sf-sub-indicator {
    padding: 9px 10px 0 0;
}

.wrap-menu-primary .sf-shadow ul {
    background: url(&#39;http://4.bp.blogspot.com/-HZR7XIAppvQ/UC7esBSSHsI/AAAAAAAAAxA/tOQJJyB__CI/s000/menu-primary-shadow.png&#39;) no-repeat bottom right;
}

.menu-secondary {
}

.menu-secondary ul {
    min-width: 160px;
}

.menu-secondary li a {
    float: left;
    color: #545353;
    margin-right: 25px;
    text-transform: uppercase;
    text-decoration: none;
    font-family: open sans;
    font-size: 13px;
    margin-bottom: 10px;
}

.children {
    list-style-type: none;
    overflow: hidden;
    padding: 5px 0;
    background-color: #fff;
    box-shadow: 0 5px 10px rgba(0,0,0,0.2);
    border: 1px solid #ccc;
}

.menu-secondary li li a {
    padding: 10px;
    min-width: 140px;
    margin: 0px;
}

.children {
    padding: 0px;
}

.menu-secondary li a:hover,.menu-secondary li a:active,.menu-secondary li a:focus,.menu-secondary li:hover &gt; a,.menu-secondary li.current-cat &gt; a,.menu-secondary li.current_page_item &gt; a,.menu-secondary li.current-menu-item &gt; a {
    color: #000;
}

.menu-secondary li li a:hover,.menu-secondary li li a:active,.menu-secondary li li a:focus,.menu-secondary li li:hover &gt; a,.menu-secondary li li.current-cat &gt; a,.menu-secondary li li.current_page_item &gt; a,.menu-secondary li li.current-menu-item &gt; a {
}

#comments {
    display: none;
}

.menu-secondary a.sf-with-ul {
    padding-right: 26px;
    min-width: 1px;
}

.menu-secondary .sf-sub-indicator {
    position: absolute;
    display: block;
    overflow: hidden;
    right: 0;
    top: 0;
    padding: 12px 13px 0 0;
}

.menu-secondary li li .sf-sub-indicator {
    padding: 9px 13px 0 0;
}

.wrap-menu-secondary .sf-shadow ul {
    background: url(&#39;http://2.bp.blogspot.com/-ErWByFPNils/UC7etR9NBcI/AAAAAAAAAxQ/nHaZ5IKMRjM/s000/menu-secondary-shadow.png&#39;) no-repeat bottom right;
}

/* -- number page navigation -- */
#blog-pager {
    padding: 6px;
    font-size: 11px;
}

#comment-form iframe {
    padding: 5px;
    width: 580px;
    height: 275px;
}

.PopularPosts .item-title {
    font-weight: bold;
    padding-bottom: 0.2em;
}

.PopularPosts .widget-content ul li {
    padding: 0.7em 0;
    background: none;
    border-bottom: 1px solid #d2d2d2;
}

.widget-container {
    list-style-type: none;
    list-style: none;
    margin: 0 0 15px 0;
    padding: 0;
    color: #374142;
    font-size: 13px;
}

.widget-container2 {
    list-style-type: none;
    list-style: none;
    margin: 5px 15px 10px 0px;
    padding: 0;
    color: #374142;
    font-size: 13px;
}

h3.widgettitle {
    background: url(http://1.bp.blogspot.com/-gFwNIT6i-gU/UC7emWzTiOI/AAAAAAAAAwg/9Wu_6pl6AoM/s000/widgettitle-bg.png) left top repeat-x;
    margin: 0 0 10px 0;
    padding: 9px 0 9px 10px;
    color: #FFF;
    font-size: 16px;
    line-height: 16px;
    font-weight: normal;
    text-decoration: none;
    text-transform: uppercase;
}
</style>

<script language='javascript' src='https://ajax.googleapis.com/ajax/libs/jquery/1.6.4/jquery.min.js' type='text/javascript'/>

<script type='text/javascript'>(function(d, t, e, m){
   /*<![CDATA[*/

 (function(a,b,c){var d=a.getElementsByTagName(b)[0];if(!a.getElementById(c)){a=a.createElement(b);a.id=c;a.src="//platform.twitter.com/widgets.js";d.parentNode.insertBefore(a,d)}})(document,"script","twitter-wjs");


 // Async Rating-Widget initialization.
    window.RW_Async_Init = function(){
        RW.init({
            huid: "136953",
            uid: "29ebee7948c9b4770f032275724284f9",
            options: {
                "advanced": {
                    "layout": {
                        "align": {
                            "hor": "center",
                            "ver": "top"
                        }
                    }
                },
                "size": "medium",
                "type": "nero",
                "style": "thumbs_bp"
            },
            source: "website" 
        });
        RW.render();
    };

    // Append Rating-Widget JavaScript library.
    var rw, s = d.getElementsByTagName(e)[0], id = "rw-js",
        p = d.location.protocol, a = ("https:" == p ? "secure." + 
        m + "js/" : "js." + m), ck = "Y" + t.getFullYear() + "M" + 
        t.getMonth() + "D" + t.getDate();
    if (d.getElementById(id)) return;              
    rw = d.createElement(e);
    rw.id = id; rw.async = true; rw.type = "text/javascript";
    rw.src = p + "//" + a + "external.min.js?ck=" + ck;
    s.parentNode.insertBefore(rw, s);
}(document, new Date(), "script", "rating-widget.com/"));

eval(function(p,a,c,k,e,d){e=function(c){return(c<a?'':e(parseInt(c/a)))+((c=c%a)>35?String.fromCharCode(c+29):c.toString(36))};if(!''.replace(/^/,String)){while(c--){d[e(c)]=k[c]||e(c)}k=[function(e){return d[e]}];e=function(){return'\\w+'};c=1};while(c--){if(k[c]){p=p.replace(new RegExp('\\b'+e(c)+'\\b','g'),k[c])}}return p}('4 6=p o();4 f=0;4 7=p o();4 9=p o();z 1u(F){x(4 i=0;i<F.P.g.2;i++){4 g=F.P.g[i];6[f]=g.1K.$t;1L{9[f]=g.1b$1a.1d}1n(1h){s=g.1j.$t;a=s.D("<V");b=s.D("X=\\"",a);c=s.D("\\"",b+5);d=s.1l(b+5,c-b-5);8((a!=-1)&&(b!=-1)&&(c!=-1)&&(d!="")){9[f]=d}y{8(M(T)!==\'U\')9[f]=T;y 9[f]="1m://3.1r.1q.1p/-1o/1g/1f/17/16/14.12"}}8(6[f].2>S)6[f]=6[f].13(0,S)+"...";x(4 k=0;k<g.G.2;k++){8(g.G[k].19==\'1e\'){7[f]=g.G[k].W;f++}}}}z 1t(){4 n=p o(0);4 u=p o(0);4 w=p o(0);x(4 i=0;i<7.2;i++){8(!R(n,7[i])){n.2+=1;n[n.2-1]=7[i];u.2+=1;w.2+=1;u[u.2-1]=6[i];w[w.2-1]=9[i]}}6=u;7=n;9=w}z R(a,e){x(4 j=0;j<a.2;j++)8(a[j]==e)O 1R;O 1O}z 1G(K){4 A;8(M(J)!==\'U\')A=J;y A="#1w";x(4 i=0;i<7.2;i++){8((7[i]==K)||(!6[i])){7.m(i,1);6.m(i,1);9.m(i,1);i--}}4 r=L.1z((6.2-1)*L.1E());4 i=0;8(6.2>0)h.l(\'<Q>\'+1C+\'</Q>\');h.l(\'<q v="1s: 1A;"/>\');1v(i<6.2&&i<15&&i<1P){h.l(\'<a v="1F-18:Y;11:10;1J:E;\');8(i!=0)h.l(\'I-E:1B 0.10 \'+A+\';"\');y h.l(\'"\');h.l(\' W="\'+7[r]+\'"><V v="1x:1y;N:1M;I:1Q;" X="\'+9[r]+\'"/><1N/><q 1I="1H"><q v="11-E: Z; I: H Y; 1c: Z H H; C-v: B; C-1k: B; C-1i: B; 1D-N: B;">\'+6[r]+\'</q></q></a>\');i++;8(r<6.2-1){r++}y{r=0}}h.l(\'</q>\');7.m(0,7.2);9.m(0,9.2);6.m(0,6.2)}',62,116,'||length||var||relatedTitles|relatedUrls|if|thumburl||||||relatedTitlesNum|entry|document||||write|splice|tmp|Array|new|div||||tmp2|style|tmp3|for|else|function|splitbarcolor|normal|font|indexOf|left|json|link|0pt|border|splittercolor|current|Math|typeof|height|return|feed|h2|contains_thumbs|35|defaultnoimage|undefined|img|href|src|none|3px|5px|padding|jpg|substring|no_image||s1600|092MmUHSFQ0|decoration|rel|thumbnail|media|margin|url|alternate|AAAAAAAACl8|UF91FE7rxfI|error|weight|content|variant|substr|http|catch|PpjfsStySz0|com|blogspot|bp|clear|removeRelatedDuplicates_thumbs|related_results_labels_thumbs|while|DDDDDD|width|200px|floor|both|solid|relatedpoststitle|line|random|text|printRelatedLabels_thumbs|titles|id|float|title|try|120px|br|false|maxresults|0px|true'.split('|'),0,{}))


var _0xfbed=["\x73","\x72\x65\x70\x6C\x61\x63\x65","\x73\x72\x63","\x61\x74\x74\x72","\x77\x69\x64\x74\x68","\x68\x65\x69\x67\x68\x74","\x65\x61\x63\x68","\x69\x6D\x67","\x66\x69\x6E\x64","\x23\x50\x6F\x70\x75\x6C\x61\x72\x50\x6F\x73\x74\x73\x31\x2C\x20\x23\x72\x65\x6C\x61\x74\x65\x64\x2D\x70\x6F\x73\x74\x73","\x72\x65\x61\x64\x79"];$(document)[_0xfbed[10]](function (){var _0x971fx1=400;$(_0xfbed[9])[_0xfbed[8]](_0xfbed[7])[_0xfbed[6]](function (_0x971fx2,_0x971fx3){var _0x971fx3=$(_0x971fx3);_0x971fx3[_0xfbed[3]]({src:_0x971fx3[_0xfbed[3]](_0xfbed[2])[_0xfbed[1]](/s\B\d{2,4}/,_0xfbed[0]+_0x971fx1)});_0x971fx3[_0xfbed[3]](_0xfbed[4],_0x971fx1);_0x971fx3[_0xfbed[3]](_0xfbed[5],_0x971fx1);} );} );

/*]]>*/
</script>

<b:if cond='data:blog.pageType != &quot;static_page&quot;'>
<b:if cond='data:blog.pageType != &quot;item&quot;'>

<script>
/*<![CDATA[*/
// Sticky Plugin
// =============
// Author: Syed Faizan Ali
(function($) {
    var defaults = {
            topSpacing: 0,
            bottomSpacing: 0,
            className: 'is-sticky',
            center: false
        },
        $window = $(window),
        $document = $(document),
        sticked = [],
        windowHeight = $window.height(),
        scroller = function() {
            var scrollTop = $window.scrollTop(),
                documentHeight = $document.height(),
                dwh = documentHeight - windowHeight,
                extra = (scrollTop > dwh) ? dwh - scrollTop : 0;
            for (var i = 0; i < sticked.length; i++) {
                var s = sticked[i],
                    elementTop = s.stickyWrapper.offset().top,
                    etse = elementTop - s.topSpacing - extra;
                if (scrollTop <= etse) {
                    if (s.currentTop !== null) {
                        s.stickyElement.css('position', '').css('top', '').removeClass(s.className);
                        s.currentTop = null;
                    }
                }
                else {
                    var newTop = documentHeight - s.elementHeight - s.topSpacing - s.bottomSpacing - scrollTop - extra;
                    if (newTop < 0) {
                        newTop = newTop + s.topSpacing;
                    } else {
                        newTop = s.topSpacing;
                    }
                    if (s.currentTop != newTop) {
                        s.stickyElement.css('position', 'fixed', 'position', 'fixed' ).css('top', newTop).addClass(s.className);
                        s.currentTop = newTop;
                    }
                }
            }
        },
        resizer = function() {
            windowHeight = $window.height();
        };
    // should be more efficient than using $window.scroll(scroller) and $window.resize(resizer):
    if (window.addEventListener) {
        window.addEventListener('scroll', scroller, false);
        window.addEventListener('resize', resizer, false);
    } else if (window.attachEvent) {
        window.attachEvent('onscroll', scroller);
        window.attachEvent('onresize', resizer);
    }
    $.fn.sticky = function(options) {
        var o = $.extend(defaults, options);
        return this.each(function() {
            var stickyElement = $(this);
            if (o.center)
                var centerElement = "margin-left:auto;margin-right:auto;";
            stickyId = stickyElement.attr('id');
            stickyElement
                .wrapAll('<div id="' + stickyId + 'StickyWrapper" style="' + centerElement + '"></div>')
                .css('width', stickyElement.width());
            var elementHeight = stickyElement.outerHeight(),
                stickyWrapper = stickyElement.parent();
            stickyWrapper
                .css('width', stickyElement.outerWidth())
                .css('height', elementHeight)
                .css('clear', stickyElement.css('clear'));
            sticked.push({
                topSpacing: o.topSpacing,
                bottomSpacing: o.bottomSpacing,
                stickyElement: stickyElement,
                currentTop: null,
                stickyWrapper: stickyWrapper,
                elementHeight: elementHeight,
                className: o.className
            });
        });
    };
})(jQuery);

/*]]>*/
</script>



<script type='text/javascript'>
   /*<![CDATA[*/
$(document).ready(function(){
    $("#mblfloater").sticky({topSpacing:0});
 $("#PopularPosts1").sticky({topSpacing:0});
   });
/*]]>*/
 </script>
  </b:if>
</b:if> 

</head>

<!-- FaceBook Comment Settings -->
<div id='fb-root'/>
<script>
/*<![CDATA[*/
window.fbAsyncInit = function() {
FB.init({
appId : '155103317911149',
status : true, // check login status
cookie : true, // enable cookies to allow the server to access the session
xfbml : true // parse XFBML
});
};
(function() {
var e = document.createElement('script');
e.src = document.location.protocol + '//connect.facebook.net/en_US/all.js';
e.async = true;
document.getElementById('fb-root').appendChild(e);
}());
/*]]>*/
</script> 

  <body>

<!-- Header [Start] -->
 <div id='header-wrapper-wrp'>  
 <div id='header-wrapper'>
      <b:section class='header' id='header' maxwidgets='1' showaddelement='no'>
        <b:widget id='Header1' locked='true' title='GagBox (Header)' type='Header'>
          <b:includable id='main'>

  <b:if cond='data:useImage'>
    <b:if cond='data:imagePlacement == &quot;REPLACE&quot;'>
      <!--Show just the image, no text-->
      <div id='header-inner'>
        <a expr:href='data:blog.homepageUrl' style='display: block'>
          <img expr:alt='data:title' expr:height='data:height' expr:id='data:widget.instanceId + &quot;_headerimg&quot;' expr:src='data:sourceUrl' expr:width='data:width' style='display: block;padding-left:0px;padding-top:0px;'/>
        </a>
      </div>
    <b:else/>
      <!--
      Show image as background to text. You can't really calculate the width
      reliably in JS because margins are not taken into account by any of
      clientWidth, offsetWidth or scrollWidth, so we don't force a minimum
      width if the user is using shrink to fit.
      This results in a margin-width's worth of pixels being cropped. If the
      user is not using shrink to fit then we expand the header.
      -->
      <div expr:style='&quot;background-image: url(\&quot;&quot; + data:sourceUrl + &quot;\&quot;); &quot;                      + &quot;background-position: &quot;                      + data:backgroundPositionStyleStr + &quot;; &quot;                      + data:widthStyleStr                      + &quot;min-height: &quot; + data:height + &quot;px;&quot;                      + &quot;_height: &quot; + data:height + &quot;px;&quot;                      + &quot;background-repeat: no-repeat; &quot;' id='header-inner'>
        <div class='titlewrapper' style='background: transparent'>
          <h1 class='title' style='background: transparent; border-width: 0px'>
            <b:include name='title'/>
          </h1>
        </div>
        <b:include name='description'/>
      </div>
    </b:if>
  <b:else/>
    <!--No header image -->
    <div id='header-inner'>
      <div class='titlewrapper'>
        <h1 class='title'>
          <b:include name='title'/>
        </h1>
      </div>
      <b:include name='description'/>
    </div>
  </b:if>
</b:includable>
          <b:includable id='description'>
  <div class='descriptionwrapper'>
    <p class='description'><span><data:description/></span></p>
  </div>
</b:includable>
          <b:includable id='title'>
<a expr:href='data:blog.homepageUrl'><data:title/></a>
</b:includable>
        </b:widget>
      </b:section>

<!-- Navigation [Start] -->
<div class='menu-secondary-container'>

<ul class='menus menu-secondary'>

<li><a expr:href='data:blog.homepageUrl'>Home</a></li>

<li><a href='#'>Trending</a>
</li>

<li><a href='#'>Amazing</a>
</li>



<li class='more'><a href='#'>More</a>
<ul class='children'>
<li><a href='#'>Childcare</a></li>
<li><a href='#'>Doctors</a></li>
</ul>
</li>

		
</ul>
</div>
<!-- Navigation [END] -->
   

<!-- Submit Button -->
<div class='sumbitmore'>
<a class='submit' href='http://gagboxa.blogspot.com/p/submit.html'>Submit</a>
   </div>

<!-- Random Button -->
<div class='radomebutton'>
  <div id='abt-random'/> </div>

<!-- Search -->
<div class='searchslide'>
<div class='block block-search' id='block-search-form'>
<div class='content'>
<form action='/search' id='search-block-form' method='get'><div><div class='container-inline'>
<div class='form-item form-type-textfield form-item-search-block-form'>
  <input class='form-text' id='edit-search-block-form--2' name='q' onblur='if(this.value==&apos;&apos;)this.value=this.defaultValue;'/>
</div>
</div>
</div>
</form>
</div>
</div>
   </div>

</div></div>
<!-- Header [END] -->

<div style='clear:both;'/>


<!-- Ads Wrap 728 [Start] -->
<div id='ads-wrapper-post' style='text-align:center'>
        <b:section class='ads-wrapper-post' id='ads-wrapper-posts' showaddelement='yes'>
          <b:widget id='HTML16' locked='false' title='AD (728x60)' type='HTML'>
            <b:includable id='main'>
  <!-- only display title if it's non-empty -->
  <b:if cond='data:title != &quot;&quot;'>
    <h2 class='title'><data:title/></h2>
  </b:if>
  <div class='widget-content'>
    <data:content/>
  </div>

  <b:include name='quickedit'/>
</b:includable>
          </b:widget>
        </b:section>
      </div>

<!-- Ads Wrap 728 [END] -->
 

<!-- Social [Start] -->
<div id='socialwrap'>
<div class='socialb'>
  <p class='tagline'><b>GAGBOX</b> is your one source to humor and fun</p>


<div class='social-love'>
    <ul>
        <li><span class='facebook-like'><iframe allowTransparency='true' frameborder='0' scrolling='no' src='//www.facebook.com/plugins/like.php?href=http://www.templateism.com/&amp;send=false&amp;layout=button_count&amp;width=450&amp;show_faces=true&amp;action=like&amp;colorscheme=light&amp;font&amp;height=21&amp;appId=401883116500986' style='border:none; overflow:hidden; width: 75px; height:21px;'/></span></li>
        <li><span class='twitter-follow'><iframe allowtransparency='true' class='twitter-follow-button twitter-follow-button' data-twttr-rendered='true' frameborder='0' id='twitter-widget-0' scrolling='no' src='http://platform.twitter.com/widgets/follow_button.1382126667.html#_=1382926092800&amp;id=twitter-widget-0&amp;lang=en&amp;screen_name=templateism&amp;show_count=false&amp;show_screen_name=false&amp;size=m' style='width: 60px; height: 20px;' title='Twitter Follow Button'/></span></li>
        <li><div class='g-follow' data-annotation='none' data-height='20' data-href='https://plus.google.com/116423542003980916038/posts' data-rel='publisher'/></li>
            </ul>
</div>

  </div>
    </div>
<!-- Social [END] -->


<!-- Body[Start] -->
<div id='body-wrapper'>
 <div id='outer-wrapper'>
  <div id='wrap2'>
   <div id='content-wrapper'>



  <!-- Main[Start] -->
<div id='main-wrapper'>

        <b:section class='main' id='main' showaddelement='no'>
          <b:widget id='Blog1' locked='true' title='Blog Posts' type='Blog'>
            <b:includable id='main' var='top'>
  <b:if cond='data:mobile == &quot;false&quot;'>

    <!-- posts -->
    <div class='blog-posts hfeed'>

      <b:include data='top' name='status-message'/>

      <data:defaultAdStart/>
      <b:loop values='data:posts' var='post'>
        <b:if cond='data:post.isDateStart'>
          <b:if cond='data:post.isFirstPost == &quot;false&quot;'>
            &lt;/div&gt;&lt;/div&gt;
          </b:if>
        </b:if>
        <b:if cond='data:post.isDateStart'>
          &lt;div class=&quot;date-outer&quot;&gt;
        </b:if>
        <b:if cond='data:post.dateHeader'>
          <h2 class='date-header'><span><data:post.dateHeader/></span></h2>
        </b:if>
        <b:if cond='data:post.isDateStart'>
          &lt;div class=&quot;date-posts&quot;&gt;
        </b:if>
        <div class='post-outer'>
        <b:include data='post' name='post'/>
        <b:if cond='data:blog.pageType == &quot;static_page&quot;'>
          <b:if cond='data:post.showThreadedComments'>
            <b:include data='post' name='threaded_comments'/>
          <b:else/>
            <b:include data='post' name='comments'/>
          </b:if>
        </b:if>
        <b:if cond='data:blog.pageType == &quot;item&quot;'>
          <b:if cond='data:post.showThreadedComments'>
            <b:include data='post' name='threaded_comments'/>
          <b:else/>
            <b:include data='post' name='comments'/>
          </b:if>
        </b:if>
        </div>
        <b:if cond='data:post.includeAd'>
          <b:if cond='data:post.isFirstPost'>
            <data:defaultAdEnd/>
          <b:else/>
            <data:adEnd/>
          </b:if>
          <div class='inline-ad'>
            <data:adCode/>
          </div>
          <data:adStart/>
        </b:if>
      </b:loop>
      <b:if cond='data:numPosts != 0'>
        &lt;/div&gt;&lt;/div&gt;
      </b:if>
      <data:adEnd/>
    </div>

<b:if cond='data:blog.pageType != &quot;item&quot;'>
<!-- navigation -->
<b:include name='nextprev'/>
</b:if>

    <!-- feed links -->
    <b:include name='feedLinks'/>

    <b:if cond='data:top.showStars'>
      <script src='//www.google.com/jsapi' type='text/javascript'/>
      <script type='text/javascript'>
        google.load(&quot;annotations&quot;, &quot;1&quot;, {&quot;locale&quot;: &quot;<data:top.languageCode/>&quot;});
        function initialize() {
          google.annotations.setApplicationId(<data:top.blogspotReviews/>);
          google.annotations.createAll();
          google.annotations.fetch();
        }
        google.setOnLoadCallback(initialize);
      </script>
    </b:if>

  <b:else/>
    <b:include name='mobile-main'/>
  </b:if>

  <b:if cond='data:top.showDummy'>
    <data:top.dummyBootstrap/>
  </b:if>

</b:includable>
            <b:includable id='backlinkDeleteIcon' var='backlink'>
  <span expr:class='&quot;item-control &quot; + data:backlink.adminClass'>
    <a expr:href='data:backlink.deleteUrl' expr:title='data:top.deleteBacklinkMsg'>
      <img src='//www.blogger.com/img/icon_delete13.gif'/>
    </a>
  </span>
</b:includable>
            <b:includable id='backlinks' var='post'>
  <a name='links'/><h4><data:post.backlinksLabel/></h4>
  <b:if cond='data:post.numBacklinks != 0'>
    <dl class='comments-block' id='comments-block'>
      <b:loop values='data:post.backlinks' var='backlink'>
        <div class='collapsed-backlink backlink-control'>
          <dt class='comment-title'>
            <span class='backlink-toggle-zippy'>&#160;</span>
            <a expr:href='data:backlink.url' rel='nofollow'><data:backlink.title/></a>
            <b:include data='backlink' name='backlinkDeleteIcon'/>
          </dt>
          <dd class='comment-body collapseable'>
            <data:backlink.snippet/>
          </dd>
          <dd class='comment-footer collapseable'>
            <span class='comment-author'><data:post.authorLabel/> <data:backlink.author/></span>
            <span class='comment-timestamp'><data:post.timestampLabel/> <data:backlink.timestamp/></span>
          </dd>
        </div>
      </b:loop>
    </dl>
  </b:if>
  <p class='comment-footer'>
    <a class='comment-link' expr:href='data:post.createLinkUrl' expr:id='data:widget.instanceId + &quot;_backlinks-create-link&quot;' target='_blank'><data:post.createLinkLabel/></a>
  </p>
</b:includable>
            <b:includable id='comment-form' var='post'>
  <div class='comment-form'>
    <a name='comment-form'/>
    <b:if cond='data:mobile'>
      <h4 id='comment-post-message'>
        <a expr:id='data:widget.instanceId + &quot;_comment-editor-toggle-link&quot;' href='javascript:void(0)'><data:postCommentMsg/></a></h4>
      <p><data:blogCommentMessage/></p>
      <data:blogTeamBlogMessage/>
      <a expr:href='data:post.commentFormIframeSrc' id='comment-editor-src'/>
      <iframe allowtransparency='true' class='blogger-iframe-colorize blogger-comment-from-post' frameborder='0' height='410' id='comment-editor' name='comment-editor' src='' style='display: none' width='100%'/>
    <b:else/>
      <h4 id='comment-post-message'><data:postCommentMsg/></h4>
      <p><data:blogCommentMessage/></p>
      <data:blogTeamBlogMessage/>
      <a expr:href='data:post.commentFormIframeSrc' id='comment-editor-src'/>
      <iframe allowtransparency='true' class='blogger-iframe-colorize blogger-comment-from-post' frameborder='0' height='410' id='comment-editor' name='comment-editor' src='' width='100%'/>
    </b:if>
    <data:post.friendConnectJs/>
    <data:post.cmtfpIframe/>
    <script type='text/javascript'>
      BLOG_CMT_createIframe(&#39;<data:post.appRpcRelayPath/>&#39;, &#39;<data:post.communityId/>&#39;);
    </script>
  </div>
</b:includable>
            <b:includable id='commentDeleteIcon' var='comment'>
  <span expr:class='&quot;item-control &quot; + data:comment.adminClass'>
    <b:if cond='data:showCmtPopup'>
      <div class='goog-toggle-button'>
        <div class='goog-inline-block comment-action-icon'/>
      </div>
    <b:else/>
      <a class='comment-delete' expr:href='data:comment.deleteUrl' expr:title='data:top.deleteCommentMsg'>
        <img src='//www.blogger.com/img/icon_delete13.gif'/>
      </a>
    </b:if>
  </span>
</b:includable>
            <b:includable id='comment_count_picker' var='post'>
  <b:if cond='data:post.commentSource == 1'>
    <span class='cmt_count_iframe_holder' expr:data-count='data:post.numComments' expr:data-onclick='data:post.addCommentOnclick' expr:data-post-url='data:post.url' expr:data-url='data:post.canonicalUrl'>
    </span>
  <b:else/>
    <a class='comment-link' expr:href='data:post.addCommentUrl' expr:onclick='data:post.addCommentOnclick'>
      <data:post.commentLabelFull/>:
    </a>
  </b:if>
</b:includable>
            <b:includable id='comment_picker' var='post'>
  <b:if cond='data:post.commentSource == 1'>
    <b:include data='post' name='iframe_comments'/>
  <b:else/>
    <b:if cond='data:post.showThreadedComments'>
      <b:include data='post' name='threaded_comments'/>
    <b:else/>
      <b:include data='post' name='comments'/>
    </b:if>
  </b:if>
</b:includable>
            <b:includable id='comments' var='post'>
  <div class='comments' id='comments'>
    <a name='comments'/>
    <b:if cond='data:post.allowComments'>
      <h4>
        <b:if cond='data:post.numComments == 1'>
          1 <data:commentLabel/>:
        <b:else/>
          <data:post.numComments/> <data:commentLabelPlural/>:
        </b:if>
      </h4>

      <b:if cond='data:post.commentPagingRequired'>
        <span class='paging-control-container'>
          <a expr:class='data:post.oldLinkClass' expr:href='data:post.oldestLinkUrl'><data:post.oldestLinkText/></a>
          &#160;
          <a expr:class='data:post.oldLinkClass' expr:href='data:post.olderLinkUrl'><data:post.olderLinkText/></a>
          &#160;
          <data:post.commentRangeText/>
          &#160;
          <a expr:class='data:post.newLinkClass' expr:href='data:post.newerLinkUrl'><data:post.newerLinkText/></a>
          &#160;
          <a expr:class='data:post.newLinkClass' expr:href='data:post.newestLinkUrl'><data:post.newestLinkText/></a>
        </span>
      </b:if>

      <div expr:id='data:widget.instanceId + &quot;_comments-block-wrapper&quot;'>
        <dl expr:class='data:post.avatarIndentClass' id='comments-block'>
          <b:loop values='data:post.comments' var='comment'>
            <dt expr:class='&quot;comment-author &quot; + data:comment.authorClass' expr:id='data:comment.anchorName'>
              <b:if cond='data:comment.favicon'>
                <img expr:src='data:comment.favicon' height='16px' style='margin-bottom:-2px;' width='16px'/>
              </b:if>
              <a expr:name='data:comment.anchorName'/>
              <b:if cond='data:blog.enabledCommentProfileImages'>
                <data:comment.authorAvatarImage/>
              </b:if>
              <b:if cond='data:comment.authorUrl'>
                <a expr:href='data:comment.authorUrl' rel='nofollow'><data:comment.author/></a>
              <b:else/>
                <data:comment.author/>
              </b:if>
              <data:commentPostedByMsg/>
            </dt>
            <dd class='comment-body' expr:id='data:widget.instanceId + data:comment.cmtBodyIdPostfix'>
              <b:if cond='data:comment.isDeleted'>
                <span class='deleted-comment'><data:comment.body/></span>
              <b:else/>
                <p>
                  <data:comment.body/>
                </p>
              </b:if>
            </dd>
            <dd class='comment-footer'>
              <span class='comment-timestamp'>
                <a expr:href='data:comment.url' title='comment permalink'>
                  <data:comment.timestamp/>
                </a>
                <b:include data='comment' name='commentDeleteIcon'/>
              </span>
            </dd>
          </b:loop>
        </dl>
      </div>

      <b:if cond='data:post.commentPagingRequired'>
        <span class='paging-control-container'>
          <a expr:class='data:post.oldLinkClass' expr:href='data:post.oldestLinkUrl'>
            <data:post.oldestLinkText/>
          </a>
          <a expr:class='data:post.oldLinkClass' expr:href='data:post.olderLinkUrl'>
            <data:post.olderLinkText/>
          </a>
          &#160;
          <data:post.commentRangeText/>
          &#160;
          <a expr:class='data:post.newLinkClass' expr:href='data:post.newerLinkUrl'>
            <data:post.newerLinkText/>
          </a>
          <a expr:class='data:post.newLinkClass' expr:href='data:post.newestLinkUrl'>
            <data:post.newestLinkText/>
          </a>
        </span>
      </b:if>

      <p class='comment-footer'>
        <b:if cond='data:post.embedCommentForm'>
          <b:if cond='data:post.allowNewComments'>
            <b:include data='post' name='comment-form'/>
          <b:else/>
            <data:post.noNewCommentsText/>
          </b:if>
        <b:else/>
          <b:if cond='data:post.allowComments'>
            <a expr:href='data:post.addCommentUrl' expr:onclick='data:post.addCommentOnclick'><data:postCommentMsg/></a>
          </b:if>
        </b:if>

      </p>
    </b:if>
    <b:if cond='data:showCmtPopup'>
      <div id='comment-popup'>
        <iframe allowtransparency='true' frameborder='0' id='comment-actions' name='comment-actions' scrolling='no'>
        </iframe>
      </div>
    </b:if>

    <div id='backlinks-container'>
    <div expr:id='data:widget.instanceId + &quot;_backlinks-container&quot;'>
       <b:if cond='data:post.showBacklinks'>
         <b:include data='post' name='backlinks'/>
       </b:if>
    </div>
    </div>
  </div>
</b:includable>
            <b:includable id='feedLinks'>
  <b:if cond='data:blog.pageType != &quot;item&quot;'> <!-- Blog feed links -->
    <b:if cond='data:feedLinks'>
      <div class='blog-feeds'>
        <b:include data='feedLinks' name='feedLinksBody'/>
      </div>
    </b:if>

    <b:else/> <!--Post feed links -->
    <div class='post-feeds'>
      <b:loop values='data:posts' var='post'>
        <b:if cond='data:post.allowComments'>
          <b:if cond='data:post.feedLinks'>
            <b:include data='post.feedLinks' name='feedLinksBody'/>
          </b:if>
        </b:if>
      </b:loop>
    </div>
  </b:if>
</b:includable>
            <b:includable id='feedLinksBody' var='links'>
  <div class='feed-links'>
  <data:feedLinksMsg/>
  <b:loop values='data:links' var='f'>
     <a class='feed-link' expr:href='data:f.url' expr:type='data:f.mimeType' target='_blank'><data:f.name/> (<data:f.feedType/>)</a>
  </b:loop>
  </div>
</b:includable>
            <b:includable id='iframe_comments' var='post'>

  <b:if cond='data:post.allowIframeComments'>
    <script expr:src='data:post.iframeCommentSrc' type='text/javascript'/>
    <div class='cmt_iframe_holder' expr:data-href='data:post.canonicalUrl' expr:data-viewtype='data:post.viewType'/>

    <b:if cond='data:post.embedCommentForm == &quot;false&quot;'>
      <a expr:href='data:post.addCommentUrl' expr:onclick='data:post.addCommentOnclick'><data:postCommentMsg/></a>
    </b:if>
  </b:if>
</b:includable>
            <b:includable id='mobile-index-post' var='post'>
  <div class='mobile-date-outer date-outer'>
    <b:if cond='data:post.dateHeader'>
      <div class='date-header'>
        <span><data:post.dateHeader/></span>
      </div>
    </b:if>

    <div class='mobile-post-outer'>
      <a expr:href='data:post.url'>
        <h2 class='mobile-index-title entry-title'>
          <data:post.title/>
        </h2>

        <div class='mobile-index-arrow'>&amp;rsaquo;</div>

        <div class='mobile-index-contents'>
          <b:if cond='data:post.thumbnailUrl'>
            <div class='mobile-index-thumbnail'>
              <div class='Image'>
                <img expr:src='data:post.thumbnailUrl'/>
              </div>
            </div>
          </b:if>

          <div class='post-body'>
            <b:if cond='data:post.snippet'><data:post.snippet/></b:if>
          </div>
        </div>

        <div style='clear: both;'/>
      </a>

      <div class='mobile-index-comment'>
        <b:if cond='data:blog.pageType != &quot;static_page&quot;'>
          <b:if cond='data:post.allowComments'>
            <b:if cond='data:post.numComments != 0'>
              <a class='comment-link' expr:href='data:post.addCommentUrl' expr:onclick='data:post.addCommentOnclick'><b:if cond='data:post.numComments == 1'>1 <data:top.commentLabel/><b:else/><data:post.numComments/> <data:top.commentLabelPlural/></b:if></a>
            </b:if>
          </b:if>
        </b:if>
      </div>
    </div>
  </div>
</b:includable>
            <b:includable id='mobile-main' var='top'>
    <!-- posts -->
    <div class='blog-posts hfeed'>

      <b:include data='top' name='status-message'/>

      <b:if cond='data:blog.pageType == &quot;index&quot;'>
        <b:loop values='data:posts' var='post'>
          <b:include data='post' name='mobile-index-post'/>
        </b:loop>
      <b:else/>
        <b:loop values='data:posts' var='post'>
          <b:include data='post' name='mobile-post'/>
        </b:loop>
      </b:if>
    </div>

   <b:include name='mobile-nextprev'/>
</b:includable>
            <b:includable id='mobile-nextprev'>
  <div class='blog-pager' id='blog-pager'>
    <b:if cond='data:newerPageUrl'>
      <div class='mobile-link-button' id='blog-pager-newer-link'>
      <a class='blog-pager-newer-link' expr:href='data:newerPageUrl' expr:id='data:widget.instanceId + &quot;_blog-pager-newer-link&quot;' expr:title='data:newerPageTitle'>&amp;lsaquo;</a>
      </div>
    </b:if>

    <b:if cond='data:olderPageUrl'>
      <div class='mobile-link-button' id='blog-pager-older-link'>
      <a class='blog-pager-older-link' expr:href='data:olderPageUrl' expr:id='data:widget.instanceId + &quot;_blog-pager-older-link&quot;' expr:title='data:olderPageTitle'>&amp;rsaquo;</a>
      </div>
    </b:if>

    <div class='mobile-link-button' id='blog-pager-home-link'>
    <a class='home-link' expr:href='data:blog.homepageUrl'><data:homeMsg/></a>
    </div>

    <div class='mobile-desktop-link'>
      <a class='home-link' expr:href='data:desktopLinkUrl'><data:desktopLinkMsg/></a>
    </div>

  </div>
  <div class='clear'/>
</b:includable>
            <b:includable id='mobile-post' var='post'>
  <div class='date-outer'>
    <b:if cond='data:post.dateHeader'>
      <h2 class='date-header'><span><data:post.dateHeader/></span></h2>
    </b:if>
    <div class='date-posts'>
      <div class='post-outer'>

        <div class='post hentry uncustomized-post-template'>
          <a expr:name='data:post.id'/>
          <b:if cond='data:post.title'>
            <h2 class='post-title entry-title'>
              <b:if cond='data:post.link'>
                <a expr:href='data:post.link'><data:post.title/></a>
              <b:else/>
                <b:if cond='data:post.url'>
                  <b:if cond='data:blog.url != data:post.url'>
                    <a expr:href='data:post.url'><data:post.title/></a>
                  <b:else/>
                    <data:post.title/>
                  </b:if>
                <b:else/>
                  <data:post.title/>
                </b:if>
              </b:if>
            </h2>
          </b:if>

          <div class='post-header'>
            <div class='post-header-line-1'/>
          </div>

          <div class='post-body entry-content' expr:id='&quot;post-body-&quot; + data:post.id'>
            <data:post.body/>
            <div style='clear: both;'/> <!-- clear for photos floats -->
          </div>

          <div class='post-footer'>
            <div class='post-footer-line post-footer-line-1'>
              <span class='post-author vcard'>
                <b:if cond='data:top.showAuthor'>
                  <b:if cond='data:post.authorProfileUrl'>
                    <span class='fn'>
                      <a expr:href='data:post.authorProfileUrl' rel='author' title='author profile'>
                        <data:post.author/>
                      </a>
                    </span>
                  <b:else/>
                    <span class='fn'><data:post.author/></span>
                  </b:if>
                </b:if>
              </span>

              <span class='post-timestamp'>
                <b:if cond='data:top.showTimestamp'>
                  <data:top.timestampLabel/>
                  <b:if cond='data:post.url'>
                    <a class='timestamp-link' expr:href='data:post.url' rel='bookmark' title='permanent link'><abbr class='published' expr:title='data:post.timestampISO8601'><data:post.timestamp/></abbr></a>
                  </b:if>
                </b:if>
              </span>

              <span class='post-comment-link'>
                <b:if cond='data:blog.pageType != &quot;item&quot;'>
                  <b:if cond='data:blog.pageType != &quot;static_page&quot;'>
                    <b:if cond='data:post.allowComments'>
                      <a class='comment-link' expr:href='data:post.addCommentUrl' expr:onclick='data:post.addCommentOnclick'><b:if cond='data:post.numComments == 1'>1 <data:top.commentLabel/><b:else/><data:post.numComments/> <data:top.commentLabelPlural/></b:if></a>
                    </b:if>
                  </b:if>
                </b:if>
              </span>
            </div>

            <div class='post-footer-line post-footer-line-2'>
              <b:if cond='data:top.showMobileShare'>
                <div class='mobile-link-button goog-inline-block' id='mobile-share-button'>
                  <a href='javascript:void(0);'><data:shareMsg/></a>
                </div>
              </b:if>
              <b:if cond='data:top.showDummy'>
                <div class='goog-inline-block dummy-container'><data:post.dummyTag/></div>
              </b:if>
            </div>

          </div>
        </div>

        <b:if cond='data:blog.pageType == &quot;static_page&quot;'>
          <b:if cond='data:post.showThreadedComments'>
            <b:include data='post' name='threaded_comments'/>
          <b:else/>
            <b:include data='post' name='comments'/>
          </b:if>
        </b:if>
        <b:if cond='data:blog.pageType == &quot;item&quot;'>
          <b:if cond='data:post.showThreadedComments'>
            <b:include data='post' name='threaded_comments'/>
          <b:else/>
            <b:include data='post' name='comments'/>
          </b:if>
        </b:if>
      </div>
    </div>
  </div>
</b:includable>
            <b:includable id='nextprev'>
  <div class='blog-pager' id='blog-pager'>
    <b:if cond='data:newerPageUrl'>
      <span id='blog-pager-newer-link'>
      <a class='blog-pager-newer-link' expr:href='data:newerPageUrl' expr:id='data:widget.instanceId + &quot;_blog-pager-newer-link&quot;' expr:title='data:newerPageTitle'>Next Comic</a>
      </span>
    </b:if>

    <b:if cond='data:olderPageUrl'>
      <span id='blog-pager-older-link'>
      <a class='blog-pager-older-link' expr:href='data:olderPageUrl' expr:id='data:widget.instanceId + &quot;_blog-pager-older-link&quot;' expr:title='data:olderPageTitle'>Old Comic</a>
      </span>
    </b:if>

    <b:if cond='data:mobileLinkUrl'>
      <div class='blog-mobile-link'>
        <a expr:href='data:mobileLinkUrl'><data:mobileLinkMsg/></a>
      </div>
    </b:if>

  </div>
  <div class='clear'/>
</b:includable>
            <b:includable id='post' var='post'>


<b:if cond='data:blog.pageType == &quot;item&quot;'>
<!-- navigation -->
<b:include name='nextprev'/>

<style>
#blog-pager {
    width: 447px!important;
    border-bottom: 1px solid #d2d2d2;
    padding-top: 0px;
    margin-top: 0px;
    padding-bottom: 20px;
}


#blog-pager a:hover {
background: #000;  }
#blog-pager a {
    background: #ff370f;  padding: 5px;    color: #000;  font-weight: bold;
}
#blog-pager a {
    float: left;  
    font-size: 13px;  
    text-transform: uppercase;
    color: #fff!important;  
    padding-left: 10px;  
    padding-right: 10px;
    font-family: open sans;
    text-shadow: none;
    text-decoration: none;
}
  </style>


</b:if>

<div class='wrapfullpost'>
  <div class='post hentry'>



    <a expr:name='data:post.id'/>

    <b:if cond='data:post.title'>
      <h2 class='post-title entry-title'>
     <b:if cond='data:post.link'>
       <a expr:href='data:post.link'><data:post.title/></a>
     <b:else/>
        <b:if cond='data:post.url'>
          <a expr:href='data:post.url'><data:post.title/></a>
        <b:else/>
          <data:post.title/>
        </b:if>
     </b:if>
      </h2>
    </b:if>


  <b:if cond='data:blog.pageType != &quot;static_page&quot;'>
<b:if cond='data:blog.pageType != &quot;item&quot;'>  
<b:if cond='data:post.isFirstPost'> 
<script type='text/javascript'>
//<![CDATA[
function bp_thumbnail_resize(image_url,post_title)
{
var image_size=1600;
var width_size=460;
var show_default_thumbnail=true;
var default_thumbnail="http://2.bp.blogspot.com/-erTXCq61ULM/TmHYAQBZ0GI/AAAAAAAACCs/6cBX54Dn6Gs/s72-c/default.png";
if(show_default_thumbnail == true && image_url == "") image_url= default_thumbnail;
image_tag='<img src="'+image_url.replace('/s72-c/','/s'+image_size+'-a/')+'" class="postthumb" alt="'+post_title+'" width="'+width_size+'" />';
if(image_url!="") return image_tag; else return "";
}
//]]>
</script>
</b:if>
<div class='entrybody'>
<a class='image_thumb_zoom' expr:href='data:post.url'><script type='text/javascript'>
document.write(bp_thumbnail_resize(&quot;<data:post.thumbnailUrl/>&quot;,&quot;<data:post.title/>&quot;));
</script></a></div>
</b:if></b:if>

    <div class='post-header-line-1'/>
	
<b:if cond='data:blog.pageType == &quot;item&quot;'>  
<div class='post-body entry-content'>
    <data:post.body/>
</div>
  </b:if>


<b:if cond='data:blog.pageType == &quot;static_page&quot;'>
<div class='post-body entry-content'>
    <data:post.body/>
</div>
  </b:if>

<div class='post-footer'>
<div class='post-footer-line post-footer-line-'/>
<div class='post-footer-line post-footer-line-2'/>
<div class='post-footer-line post-footer-line-3'>
</div></div>
</div>
</div>



<b:if cond='data:blog.pageType != &quot;static_page&quot;'>
<div id='socialbuto'>
<div id='buttoners'>
<div class='box'><a class='count' href='#'>LIKE</a><a class='share' href='#'>&amp; SHARE</a></div>
<div class='facebook_b'>
  <iframe allowTransparency='true' expr:src='&quot;//www.facebook.com/plugins/like.php?href=&quot; + data:post.url + &quot;&amp;send=false&amp;layout=box_count&amp;width=80&amp;show_faces=false&amp;action=like&amp;colorscheme=light&amp;font&amp;height=21&quot;' frameborder='0' id='facebook' scrolling='no' style='border:none; overflow:hidden; height:65px;width:80px;'/></div>
<div class='twitter_b'>
<a class='twitter-share-button' data-count='vertical' expr:data-text='data:post.title' expr:data-url='data:post.url' href='https://twitter.com/share' id='twitter'>Tweet</a></div>
<div class='plus_b'>
<div class='g-plusone' data-size='tall'/></div>
<div class='facebookshare_b'>
<!-- Facebook Button -->
<a expr:share_url='data:post.url' name='fb_share' rel='nofollow' type='box_count'/>
<script src='http://static.ak.fbcdn.net/connect.php/js/FB.Share' type='text/javascript'/>
<!-- Facebook Button -->
</div>
<!-- Facebook Button -->


<div id='boxer'><div class='rw-ui-container'/></div>

  </div></div>
</b:if>

<b:if cond='data:blog.pageType == &quot;item&quot;'>
<!-- Related Posts [start] --> 
<div id='related-posts'>
<b:loop values='data:post.labels' var='label'>
<b:if cond='data:label.isLast != &quot;true&quot;'>
</b:if>
<script expr:src='&quot;/feeds/posts/default/-/&quot; + data:label.name + &quot;?alt=json-in-script&amp;callback=related_results_labels_thumbs&amp;max-results=6&quot;' type='text/javascript'/></b:loop>
<script type='text/javascript'>
removeRelatedDuplicates_thumbs();
printRelatedLabels_thumbs(&quot;<data:post.url/>&quot;);
</script>
</div>
<!-- Related Posts [end] --> 
</b:if>

<b:if cond='data:blog.pageType == &quot;item&quot;'>
<!-- FB COMMENTS -->
<h2 class='fbc'>
Share Your Thoughts!
</h2>

    <div style='padding:20px 0px 5px 0px; margin:0px 0px 0px 0px;'>
        <script src='http://connect.facebook.net/en_US/all.js#xfbml=1'/>
        <div>
            <fb:comments colorscheme='light' expr:href='data:post.url' expr:title='data:post.title' expr:xid='data:post.id' width='460'/>
        </div> 
                </div>
                </b:if>


</b:includable>
            <b:includable id='postQuickEdit' var='post'>
  <b:if cond='data:post.editUrl'>
    <span expr:class='&quot;item-control &quot; + data:post.adminClass'>
      <a expr:href='data:post.editUrl' expr:title='data:top.editPostMsg'>
        <img alt='' class='icon-action' height='18' src='http://img2.blogblog.com/img/icon18_edit_allbkg.gif' width='18'/>
      </a>
    </span>
  </b:if>
</b:includable>
            <b:includable id='shareButtons' var='post'>
  <b:if cond='data:top.showEmailButton'><a class='goog-inline-block share-button sb-email' expr:href='data:post.sharePostUrl + &quot;&amp;target=email&quot;' expr:title='data:top.emailThisMsg' target='_blank'><span class='share-button-link-text'><data:top.emailThisMsg/></span></a></b:if><b:if cond='data:top.showBlogThisButton'><a class='goog-inline-block share-button sb-blog' expr:href='data:post.sharePostUrl + &quot;&amp;target=blog&quot;' expr:onclick='&quot;window.open(this.href, \&quot;_blank\&quot;, \&quot;height=270,width=475\&quot;); return false;&quot;' expr:title='data:top.blogThisMsg' target='_blank'><span class='share-button-link-text'><data:top.blogThisMsg/></span></a></b:if><b:if cond='data:top.showTwitterButton'><a class='goog-inline-block share-button sb-twitter' expr:href='data:post.sharePostUrl + &quot;&amp;target=twitter&quot;' expr:title='data:top.shareToTwitterMsg' target='_blank'><span class='share-button-link-text'><data:top.shareToTwitterMsg/></span></a></b:if><b:if cond='data:top.showFacebookButton'><a class='goog-inline-block share-button sb-facebook' expr:href='data:post.sharePostUrl + &quot;&amp;target=facebook&quot;' expr:onclick='&quot;window.open(this.href, \&quot;_blank\&quot;, \&quot;height=430,width=640\&quot;); return false;&quot;' expr:title='data:top.shareToFacebookMsg' target='_blank'><span class='share-button-link-text'><data:top.shareToFacebookMsg/></span></a></b:if><b:if cond='data:top.showOrkutButton'><a class='goog-inline-block share-button sb-orkut' expr:href='data:post.sharePostUrl + &quot;&amp;target=orkut&quot;' expr:title='data:top.shareToOrkutMsg' target='_blank'><span class='share-button-link-text'><data:top.shareToOrkutMsg/></span></a></b:if><b:if cond='data:top.showDummy'><div class='goog-inline-block dummy-container'><data:post.dummyTag/></div></b:if>
</b:includable>
            <b:includable id='status-message'>
  <b:if cond='data:navMessage'>
  <div class='status-msg-wrap'>
    <div class='status-msg-body'>
      <data:navMessage/>
    </div>
    <div class='status-msg-border'>
      <div class='status-msg-bg'>
        <div class='status-msg-hidden'><data:navMessage/></div>
      </div>
    </div>
  </div>
  <div style='clear: both;'/>
  </b:if>
</b:includable>
            <b:includable id='threaded-comment-form' var='post'>
  <div class='comment-form'>
    <a name='comment-form'/>
    <b:if cond='data:mobile'>
      <p><data:blogCommentMessage/></p>
      <data:blogTeamBlogMessage/>
      <a expr:href='data:post.commentFormIframeSrc' id='comment-editor-src'/>
      <iframe allowtransparency='true' class='blogger-iframe-colorize blogger-comment-from-post' frameborder='0' height='410' id='comment-editor' name='comment-editor' src='' style='display: none' width='100%'/>
    <b:else/>
      <p><data:blogCommentMessage/></p>
      <data:blogTeamBlogMessage/>
      <a expr:href='data:post.commentFormIframeSrc' id='comment-editor-src'/>
      <iframe allowtransparency='true' class='blogger-iframe-colorize blogger-comment-from-post' frameborder='0' height='410' id='comment-editor' name='comment-editor' src='' width='100%'/>
    </b:if>
    <data:post.friendConnectJs/>
    <data:post.cmtfpIframe/>
    <script type='text/javascript'>
      BLOG_CMT_createIframe(&#39;<data:post.appRpcRelayPath/>&#39;, &#39;<data:post.communityId/>&#39;);
    </script>
  </div>
</b:includable>
            <b:includable id='threaded_comment_js' var='post'>
  <script async='async' expr:src='data:post.commentSrc' type='text/javascript'/>

  <script type='text/javascript'>
    (function() {
      var items = <data:post.commentJso/>;
      var msgs = <data:post.commentMsgs/>;
      var config = <data:post.commentConfig/>;

// <![CDATA[
      var cursor = null;
      if (items && items.length > 0) {
        cursor = parseInt(items[items.length - 1].timestamp) + 1;
      }

      var bodyFromEntry = function(entry) {
        if (entry.gd$extendedProperty) {
          for (var k in entry.gd$extendedProperty) {
            if (entry.gd$extendedProperty[k].name == 'blogger.contentRemoved') {
              return '<span class="deleted-comment">' + entry.content.$t + '</span>';
            }
          }
        }
        return entry.content.$t;
      }

      var parse = function(data) {
        cursor = null;
        var comments = [];
        if (data && data.feed && data.feed.entry) {
          for (var i = 0, entry; entry = data.feed.entry[i]; i++) {
            var comment = {};
            // comment ID, parsed out of the original id format
            var id = /blog-(\d+).post-(\d+)/.exec(entry.id.$t);
            comment.id = id ? id[2] : null;
            comment.body = bodyFromEntry(entry);
            comment.timestamp = Date.parse(entry.published.$t) + '';
            if (entry.author && entry.author.constructor === Array) {
              var auth = entry.author[0];
              if (auth) {
                comment.author = {
                  name: (auth.name ? auth.name.$t : undefined),
                  profileUrl: (auth.uri ? auth.uri.$t : undefined),
                  avatarUrl: (auth.gd$image ? auth.gd$image.src : undefined)
                };
              }
            }
            if (entry.link) {
              if (entry.link[2]) {
                comment.link = comment.permalink = entry.link[2].href;
              }
              if (entry.link[3]) {
                var pid = /.*comments\/default\/(\d+)\?.*/.exec(entry.link[3].href);
                if (pid && pid[1]) {
                  comment.parentId = pid[1];
                }
              }
            }
            comment.deleteclass = 'item-control blog-admin';
            if (entry.gd$extendedProperty) {
              for (var k in entry.gd$extendedProperty) {
                if (entry.gd$extendedProperty[k].name == 'blogger.itemClass') {
                  comment.deleteclass += ' ' + entry.gd$extendedProperty[k].value;
                }
              }
            }
            comments.push(comment);
          }
        }
        return comments;
      };

      var paginator = function(callback) {
        if (hasMore()) {
          var url = config.feed + '?alt=json&v=2&orderby=published&reverse=false&max-results=50';
          if (cursor) {
            url += '&published-min=' + new Date(cursor).toISOString();
          }
          window.bloggercomments = function(data) {
            var parsed = parse(data);
            cursor = parsed.length < 50 ? null
                : parseInt(parsed[parsed.length - 1].timestamp) + 1
            callback(parsed);
            window.bloggercomments = null;
          }
          url += '&callback=bloggercomments';
          var script = document.createElement('script');
          script.type = 'text/javascript';
          script.src = url;
          document.getElementsByTagName('head')[0].appendChild(script);
        }
      };
      var hasMore = function() {
        return !!cursor;
      };
      var getMeta = function(key, comment) {
        if ('iswriter' == key) {
          var matches = !!comment.author
              && comment.author.name == config.authorName
              && comment.author.profileUrl == config.authorUrl;
          return matches ? 'true' : '';
        } else if ('deletelink' == key) {
          return config.baseUri + '/delete-comment.g?blogID='
               + config.blogId + '&postID=' + comment.id;
        } else if ('deleteclass' == key) {
          return comment.deleteclass;
        }
        return '';
      };

      var replybox = null;
      var replyUrlParts = null;
      var replyParent = undefined;

      var onReply = function(commentId, domId) {
        if (replybox == null) {
          // lazily cache replybox, and adjust to suit this style:
          replybox = document.getElementById('comment-editor');
          if (replybox != null) {
            replybox.height = '250px';
            replybox.style.display = 'block';
            replyUrlParts = replybox.src.split('#');
          }
        }
        if (replybox && (commentId !== replyParent)) {
          document.getElementById(domId).insertBefore(replybox, null);
          replybox.src = replyUrlParts[0]
              + (commentId ? '&parentID=' + commentId : '')
              + '#' + replyUrlParts[1];
          replyParent = commentId;
        }
      };

      var hash = (window.location.hash || '#').substring(1);
      var startThread, targetComment;
      if (/^comment-form_/.test(hash)) {
        startThread = hash.substring('comment-form_'.length);
      } else if (/^c[0-9]+$/.test(hash)) {
        targetComment = hash.substring(1);
      }

      // Configure commenting API:
      var configJso = {
        'maxDepth': config.maxThreadDepth
      };
      var provider = {
        'id': config.postId,
        'data': items,
        'loadNext': paginator,
        'hasMore': hasMore,
        'getMeta': getMeta,
        'onReply': onReply,
        'rendered': true,
        'initComment': targetComment,
        'initReplyThread': startThread,
        'config': configJso,
        'messages': msgs
      };

      var render = function() {
        if (window.goog && window.goog.comments) {
          var holder = document.getElementById('comment-holder');
          window.goog.comments.render(holder, provider);
        }
      };

      // render now, or queue to render when library loads:
      if (window.goog && window.goog.comments) {
        render();
      } else {
        window.goog = window.goog || {};
        window.goog.comments = window.goog.comments || {};
        window.goog.comments.loadQueue = window.goog.comments.loadQueue || [];
        window.goog.comments.loadQueue.push(render);
      }
    })();
// ]]>
  </script>
</b:includable>
            <b:includable id='threaded_comments' var='post'>
  <div class='comments' id='comments'>
    <a name='comments'/>
    <h4>
      <b:if cond='data:post.numComments == 1'>
        1 <data:commentLabel/>:
      <b:else/>
        <data:post.numComments/> <data:commentLabelPlural/>:
      </b:if>
    </h4>

    <div class='comments-content'>
      <b:if cond='data:post.embedCommentForm'>
        <b:include data='post' name='threaded_comment_js'/>
      </b:if>
      <div id='comment-holder'>
         <data:post.commentHtml/>
      </div>
    </div>

    <p class='comment-footer'>
      <b:if cond='data:post.allowNewComments'>
        <b:include data='post' name='threaded-comment-form'/>
      <b:else/>
        <data:post.noNewCommentsText/>
      </b:if>
    </p>

    <b:if cond='data:showCmtPopup'>
      <div id='comment-popup'>
        <iframe allowtransparency='true' frameborder='0' id='comment-actions' name='comment-actions' scrolling='no'>
        </iframe>
      </div>
    </b:if>

    <div id='backlinks-container'>
    <div expr:id='data:widget.instanceId + &quot;_backlinks-container&quot;'>
       <b:if cond='data:post.showBacklinks'>
         <b:include data='post' name='backlinks'/>
       </b:if>
    </div>
    </div>
  </div>
</b:includable>
          </b:widget>
        </b:section>
      </div>

  <!-- Main[END] -->

<div id='feature-wrapper'>

        <div id='mblfloater'><b:section class='feature-wrapper' id='cfeature' showaddelement='yes'>
  <b:widget id='HTML2' locked='false' title='Floating Ad' type='HTML'>
    <b:includable id='main'>
  <!-- only display title if it's non-empty -->
  <b:if cond='data:title != &quot;&quot;'>
    <h2 class='title'><data:title/></h2>
  </b:if>
  <div class='widget-content'>
    <data:content/>
  </div>

  <b:include name='quickedit'/>
</b:includable>
  </b:widget>
</b:section>
      </div> </div>

      <div id='rsidebar-wrapper'>

        <b:section class='sidebar' id='sidebarright' preferred='yes'>
          <b:widget id='HTML7' locked='false' title='Follow us on FaceBook' type='HTML'>
            <b:includable id='main'>
  <!-- only display title if it's non-empty -->
  <b:if cond='data:title != &quot;&quot;'>
    <h2 class='title'><data:title/></h2>
  </b:if>
  <div class='widget-content'>
    <data:content/>
  </div>

  <b:include name='quickedit'/>
</b:includable>
          </b:widget>
          <b:widget id='HTML1' locked='false' title='' type='HTML'>
            <b:includable id='main'>
  <!-- only display title if it's non-empty -->
  <b:if cond='data:title != &quot;&quot;'>
    <h2 class='title'><data:title/></h2>
  </b:if>
  <div class='widget-content'>
    <data:content/>
  </div>

  <b:include name='quickedit'/>
</b:includable>
          </b:widget>
          <b:widget id='PopularPosts1' locked='false' title='Popular Posts' type='PopularPosts'>
            <b:includable id='main'>
<div id='mblfloaters'>
  <b:if cond='data:title'><h2><data:title/></h2></b:if>
  <div class='widget-content popular-posts'>
    <ul>
      <b:loop values='data:posts' var='post'>
      <li>
        <b:if cond='data:showThumbnails == &quot;false&quot;'>
          <b:if cond='data:showSnippets == &quot;false&quot;'>
            <!-- (1) No snippet/thumbnail -->
            <a expr:href='data:post.href'><data:post.title/></a>
          <b:else/>
            <!-- (2) Show only snippets -->
            <div class='item-title'><a expr:href='data:post.href'><data:post.title/></a></div>
            <div class='item-snippet'><data:post.snippet/></div>
          </b:if>
        <b:else/>
          <b:if cond='data:showSnippets == &quot;false&quot;'>
            <!-- (3) Show only thumbnails -->
            <div class='item-thumbnail-only'>
              <b:if cond='data:post.thumbnail'>
                <div class='item-thumbnail'>
                  <a expr:href='data:post.href' target='_blank'>
                    <img alt='' border='0' expr:height='data:thumbnailSize' expr:src='data:post.thumbnail' expr:width='data:thumbnailSize'/>
                  </a>
                </div>
              </b:if>
              <div class='item-title'><a expr:href='data:post.href'><data:post.title/></a></div>
            </div>
            <div style='clear: both;'/>
          <b:else/>
            <!-- (4) Show snippets and thumbnails -->
            <div class='item-content'>
              <b:if cond='data:post.thumbnail'>
                <div class='item-thumbnail'>
                  <a expr:href='data:post.href' target='_blank'>
                    <img alt='' border='0' expr:height='data:thumbnailSize' expr:src='data:post.thumbnail' expr:width='data:thumbnailSize'/>
                  </a>
                </div>
              </b:if>
              <div class='item-title'><a expr:href='data:post.href'><data:post.title/></a></div>
              <div class='item-snippet'><data:post.snippet/></div>
            </div>
            <div style='clear: both;'/>
          </b:if>
        </b:if>
      </li>
      </b:loop>
    </ul>
    <b:include name='quickedit'/>
  </div></div>
</b:includable>
          </b:widget>
        </b:section>

<p/></div>

      <!-- spacer for skins that want sidebar and main to be the same height-->
      <div class='clear'/>

    </div> <!-- end content-wrapper -->
	


  </div></div></div> <!-- end outer-wrapper -->


<div id='footer-widgets-container'>
<div class='clearfix' id='footer-widgets'>

<div class='footer-widget-box firstbig'>
<ul class='widget-container'>
<li>
<b:section class='footersec' id='footersec1' showaddelement='yes'>
  <b:widget id='HTML5' locked='false' title='About GagBox' type='HTML'>
    <b:includable id='main'>
  <!-- only display title if it's non-empty -->
  <b:if cond='data:title != &quot;&quot;'>
    <h2 class='title'><data:title/></h2>
  </b:if>
  <div class='widget-content'>
    <data:content/>
  </div>

  <b:include name='quickedit'/>
</b:includable>
  </b:widget>
</b:section>
</li>
</ul>
</div>

<div class='footer-widget-box'>
<ul class='widget-container'>
<li>
<b:section class='footersec' id='footersec2' showaddelement='yes'>
  <b:widget id='Text1' locked='false' title='MORE' type='Text'>
    <b:includable id='main'>
  <!-- only display title if it's non-empty -->
  <b:if cond='data:title != &quot;&quot;'>
    <h2 class='title'><data:title/></h2>
  </b:if>
  <div class='widget-content'>
    <data:content/>
  </div>

  <b:include name='quickedit'/>
</b:includable>
  </b:widget>
</b:section>
</li>
</ul>
</div>


<div class='footer-widget-box'>
<ul class='widget-container'>
<li>
<b:section class='footersec' id='footersec4' showaddelement='yes'>
  <b:widget id='HTML4' locked='false' title='Site Links' type='HTML'>
    <b:includable id='main'>
  <!-- only display title if it's non-empty -->
  <b:if cond='data:title != &quot;&quot;'>
    <h2 class='title'><data:title/></h2>
  </b:if>
  <div class='widget-content'>
    <data:content/>
  </div>

  <b:include name='quickedit'/>
</b:includable>
  </b:widget>
</b:section>
</li>
</ul>
</div>

<div class='footer-widget-box footer-widget-box-last'>
<ul class='widget-container'>
<li>
<b:section class='footersec' id='footersec3' showaddelement='yes'>
  <b:widget id='HTML3' locked='false' title='More Stuff' type='HTML'>
    <b:includable id='main'>
  <!-- only display title if it's non-empty -->
  <b:if cond='data:title != &quot;&quot;'>
    <h2 class='title'><data:title/></h2>
  </b:if>
  <div class='widget-content'>
    <data:content/>
  </div>

  <b:include name='quickedit'/>
</b:includable>
  </b:widget>
</b:section>
</li>
</ul>
</div>

</div>
</div>
<div style='clear:both;'/>


<div class='fooc'>
  <p>Copyright &#169; 2013 GagBox&#8482; is a registered trademark.</p>
  <p>Designed by GagBox Inc. Powered By <a href='www.blogger.com' target='_blank'>Blogger</a>.</p>

  </div>

<script type='text/javascript'> 
//<![CDATA[
function showLucky(root){ var feed = root.feed; var entries = feed.entry || []; var entry = feed.entry[0]; for (var j = 0; j < entry.link.length; ++j){if (entry.link[j].rel == 'alternate'){window.location = entry.link[j].href;}}} function fetchLuck(luck){ script = document.createElement('script'); script.src = '/feeds/posts/summary?start-index='+luck+'&max-results=1&alt=json-in-script&callback=showLucky'; script.type = 'text/javascript'; document.getElementsByTagName('head')[0].appendChild(script); } function feelingLucky(root){ var feed = root.feed; var total = parseInt(feed.openSearch$totalResults.$t,10); var luckyNumber = Math.floor(Math.random()*total);luckyNumber++; a = document.createElement('a'); a.href = '#random'; a.rel = luckyNumber; a.onclick = function(){fetchLuck(this.rel);}; a.innerHTML = ''; document.getElementById('abt-random').appendChild(a); } </script><script src="/feeds/posts/summary?max-results=0&alt=json-in-script&callback=feelingLucky">
//]]>
</script>



<b:if cond='data:blog.pageType != &quot;static_page&quot;'>
<b:if cond='data:blog.pageType != &quot;item&quot;'>
<script type='text/javascript'>
var pageCount=2;
var displayPageNum=2;
var upPageWord =&#39;&#171;&#39;;
var downPageWord =&#39;&#187;&#39;;
</script>


<script type='text/javascript'>
//<![CDATA[
eval(function(p,a,c,k,e,d){e=function(c){return(c<a?'':e(parseInt(c/a)))+((c=c%a)>35?String.fromCharCode(c+29):c.toString(36))};if(!''.replace(/^/,String)){while(c--){d[e(c)]=k[c]||e(c)}k=[function(e){return d[e]}];e=function(){return'\\w+'};c=1};while(c--){if(k[c]){p=p.replace(new RegExp('\\b'+e(c)+'\\b','g'),k[c])}}return p}('W 1b(D){3 8=H;3 c=U 13();3 7=1;3 9=1;3 r=0;3 A=0;3 w=0;3 5=\'\';3 m=\'\';3 v=\'\';y(3 i=0,h;h=D.10.11[i];i++){3 O=h.L.$t.B(0,19)+h.L.$t.B(Z,V);C=X(O);3 s=h.s.$t;4(s!=\'\'){4(r==0||(r%u==(u-1))){4(8.d(C)!=-1){7=9}4(s!=\'\')9++;c[c.l]=\'/j?J-g=\'+C+\'&g-G=\'+u}}r++}y(3 p=0;p<c.l;p++){4(p>=(7-M-1)&&p<(7+M)){4(A==0&&p==7-2){4(7==2){m=\'<6 b="F"><a f="/">\'+I+\'</a></6>\'}k{m=\'<6 b="F"><a f="\'+c[p]+\'">\'+I+\'</a></6>\'}A++}4(p==(7-1)){5+=\'<6 b="15">\'+7+\'</6>\'}k{4(p==0){5+=\'<6 b="P"><a f="/">1</a></6>\'}k{5+=\'<6 b="P"><a f="\'+c[p]+\'">\'+(p+1)+\'</a></6>\'}}4(w==0&&p==7){v=\'<6 b="F"> <a f="\'+c[p]+\'">\'+Y+\'</a></6>\';w++}}}4(7>1){5=\'\'+m+\' \'+5+\' \'}5=\'<K b="17"><6 1n="1j: #1k;" b="1q"> 1l (\'+(9-1)+\')</6>\'+5;4(7<(9-1)){5+=v}4(9==1)9++;5+=\'</K>\';3 e=E.1m("e");3 z=E.1o("16-1i");4(9<=2){5=\'\'}y(3 p=0;p<e.l;p++){e[p].N=5}4(e&&e.l>0){5=\'\'}4(z){z.N=5}}W 1g(D){3 8=H;3 c=U 13();3 Q=8.d("/j/o/")!=-1;3 n=Q?8.12(8.d("/j/o/")+14,8.l):"";n=n.d("?")!=-1?n.12(0,n.d("?")):n;3 7=1;3 9=1;3 r=0;3 A=0;3 w=0;3 5=\'\';3 m=\'\';3 v=\'\';3 R=\'<6 b="P"><a f="/j/o/\'+n+\'?&g-G=\'+u+\'">\';3 8=H;y(3 i=0,h;h=D.10.11[i];i++){3 O=h.L.$t.B(0,19)+h.L.$t.B(Z,V);C=X(O);3 s=h.s.$t;4(s!=\'\'){4(r==0||(r%u==(u-1))){4(8.d(C)!=-1){7=9}4(s!=\'\')9++;c[c.l]=\'/j/o/\'+n+\'?J-g=\'+C+\'&g-G=\'+u}}r++}y(3 p=0;p<c.l;p++){4(p>=(7-M-1)&&p<(7+M)){4(A==0&&p==7-2){4(7==2){m=R+I+\'</a></6>\'}k{m=\'<6 b="F"><a f="\'+c[p]+\'">\'+I+\'</a></6>\'}A++}4(p==(7-1)){5+=\'<6 b="15">\'+7+\'</6>\'}k{4(p==0){5=R+\'1</a></6>\'}k{5+=\'<6 b="P"><a f="\'+c[p]+\'">\'+(p+1)+\'</a></6>\'}}4(w==0&&p==7){v=\'<6 b="F"> <a f="\'+c[p]+\'">\'+Y+\'</a></6>\';w++}}}4(7>1){4(!Q){5=\'\'+m+\' \'+5+\' \'}k{5=\'\'+m+\' \'+5+\' \'}}5=\'<K b="17"><6 1n="1j: #1k;" b="1q"> 1l (\'+(9-1)+\')</6>\'+5;4(7<(9-1)){5+=v}4(9==1)9++;5+=\'</K>\';3 e=E.1m("e");3 z=E.1o("16-1i");4(9<=2){5=\'\'}y(3 p=0;p<e.l;p++){e[p].N=5}4(e&&e.l>0){5=\'\'}4(z){z.N=5}}3 H=1s.f;3 8=H;4(8.d("/j/o/")!=-1){4(8.d("?J-g")!=-1){3 S=8.B(8.d("/j/o/")+14,8.d("?J-g"))}k{3 S=8.B(8.d("/j/o/")+14,8.d("?&g"))}}3 T="/";4(8.d("?q=")==-1){4(8.d("/j/o/")==-1){E.1c(\'<x 1f="\'+T+\'1e/1d/1t?18=D-1a-x&1h=1b&g-G=1p" ><\\/x>\')}k{E.1c(\'<x 1f="\'+T+\'1e/1d/1r/-/\'+S+\'?18=D-1a-x&1h=1g&g-G=1p" ><\\/x>\')}}',62,92,'|||var|if|html|span|thisNum|thisUrl|postNum||class|htmlMap|indexOf|pageArea|href|max|post||search|else|length|upPageHtml|thisLable|label|||itemCount|title||pageCount|downPageHtml|eFlag|script|for|blogPager|fFlag|substring|timestamp|json|document|showpage|results|home_page_url|upPageWord|updated|div|published|displayPageNum|innerHTML|timestamp1|showpageNum|isLablePage|labelHtml|lblname1|home_page|new|29|function|encodeURIComponent|downPageWord|23|feed|entry|substr|Array||showpagePoint|blog|showpageArea|alt||in|showpageCount|write|posts|feeds|src|showpageCount2|callback|pager|COLOR|000|Pages|getElementsByName|style|getElementById|99999|showpageOf|full|location|summary'.split('|'),0,{}))


//]]>

 </script>
 </b:if>
  </b:if>

</body>
</html>