<?xml version="1.0" encoding="UTF-8" ?>
<!DOCTYPE html PUBLIC "-//W3C//DTD XHTML 1.0 Transitional//EN" "http://www.w3.org/TR/xhtml1/DTD/xhtml1-transitional.dtd">
<html expr:dir='data:blog.languageDirection' xmlns='http://www.w3.org/1999/xhtml' xmlns:b='http://www.google.com/2005/gml/b' xmlns:data='http://www.google.com/2005/gml/data' xmlns:expr='http://www.google.com/2005/gml/expr'>
  <head>
    <b:include data='blog' name='all-head-content'/>
    <title><data:blog.pageTitle/></title>
    <b:skin><![CDATA[/*
===================================================

Template name: the SANDAL JEPIT
Version:1.2
Spesification:
	- Official Blogger thumbnail
	- Slide Toggle

===================================================
*/

/* Variable definitions
   ====================
   <Variable name="keycolor" description="Main Color" type="color" default="#1a222a" value="#efe0cb"/>
   <Variable name="body.background" description="Body Background" type="background"
	color="$(bgcolor)"
	default="#ddd url() no-repeat scroll top center"
	 value="#fff url(http://4.bp.blogspot.com/-eLT6nO_o9z4/T1Q-hIjd6nI/AAAAAAAAAPI/35z6JNX7txs/s1600/body.png) repeat scroll top center /* Credit: Pixel Oplosan (http://www.pixeloplosan.com) */"/>

   <Variable name="bgcolor" description="Background: blog"
             type="color" default="#000" value="#f8f8f8">

   <Variable name="textcolor" description="Color: text"
             type="color" default="#777" value="#777777">
   <Variable name="linkcolor" description="Color: link"
             type="color" default="#ddd" value="#555555">
   <Variable name="link.hover.color" description="Color: link hover"
             type="color" default="#75297b" value="#111111">
   <Variable name="link.visited.color" description="Color: visited link"
             type="color" default="#75297b" value="#555555">
   <Variable name="header.title.color" description="Color: header"
             type="color" default="#f2f2f2" value="#555555">
   <Variable name="post.title.color" description="Color: post title"
             type="color" default="#555" value="#555555">
   <Variable name="widget.title.color" description="Color: widget title"
             type="color" default="#555" value="#333333">
   <Variable name="bordercolor" description="Color: border"
             type="color" default="#818181" value="#efefef">
   <Variable name="schemecolor" description="Color: Scheme"
             type="color" default="#818181" value="#ed8d23">

   <Variable name="bodyfont" description="Font: whole text"
             type="font" default="normal normal 12px Arial, Halvetica, Verdana, Sans-Serif" value="normal normal 12px Arial, Tahoma, Helvetica, FreeSans, sans-serif">
   <Variable name="header.font" description="Font: blog title"
             type="font" default="normal normal 78% 'Trebuchet MS', Trebuchet, Arial,Verdana, Sans-serif" value="normal normal 38px 'Goudy Bookletter 1911', 'Questrial'">
   <Variable name="header.description.font" description="Font: blog description"
             type="font" default="normal normal 11px 'Trebuchet MS', Trebuchet, Arial,Verdana, Sans-serif" value="italic normal 10px georgia, 'times new roman', serif">
   <Variable name="sidebar.font" description="Font: sidebar"
             type="font" default="normal normal 78% 'Trebuchet MS', Trebuchet, Arial,Verdana, Sans-serif" value="normal normal 12px Arial, Tahoma, Helvetica, FreeSans, sans-serif">
   <Variable name="navigation.font" description="Font: navigation"
             type="font" default="normal normal 11px 'Trebuchet MS', Trebuchet, Arial,Verdana, Sans-serif" value="normal normal 12px 'Questrial', Open Sans">
   <Variable name="post.title.font" description="Font: post title (single)"
             type="font" default="normal normal 10px helvetica, arial, sans" value="normal normal 35px 'Questrial', Arial, Tahoma, Helvetica, FreeSans, sans-serif">
   <Variable name="duplicate.title.font" description="Font: post title (index)"
             type="font" default="normal normal 10px helvetica, arial, sans" value="normal normal 12px 'Questrial', georgia, 'times new roman', serif">
   <Variable name="widget.title.font" description="Font: widget title"
             type="font" default="normal normal 10px helvetica, arial, sans" value="normal normal 12px 'Questrial', Open Sans">
   <Variable name="welcometext" description="Font: Welcome Text"
             type="font" default="normal normal 10px helvetica, arial, sans" value="normal normal 28px/0.5em 'Questrial', Open Sans">
*/


/* ========================
general
======================== */
body {
	background:$(body.background);
	margin:0;
	padding:0;
	font:$bodyfont;
	color:$textcolor;
	line-height:1.6em;
}

a:link {
	color:$linkcolor;
	text-decoration:none;
}

a:visited {
	color:$(link.visited.color);
	text-decoration:none;
}

a:hover {
	color:$(link.hover.color);
	text-decoration:underline;
}

a img {
	border-width:0;
}

#navbar-iframe,
.feed-links,
.status-msg-wrap,
.jump-link {
	display:none
}

.post-body h1, .post-body h2, .post-body h3, .post-body h4, .post-body h5, .post-body h6 {
	font-family:'Questrial', helvetica, arial, sans-serif;
	font-weight:normal;
	line-height:1.6em;
}

h1 {font-size:24px;}
h2 {font-size:20px;}
h3 {font-size:18px;}
h4 {font-size:12px;}
h5 {font-size:10px;}
h6 {font-size:8px;}
hr {
	background-color:$bordercolor;
	border:0;
	height:1px;
	margin-bottom:2px;
	clear:both;
}

strong {
	color:#222;
}

.amp {
	font-family: 'Goudy Bookletter 1911', Palatino, Garamond, Georgia, "Times New Roman", serif;
	font-size: 1.4em;
	font-weight: normal;
	vertical-align: -0.15em;
	line-height: 1.2;
	margin: -0.15em 0;
}


.sub {
	font-size:11px;
}


/* ========================
Rows
======================== */
.cover {
	width:100%;
	margin:0 auto -10px auto;
	background:#fff;
}

#outer-wrapper {
	width: 960px;
	text-align:left;
	font: $bodyfont;
	margin:0 auto;
	padding:0;
}

#content-wrapper {
	padding:0 0 40px 0;
}

.row {
	width:100%;
	margin:0;
	padding:0;
}

#row4 {
	background:#f7f7f7;
	border-top:1px solid #eee;
}

#row5 {
	background:#eee;
	border-top:1px solid #ddd
}

.clear {
	margin:0;
	padding:0;
	clear:both;
	height:0;
}

#eksekusi {
	background:$schemecolor;
	color:#fff;
	padding:5px 15px;
	font-weight:bold;
	border:none;
	width:auto;
	cursor:pointer;
		border-radius:13px;
		-webkit-border-radius:13px;
		-moz-border-radius:13px;
}


/* ==========================
Header
========================== */
#header-wrapper {
	margin: 0 auto;
	width: 960px;
	overflow:hidden;
	padding:50px 0;
}

#header {
	padding:0;
	width:50%;
	float:left;
}

#header h1, #header .description {
	margin:0;
	padding:0;
	line-height:1.2em;
	font:$(header.font);
	text-decoration:none;
	color:#222;
}

#header .description {
	margin:5px 0 0 0;
	padding:0;
	font:11px Bookman Old Style, Palatino linotype, Times New Roman, Serif;
}

#header a {
	color:$textcolor;
	text-decoration:none;
}

#header a:hover {
	color:#222;
}


/* ==========================
Besides Header
========================== */
#adsheader {
	width:50%;
	float:right;
	text-align:right;
}

#adsheader .widget-content {
	padding:0;
	margin:0;
}

/* ===========================
Search
=========================== */
#searchbar {
	border:1px solid $bordercolor;
	width:230px;
	background:url(http://4.bp.blogspot.com/-hboid2c7Y4I/T1xQmkKXr4I/AAAAAAAADEM/wpxYAj1dAMo/s1600/search-icon.png) no-repeat 203px center;
	float:right;
	margin-top:10px;
}

#searchform #s{
	color:$textcolor; 
	margin:0 50px 0 0; 
	width:175px; 
	padding:7px 10px; 
	border:none;
}


/* ==========================
Social networks
========================== */
#social-networks {
	float:right;
	list-style:none;
	margin:10px 0 0 0;
	padding:0;
	width:auto;
	overflow:hidden;
}

#social-networks li {
	float:left;
	margin-right:10px;
	border:none;
}

/* =facebook */
.icon-facebook a,
.icon-youtube a,
.icon-flickr a,
.icon-feed a,
.icon-twitter a {
	float:left;
	background:url(http://2.bp.blogspot.com/-_4Z7r_1M53I/T1yxxUySsPI/AAAAAAAADFQ/GSfv4rOVDQg/s1600/icon.png) no-repeat left bottom;
	text-indent:8000px;
	width:32px;
	height:32px;
	-o-transition: all 0.3s; 
	-moz-transition: all 0.3s; 
	-webkit-transition: all 0.3s;
}
.icon-facebook a:hover,
.icon-youtube a:hover,
.icon-flickr a:hover,
.icon-feed a:hover,
.icon-twitter a:hover {
	background:$schemecolor url(http://3.bp.blogspot.com/-Il0WpXJKcK8/T1ylIAAIgwI/AAAAAAAADEs/Wq8JedWexiE/s1600/icon.png) no-repeat left top;
	-o-transition: all 0.3s; 
	-moz-transition: all 0.3s; 
	-webkit-transition: all 0.3s;
}

/* =youtube */
.icon-youtube, .icon-youtube a {
	background-position:-32px bottom
}
.icon-youtube a:hover {
	background-position:-32px top;
}

/* =flickr */
.icon-flickr, .icon-flickr a {
	background-position:-64px bottom;
}
.icon-flickr a:hover {
	background-position:-64px top;
}

/* =feed */
.icon-feed, .icon-feed a {
	background-position:-96px bottom
}
.icon-feed a:hover {
	background-position:-96px top;
}

/* =twitter */
.icon-twitter, .icon-twitter a {
	background-position:-128px bottom
}
.icon-twitter a:hover {
	background-position:-128px top;
}


/* ==========================
Navigation
========================== */
#navigation-container {
	width:100%;
	background:#f7f7f7 url(http://3.bp.blogspot.com/-JEDTVQAooUY/T2vS-NLVxpI/AAAAAAAACBg/eEKJRLG6GTI/s1600/border.png) repeat-x left bottom;
	margin-bottom:30px;
	border-top:1px solid #eee;
}
.navi {
	width: 960px;
	margin: 0 auto;
	padding: 0;
	border-left:1px solid #eee;
}

.navi h2 {
	display:none !important
}

.navi ul {
	list-style:none;
	margin:0;
	padding:0;
}

.navi ul li {
	float:left;
	padding:7px 10px;
	border-right:1px solid #eee;
}

.navi ul li:hover {
	background:#f1f1f1;
}

.selected {
	background:#f1f1f1;
}


/* ======================
Navigation w/ jquery
====================== */
.jqueryslidemenu{
	width: 100%;
}

.jqueryslidemenu ul{
	margin: 0;
	padding: 0;
	list-style-type: none;
}

.jqueryslidemenu ul li{
	position: relative;
	display: inline;
	float: left;
}

.jqueryslidemenu ul li a{
	display: block;
	color:#999;
	padding:7px 15px;
	text-decoration: none;
	font:$(navigation.font);
	text-transform:uppercase;
}

* html .jqueryslidemenu ul li a{
/*IE6 hack to get sub menu links to behave correctly*/
	display: inline-block;
}

.jqueryslidemenu ul li a:hover {
	color:$(link.hover.color);
}
	
/*1st sub level menu*/
.jqueryslidemenu ul li ul{
	position: absolute;
	z-index:9;
	left: 0;
	top:0;
	margin-top:-2px;
	display: block;
	visibility: hidden;
	background:#fff;
	border:none;
}

/* Sub level menu list items */
.jqueryslidemenu ul li ul li{
	display: list-item;
	float: none;
	padding:0;
}

.jqueryslidemenu ul li ul li ul{
	top: 0;
}

/* Sub level menu links style */
.jqueryslidemenu ul li ul li a{
	width: 160px;
	margin: 0;
	padding:10px 15px;
	border-top-width: 0;
	border-left:1px solid $bordercolor;
	border-bottom:1px solid $bordercolor;
}

.jqueryslidemenu ul li ul li a:hover{ /*sub menus hover style*/
	background: #eff9ff;
	border-left:3px solid $schemecolor;
	padding-left:13px;
}

/* ######### CSS classes applied to down and right arrow images  ######### */

.downarrowclass{
	position: absolute;
	top: 18px;
	right: 20px;
}

.rightarrowclass{
	position: absolute;
	top: 6px;
	right: 5px;
}


/* ======================= 
First Impression
======================= */
#secondary-container {
	width:960px;
	margin:-3px auto 0 auto;
	padding:0;
}

#secondary-container ul li {
	float:left;
	width:130px;
	margin-right:10px;
	border-bottom:1px dotted $bordercolor;
	font:italic normal 11px georgia, 'times new roman', serif;
}

#secondary-container ul li {
	border-bottom:1px dotted #ddd;
	line-height:3em!important;
}

#secondary-container #secondary-left {
	float:left;
	width:33.333333333333333333333333333333%;
}

#secondary-left .widget {
	padding:20px 20px 0 10px;
	background:url(http://2.bp.blogspot.com/-s5k6fItnE9g/T1RNpqPh-aI/AAAAAAAAAPs/IyzmAjrdUPE/s1600/gradient.png) no-repeat right top;
}

#secondary-container #secondary-center {
	float:left;
	width:33.333333333333333333333333333333%;
}

#secondary-center .widget {
	padding:20px 20px 0 20px;
	background:url(http://2.bp.blogspot.com/-s5k6fItnE9g/T1RNpqPh-aI/AAAAAAAAAPs/IyzmAjrdUPE/s1600/gradient.png) no-repeat right top;
}

#secondary-container #secondary-right {
	float:right;
	width:33.333333333333333333333333333333%;
}

#secondary-right .widget {
	padding:20px 10px 0 20px;
}

.widget blockquote {
	background:url(http://1.bp.blogspot.com/-5uXABE6yz5s/T1RQBLjub-I/AAAAAAAAAP4/iZpZAQNpRxI/s1600/blockquote.png) no-repeat left top;
	padding:0 0 0 50px;
	margin:0;
}


/* ===========================
Primary Content
=========================== */
#main-wrapper {
	width:100%;
	margin:0;
	float:right;
	text-align: left;
}

.main-title {
	text-align:center;
	background:url(http://4.bp.blogspot.com/-HtE34uLwEsQ/T1RubvnvLLI/AAAAAAAAAQo/tL4NFT-Ew6U/s1600/border.png) repeat-x center;
	margin:0 0 20px 0;
}

.main-title .xoxo {
	background:#333;
	padding:5px 15px;
	color:#fff;
	font:$(widget.title.font);
	font-weight:normal;
	border-radius:3px;
	-webkit-border-radius:3px;
	-moz-border-radius:3px;
}

.main .Blog {
	border-bottom-width: 0;
}

.post {
	margin:0;
	line-height:1.6em;
}

.post h3 {
	margin:0;
	padding:0;
}

.post-title-2 {
	margin-top:0!important;
	padding:0;
}

h3.post-title-2 a, h3.post-title-2 a:visited, h3.post-title-2 strong {
	width:100%;
	font:$(post.title.font);
	text-decoration:none;
	color:$(post.title.color);
}

h3.post-title-2 strong, h3.post-title-2 a:hover {
	color:$(link.hover.color);
}

.duplicate-title-element {
	overflow:hidden;
	padding:15px 0;
	margin:0;
}

.duplicate-title-element h3 {
	font-weight:normal;
	white-space: nowrap;
	overflow: hidden;
	text-overflow: ellipsis;
	-o-text-overflow: ellipsis;
	-moz-binding: url(&#39;assets/xml/ellipsis.xml#ellipsis&#39;);
}

h3.duplicate-title a, h3.duplicate-title a:visited, h3.duplicate-title strong {
	font:$(duplicate.title.font);
	text-transform:uppercase;
	text-decoration:none;
	color:$(post.title.color);
}

h3.duplicate-title strong, h3.duplicate-title a:hover {
	color:$(link.hover.color);
}

.post-body blockquote {
	line-height:1.6em;
	background:url(http://4.bp.blogspot.com/-JD0f8gdqxgY/Ty9pshAck6I/AAAAAAAAAHI/XhA0PJRGiks/s1600/quote.png) no-repeat left top;
	padding:0 20px 0 50px;
	font-style:italic;
	font-size:18px;
	font-family:georgia, 'times new roman', serif;
}

.post blockquote {
	margin:1em 20px;
}

.post blockquote p {
	margin:.75em 0;
}

.comment-link {
	margin-left:.6em;
}

.post img, table.tr-caption-container {
	max-width:690px;
	height:auto;
	overflow:hidden;
}

table.tr-caption-container {
	background:#f8f8f8;
}

.tr-caption-container img {
	border: none;
	padding: 0;
}

/* Float right all meta data */
.post-metadata {
	float:right;
	width:240px;
}

.post-body {
	float:left;
	width:670px;
	margin:0;
	padding-right:50px;
	padding-bottom:50px;
}

/* Thumbnail fade toogle */
.post .duplicate-title-element {
	-o-transition: all 0.3s; 
	-moz-transition: all 0.3s; 
	-webkit-transition: all 0.3s;
}

.post:hover .duplicate-title-element {
	padding-left:10px;
	padding-right:10px;
	-o-transition: all 0.3s; 
	-moz-transition: all 0.3s; 
	-webkit-transition: all 0.3s;
}

.thumbs {
	width:238px;
	height:180px;
	position: relative;
	line-height:1.6em;
	margin:0;
	overflow:hidden;
}

.thumbs img {
	position: absolute;
	top: 0;
	left: 0;
	border: 0;
	margin-top:-20px;
}

.thumbs a {
	display: block;
	position: relative;
	overflow: hidden;
	height: 180px;
	width: 238px;
	color:$(link.visited.color);
}

.thumbs a:hover {text-decoration:none}

.thumbs-hovering {
	padding:10px;
}

.thumbs .post-comment-link {
	background:none;
	font-size:11px;
	padding:10px 0 0 0;
	margin-top:10px;
	border-top:1px dotted #ccc;
}


/* ====================
Faux column container
==================== */
#faux .Label {
	padding:0;
	margin:0;
}

#faux .Label .widget-content {
	padding:20px 0 0 0;
	margin:0;
}

#faux-wrapper {
	width:960px;
	margin:20px auto;
}

#faux .Label h2 {
	display:none;
}

#faux .Label ul {
	list-style-type:none;
	margin:0;
	padding:0;
}


#faux .Label ul li {
	border:none;
	padding:0;
	margin:0;
	float:left;
}

#faux .Label ul li a, #faux .Label ul span {
	font-size:9px;
	margin:0 10px 0 0;
	padding:0 10px 0 0;
	border-right:2px dotted #ddd;
	text-transform:uppercase;
}

#faux .Label ul li a:hover, #faux .Label ul li span {
	color:#000
}

#faux .Text {
	font:$welcometext;
	color:#555;
}


/* ====================
Secondary Content
==================== */
#sidebar-wrapper {
	float:left;
	width: 180px;
	font:$(sidebar.font);
}

.sidebar { 
	padding:0;
}

.sidebar h2 {
	margin: 0 0 10px 0;
	background:url(http://1.bp.blogspot.com/-da09NjxrzvM/T1dhnx_QVII/AAAAAAAADC0/FwO0mq0ZT8Q/s1600/sidebar-bg.png) no-repeat left bottom;
	padding-bottom:10px;
	font:$(widget.title.font);
	color:$(widget.title.color);
	text-transform:uppercase;
	letter-spacing:1px;
}

.sidebar ul {
	list-style-type:none;
	margin:10px 0 0 0;
	padding:0;
}

.sidebar li {
	margin:0;
	padding:0;
	border-bottom:1px dotted $bordercolor;
	line-height:2em;
}

#sidebar-wrapper .sidebar .widget { 
	padding:0;
	line-height:1.6em;
}

.sidebar .widget .item-thumbnail {
	margin:0 10px 10px 0;
	width:60px;
	height:60px;
}

.PopularPosts ul li {line-height:1.6em;}

.PopularPosts .item-title {
	font-size:13px;
	padding-top:10px!important;
}

.PopularPosts .item-snippet {
	white-space: nowrap;
	overflow: hidden;
	text-overflow: ellipsis;
	-o-text-overflow: ellipsis;
	-moz-binding: url(&#39;assets/xml/ellipsis.xml#ellipsis&#39;);
}

.sidebar .widget .item-thumbnail img {
	width:60px;
	height:60px;
}

.sidebar .widget .item-title {
	font-weight:bold;
}

.sidebar .widget-content {
	padding:0 0 30px 0;
}


/* ====================
Middle Content
==================== */
#middle-wrapper {
	padding:0 0 30px 0;
	margin:0;
	clear:both;
	width:100%;
	line-height:1.6em;
}

/* =1'st Row */

#middle-wrapper #middle2 img {max-width:230px;}

#middle-wrapper #middle3 img {max-width:220px;}

#middle-wrapper #middle4 img, #middle-wrapper #middle1 img {max-width:225px;}

#middle-wrapper #middle1 {
	float:left;
	width:25%;
}

#middle1 .widget {
	padding-right:15px;
}

#middle-wrapper #middle2 {
	float:left;
	width:25%;
}

#middle2 .widget {
	padding-left:5px;
	padding-right:5px;
}

#middle-wrapper #middle3 {
	float:left;
	width:25%;
}

#middle3 .widget {
	padding-left:15px;
	padding-right:5px;
}

#middle-wrapper #middle4 {
	float:right;
	width:25%;
}

#middle4 .widget {
	padding-left:15px;
}

#middle-wrapper #middle5 {
	clear:both;
	width:100%;
	margin:0 0 50px 0;
}

/* =2'nd Row */

#middle5 .widget {
	padding:15px 20px;
	border:1px solid $bordercolor;
	background:#f9f9f9;
}

#middle5 .widget-content {
	padding-bottom:0;
}

/* =3'rd Row */

#middle-wrapper #middle6, #middle-wrapper #middle7, #middle-wrapper #middle8 {
	float:left;
	width:33.333333333333333333333333333333%;
}

#middle6 .widget {
	padding-right:25px;
}

#middle7 .widget {
	padding-left:25px;
	padding-right:25px;
}

#middle8 .widget {
	padding-left:25px;
}


/* ====================
Bottom widget area
==================== */
#bottom-wrapper {
	width:960px;
	margin:0 auto;
	padding:30px 0;
	clear:both;
}

#bottom-wrapper .widget-content {
	padding-bottom:20px;
}

#bottom-wrapper h2 {
	background:url(http://1.bp.blogspot.com/-da09NjxrzvM/T1dhnx_QVII/AAAAAAAADC0/FwO0mq0ZT8Q/s1600/sidebar-bg.png) no-repeat left bottom;
	padding-bottom:10px;
}

#bottom-wrapper ul li {
	border-bottom:1px dotted #ddd;
}

#bottom-wrapper #left-bottom {
	float:left;
	width:33.333333333333333333333333333333%;
}

#left-bottom .widget {
	padding-right:25px;
}

#bottom-wrapper #center-bottom {
	float:left;
	width:33.333333333333333333333333333333%;
}

#center-bottom .widget {
	padding-left:25px;
	padding-right:25px;
}

#bottom-wrapper #right-bottom {
	float:right;
	width:33.333333333333333333333333333333%;
}

#right-bottom .widget {
	padding-left:25px;
}


/* ====================
Credit
==================== */
#credit {
	padding:10px 0;
	width:960px;
	margin:0 auto;
	clear:both;
}

#credit .widget-content {
	padding:0;
}

#credit #left-credit {
	float:left;
	width:50%;
}

#credit #right-credit {
	float:right;
	width:50%;
	text-align:right;
}

#credit .Attribution .widget-content {
	text-align:right!important;
}


/* ====================
Entry meta
==================== */
.post-header-line-1 {
	clear:both;
	margin:10px 0 0 0;
	padding:5px 0;
	background:url(http://1.bp.blogspot.com/-da09NjxrzvM/T1dhnx_QVII/AAAAAAAADC0/FwO0mq0ZT8Q/s1600/sidebar-bg.png) no-repeat left top;
	}

.post-header-line-1 ul {
	list-style:none;
	margin:0;
	padding:0;
}

.post-header-line-1 ul li {
	line-height:3em;
	clear:both;
}

.post-header-line-1 ul .sds {border:none;overflow:auto}

.duplicate-title-element .entry-date {
	background:none;
	font-size:11px;
	padding:0 0 0 0;
	margin-top:5px;
}

.post-share-buttons {
	padding:5px 1px 0 1px!important;
}

#bottom-wrapper .FollowByEmail .follow-by-email-address {
	padding:0 10px;
	width:190px!important;
	border:1px solid #ddd;
	border-radius:2px;
	-moz-border-radius:2px;
	-webkit-border-radius:2px;
}

#bottom-wrapper .follow-by-email-submit {
	cursor:pointer
}

/* Flickr ================== */
.flickr_badge_image {
	float: left;
	margin: 5px;
}

.flickr_badge_image img {
	height: 63px;
	width: 63px;
}

/* Twitter ================== */
#twitter-cover {
	width:455px;
	padding:10px 0 0 25px;
overflow:hidden;
}

#twitter-cover ul {
	list-style:none;
	padding:0;
	margin:0;
}

#twitter-closing {
	background:#f2f2f2;
}

#twitter_div {
	background:url(http://3.bp.blogspot.com/-_RT38ZPwy-Q/T09CV4imz1I/AAAAAAAAANE/vStxCKHtcpk/s1600/board_twitter_bottom.png) no-repeat left bottom;
	padding:15px 15px 35px 15px
}

.twitter-profile-link {
	clear:both;
	background:url(http://1.bp.blogspot.com/-8WWLMyKf994/T09DE7ScFPI/AAAAAAAAANQ/oATSxGriWJQ/s1600/tweetbadge.png) no-repeat left center;
	text-indent:35px;
	padding:10px 0;
}

.twitter-profile-link a {
	text-decoration:none
}


/* =======================
Comments Content
======================= */
#comments h4 {
	font:$(widget.title.font);
	color:$(widget.title.color);
	text-transform:uppercase;
	letter-spacing:1px;
	clear:both;
	background:url(http://1.bp.blogspot.com/-da09NjxrzvM/T1dhnx_QVII/AAAAAAAADC0/FwO0mq0ZT8Q/s1600/sidebar-bg.png) no-repeat left top;
	padding-top:10px;
}

#comments {
	width:642px;
	margin:0;
	padding:0;
	float:left;
	clear:left;
}

.comment-header .user {
	font-size:14px;
	font-weight:bold;
}

.comment-header .datetime {
	font-size:11px;
}

.comment-thread li .comment-block {
	border-bottom:1px dotted $bordercolor;
	padding-bottom:10px;
}

.comment-content {
	margin:0;
	padding:0;
	line-height:1.8em!important;
}

.comments blockquote {
	margin-bottom:20px;
	padding:10px 0;
}

#comment-holder .comment-block .comment-actions a {
	font-size:11px;
	margin-right:10px;
	background:url(http://4.bp.blogspot.com/-lfMZlFqldtw/T0y3hV4MQDI/AAAAAAAAAK0/i_SJbzNuD1g/s1600/list-li.png) no-repeat left 10px;
	padding-left:15px;
}

#comment-holder .avatar-image-container {
	background:$bordercolor;
	border-radius:17.5px;
	-webkit-border-radius:17.5px;
	-moz-border-radius:17.5px;
	overflow:hidden;
}

#comment-holder .avatar-image-container img {
	border:medium none;
}

#comments-block.avatar-comment-indent  {
	position:relative;
	margin:0 auto;
}


/* ========================
Page navigation
======================== */
#blog-pager {
	text-align:center;
	clear:both;
	padding:10px 0;
	background:url(http://1.bp.blogspot.com/-da09NjxrzvM/T1dhnx_QVII/AAAAAAAADC0/FwO0mq0ZT8Q/s1600/sidebar-bg.png) no-repeat left top;
}

#blog-pager-home, #blog-pager-home a {
	float:left;
	background:url(http://2.bp.blogspot.com/-DpRput6Rh-8/T1ArkDA_g0I/AAAAAAAAAN0/0YjiagKJfJk/s1600/page-nav.png) no-repeat right bottom;
	text-indent:-8000px;
	width:26px;
	height:26px;
	-o-transition: all 0.3s; 
	-moz-transition: all 0.3s; 
	-webkit-transition: all 0.3s;
}

#blog-pager-home a:hover {
	background:$schemecolor url(http://2.bp.blogspot.com/-DpRput6Rh-8/T1ArkDA_g0I/AAAAAAAAAN0/0YjiagKJfJk/s1600/page-nav.png) no-repeat right top;
	-o-transition: all 0.3s; 
	-moz-transition: all 0.3s; 
	-webkit-transition: all 0.3s;
}

#blog-pager-newer-link, #blog-pager-newer-link a {
	background:url(http://2.bp.blogspot.com/-DpRput6Rh-8/T1ArkDA_g0I/AAAAAAAAAN0/0YjiagKJfJk/s1600/page-nav.png) no-repeat left bottom;
	float: right;
	text-indent:-8000px;
	width:26px;
	height:26px;
	-o-transition: all 0.3s; 
	-moz-transition: all 0.3s; 
	-webkit-transition: all 0.3s;
}

#blog-pager-newer-link a:hover {
	background:$schemecolor url(http://2.bp.blogspot.com/-DpRput6Rh-8/T1ArkDA_g0I/AAAAAAAAAN0/0YjiagKJfJk/s1600/page-nav.png) no-repeat left top;
	-o-transition: all 0.3s; 
	-moz-transition: all 0.3s; 
	-webkit-transition: all 0.3s;
}

#blog-pager-older-link, #blog-pager-older-link a {
	background:url(http://2.bp.blogspot.com/-DpRput6Rh-8/T1ArkDA_g0I/AAAAAAAAAN0/0YjiagKJfJk/s1600/page-nav.png) no-repeat center bottom;
	float: right;
	text-indent:-8000px;
	width:26px;
	height:26px;
	-o-transition: all 0.3s; 
	-moz-transition: all 0.3s; 
	-webkit-transition: all 0.3s;
}

#blog-pager-older-link a:hover {
	background:$schemecolor url(http://2.bp.blogspot.com/-DpRput6Rh-8/T1ArkDA_g0I/AAAAAAAAAN0/0YjiagKJfJk/s1600/page-nav.png) no-repeat center top;
	-o-transition: all 0.3s; 
	-moz-transition: all 0.3s; 
	-webkit-transition: all 0.3s;
}

#blog-pager-older-link {margin-left:1px}


/* ========================
Admin Profile
======================== */
.profile-img {
	background:url(http://3.bp.blogspot.com/-quMClina4iE/T035d9UsIWI/AAAAAAAAAMg/_tzyvFsbYVk/s1600/ava-bg.png) no-repeat left center;
	width:100px;
	height:100px;
	overflow:hidden;
	float: left;
	margin: 5px 10px 10px 0;
	padding: 10px 30px 10px 10px;
}

.profile-data {
	margin:0;
	font: $(widget.title.font);
	color: $textcolor;
}

.profile-datablock { 
	margin:.5em 0 .5em;
}

.profile-textblock { 
	margin: 0.5em 0;
}

.profile-link { 
	font-size:11px;
	background:url(http://4.bp.blogspot.com/-lfMZlFqldtw/T0y3hV4MQDI/AAAAAAAAAK0/i_SJbzNuD1g/s1600/list-li.png) no-repeat left center;
	padding-left:15px;
}


]]></b:skin>


<script src='http://ajax.googleapis.com/ajax/libs/jquery/1.3.2/jquery.min.js' type='text/javascript'/>
<link href='http://fonts.googleapis.com/css?family=Goudy+Bookletter+1911|Questrial' rel='stylesheet' type='text/css'/>

<!-- JS easySlider -->
<script type='text/javascript'>
/*
 * 	Easy Slider 1.5 - jQuery plugin
 *	written by Alen Grakalic
 *	http://cssglobe.com/post/4004/easy-slider-15-the-easiest-jquery-plugin-for-sliding
 *
 *	Copyright (c) 2009 Alen Grakalic (http://cssglobe.com)
 *	Dual licensed under the MIT (MIT-LICENSE.txt)
 *	and GPL (GPL-LICENSE.txt) licenses.
 *
 *	Built for jQuery library
 *	http://jquery.com
 *
 */

/*
 *	markup example for $(&quot;#slider&quot;).easySlider();
 *
 * 	&lt;div id=&quot;slider&quot;&gt;
 *		&lt;ul&gt;
 *			&lt;li&gt;&lt;img src=&quot;images/01.jpg&quot; alt=&quot;&quot; /&gt;&lt;/li&gt;
 *			&lt;li&gt;&lt;img src=&quot;images/02.jpg&quot; alt=&quot;&quot; /&gt;&lt;/li&gt;
 *			&lt;li&gt;&lt;img src=&quot;images/03.jpg&quot; alt=&quot;&quot; /&gt;&lt;/li&gt;
 *			&lt;li&gt;&lt;img src=&quot;images/04.jpg&quot; alt=&quot;&quot; /&gt;&lt;/li&gt;
 *			&lt;li&gt;&lt;img src=&quot;images/05.jpg&quot; alt=&quot;&quot; /&gt;&lt;/li&gt;
 *		&lt;/ul&gt;
 *	&lt;/div&gt;
 *
 */

(function($) {

	$.fn.easySlider = function(options){

		// default configuration properties
		var defaults = {
			prevId: 		&#39;prevBtn&#39;,
			prevText: 		&#39;Previous&#39;,
			nextId: 		&#39;nextBtn&#39;,
			nextText: 		&#39;Next&#39;,
			controlsShow:	true,
			controlsBefore:	&#39;&#39;,
			controlsAfter:	&#39;&#39;,
			controlsFade:	true,
			firstId: 		&#39;firstBtn&#39;,
			firstText: 		&#39;First&#39;,
			firstShow:		false,
			lastId: 		&#39;lastBtn&#39;,
			lastText: 		&#39;Last&#39;,
			lastShow:		false,
			vertical:		false,
			speed: 			100,
			auto:			false,
			pause:			5000,
			continuous:		false
		}; 

		var options = $.extend(defaults, options);  

		this.each(function() {
			var obj = $(this);
			var s = $(&quot;li&quot;, obj).length;
			var w = $(&quot;li&quot;, obj).width();
			var h = $(&quot;li&quot;, obj).height();
			obj.width(w);
			obj.height(h);
			obj.css(&quot;overflow&quot;,&quot;hidden&quot;);
			var ts = s-1;
			var t = 0;
			$(&quot;ul&quot;, obj).css(&#39;width&#39;,s*w);
			if(!options.vertical) $(&quot;li&quot;, obj).css(&#39;float&#39;,&#39;left&#39;);

			if(options.controlsShow){
				var html = options.controlsBefore;
				if(options.firstShow) html += &#39;&lt;span id=&quot;&#39;+ options.firstId +&#39;&quot;&gt;&lt;a href=&quot;javascript:void(0);&quot;&gt;&#39;+ options.firstText +&#39;&lt;/a&gt;&lt;/span&gt;&#39;;
				html += &#39; &lt;span id=&quot;&#39;+ options.prevId +&#39;&quot;&gt;&lt;a href=&quot;javascript:void(0);&quot;&gt;&#39;+ options.prevText +&#39;&lt;/a&gt;&lt;/span&gt;&#39;;
				html += &#39; &lt;span id=&quot;&#39;+ options.nextId +&#39;&quot;&gt;&lt;a href=&quot;javascript:void(0);&quot;&gt;&#39;+ options.nextText +&#39;&lt;/a&gt;&lt;/span&gt;&#39;;
				if(options.lastShow) html += &#39; &lt;span id=&quot;&#39;+ options.lastId +&#39;&quot;&gt;&lt;a href=&quot;javascript:void(0);&quot;&gt;&#39;+ options.lastText +&#39;&lt;/a&gt;&lt;/span&gt;&#39;;
				html += options.controlsAfter;
				$(obj).after(html);
			};

			$(&quot;a&quot;,&quot;#&quot;+options.nextId).click(function(){
				animate(&quot;next&quot;,true);
			});
			$(&quot;a&quot;,&quot;#&quot;+options.prevId).click(function(){
				animate(&quot;prev&quot;,true);
			});
			$(&quot;a&quot;,&quot;#&quot;+options.firstId).click(function(){
				animate(&quot;first&quot;,true);
			});
			$(&quot;a&quot;,&quot;#&quot;+options.lastId).click(function(){
				animate(&quot;last&quot;,true);
			});		

			function animate(dir,clicked){
				var ot = t;
				switch(dir){
					case &quot;next&quot;:
						t = (ot&gt;=ts) ? (options.continuous ? 0 : ts) : t+1;
						break;
					case &quot;prev&quot;:
						t = (t&lt;=0) ? (options.continuous ? ts : 0) : t-1;
						break;
					case &quot;first&quot;:
						t = 0;
						break;
					case &quot;last&quot;:
						t = ts;
						break;
					default:
						break;
				};	

				var diff = Math.abs(ot-t);
				var speed = diff*options.speed;
				if(!options.vertical) {
					p = (t*w*-1);
					$(&quot;ul&quot;,obj).animate(
						{ marginLeft: p },
						speed
					);
				} else {
					p = (t*h*-1);
					$(&quot;ul&quot;,obj).animate(
						{ marginTop: p },
						speed
					);
				};

				if(!options.continuous &amp;&amp; options.controlsFade){
					if(t==ts){
						$(&quot;a&quot;,&quot;#&quot;+options.nextId).hide();
						$(&quot;a&quot;,&quot;#&quot;+options.lastId).hide();
					} else {
						$(&quot;a&quot;,&quot;#&quot;+options.nextId).show();
						$(&quot;a&quot;,&quot;#&quot;+options.lastId).show();
					};
					if(t==0){
						$(&quot;a&quot;,&quot;#&quot;+options.prevId).hide();
						$(&quot;a&quot;,&quot;#&quot;+options.firstId).hide();
					} else {
						$(&quot;a&quot;,&quot;#&quot;+options.prevId).show();
						$(&quot;a&quot;,&quot;#&quot;+options.firstId).show();
					};
				};				

				if(clicked) clearTimeout(timeout);
				if(options.auto &amp;&amp; dir==&quot;next&quot; &amp;&amp; !clicked){;
					timeout = setTimeout(function(){
						animate(&quot;next&quot;,false);
					},diff*options.speed+options.pause);
				};

			};
			// init
			var timeout;
			if(options.auto){;
				timeout = setTimeout(function(){
					animate(&quot;next&quot;,false);
				},options.pause);
			};		

			if(!options.continuous &amp;&amp; options.controlsFade){
				$(&quot;a&quot;,&quot;#&quot;+options.prevId).hide();
				$(&quot;a&quot;,&quot;#&quot;+options.firstId).hide();
			};				

		});

	};

})(jQuery);
</script>

<script type='text/javascript'>
$(document).ready(function(){    
$(&quot;#slider&quot;).easySlider({
auto: true,
continuous: true
});
});
</script>
<!-- #End JS easySlider -->


<!-- +++++++++++++++++++++++++++++++++++++++++++++++++++
Jquery Dropdown menu
++++++++++++++++++++++++++++++++++++++++++++++++++++ -->
<!--[if lte IE 7]>
<style type="text/css">
html .jqueryslidemenu{height: 1%;} /*Holly Hack for IE7 and below*/
</style>
<![endif]-->

<script type='text/javascript'>
/*********************
//* jQuery Multi Level CSS Menu #2- By Dynamic Drive: http://www.dynamicdrive.com/
//* Last update: Nov 7th, 08&#39;: Limit # of queued animations to minmize animation stuttering
//* Menu avaiable at DD CSS Library: http://www.dynamicdrive.com/style/
*********************/

//Update: April 12th, 10: Fixed compat issue with jquery 1.4x

//Specify full URL to down and right arrow images (23 is padding-right to add to top level LIs with drop downs):
var arrowimages={down:[&#39;downarrowclass&#39;, &#39;http://1.bp.blogspot.com/-SyWkuK5OfXM/T4P6hD531BI/AAAAAAAACB8/5wM4q1phubg/s400/drop.png&#39;, 23], right:[&#39;rightarrowclass&#39;, &#39;right.gif&#39;]}

var jqueryslidemenu={

animateduration: {over: 200, out: 100}, //duration of slide in/ out animation, in milliseconds

buildmenu:function(menuid, arrowsvar){
	jQuery(document).ready(function($){
		var $mainmenu=$(&quot;#&quot;+menuid+&quot;&gt;ul&quot;)
		var $headers=$mainmenu.find(&quot;ul&quot;).parent()
		$headers.each(function(i){
			var $curobj=$(this)
			var $subul=$(this).find(&#39;ul:eq(0)&#39;)
			this._dimensions={w:this.offsetWidth, h:this.offsetHeight, subulw:$subul.outerWidth(), subulh:$subul.outerHeight()}
			this.istopheader=$curobj.parents(&quot;ul&quot;).length==1? true : false
			$subul.css({top:this.istopheader? this._dimensions.h+&quot;px&quot; : 0})
			$curobj.children(&quot;a:eq(0)&quot;).css(this.istopheader? {paddingRight: arrowsvar.down[2]} : {}).append(
				&#39;&lt;img src=&quot;&#39;+ (this.istopheader? arrowsvar.down[1] : arrowsvar.right[1])
				+&#39;&quot; class=&quot;&#39; + (this.istopheader? arrowsvar.down[0] : arrowsvar.right[0])
				+ &#39;&quot; style=&quot;border:0;&quot; /&gt;&#39;
			)
			$curobj.hover(
				function(e){
					var $targetul=$(this).children(&quot;ul:eq(0)&quot;)
					this._offsets={left:$(this).offset().left, top:$(this).offset().top}
					var menuleft=this.istopheader? 0 : this._dimensions.w
					menuleft=(this._offsets.left+menuleft+this._dimensions.subulw&gt;$(window).width())? (this.istopheader? -this._dimensions.subulw+this._dimensions.w : -this._dimensions.w) : menuleft
					if ($targetul.queue().length&lt;=1) //if 1 or less queued animations
						$targetul.css({left:menuleft+&quot;px&quot;, width:this._dimensions.subulw+&#39;px&#39;}).slideDown(jqueryslidemenu.animateduration.over)
				},
				function(e){
					var $targetul=$(this).children(&quot;ul:eq(0)&quot;)
					$targetul.slideUp(jqueryslidemenu.animateduration.out)
				}
			) //end hover
			$curobj.click(function(){
				$(this).children(&quot;ul:eq(0)&quot;).hide()
			})
		}) //end $headers.each()
		$mainmenu.find(&quot;ul&quot;).css({display:&#39;none&#39;, visibility:&#39;visible&#39;})
	}) //end document.ready
}
}

//build menu with ID=&quot;myslidemenu&quot; on page:
jqueryslidemenu.buildmenu(&quot;myslidemenu&quot;, arrowimages)
</script>


<!-- ++++++++++++++++++++++++++++++
Jquery images hover
-->
<script type='text/javascript'>
$(function() {
	$(&#39;.thumbs&#39;).hover(function(){
	$(this).find(&#39;img&#39;).animate({top:&#39;220px&#39;},{queue:false,duration:500});
		}, function(){
	$(this).find(&#39;img&#39;).animate({top:&#39;0px&#39;},{queue:false,duration:500});
		});
	})
</script>


<!-- +++++++++++++++++++++++++++++++++++++++++++++++++++++++
Start Conditional Tag
- Single post
- Static page
- Index and Home
++++++++++++++++++++++++++++++++++++++++++++++++++++++++ -->
<b:if cond='data:blog.pageType == &quot;error_page&quot;'>
<style type='text/css'>
#main-wrapper {
	border:none!important;
}
.status-msg-wrap #searchbar {
	float:none;
	margin:20px auto;
}
#blog-pager {display:none}
.status-msg-wrap {
	font-size: 12px;
	margin:0;
	padding:0;
	position:static;
	width: 100%;
	display:block;
}
.error-body p {
	line-height:1.6em;
}
.status-msg-border {
	display:none
}
.status-msg-body {
	padding: 0;
	margin:-30px 0 30px 0!important;
	padding-bottom:30px;
	width: 100%;
	z-index: auto;
	position:static;
}
.status-msg-wrap a {
	padding: none;
	text-decoration: underline;
}
.status-msg-body .error-custom {
	text-align:center;
	width:50%;
	margin:0 auto;
}
.status-msg-body .error-custom h2 {
	font-size:100px;
	font-weight:normal;
	border-bottom:1px solid #efefef;
	margin-bottom:10px;
	line-height:1.6em;
	font-family:&#39;Questrial&#39;, helvetica, arial;
}
.status-msg-body .error-custom h3 {
	font-weight:normal;
	padding-bottom:10px;
	margin-bottom:20px;
	border-bottom:1px solid #efefef;
	font-family:&#39;Questrial&#39;, helvetica, arial;
}
</style>
</b:if>

<b:if cond='data:blog.pageType != &quot;item&quot;'>
<style type='text/css'>
#main-wrapper {
	border-top:1px solid #efefef;
}

.post {
	width:238px;
	height:auto;
	float:left;
	margin:1px;
	padding:0;
	-o-transition: all 0.5s; 
	-moz-transition: all 0.5s; 
	-webkit-transition: all 0.5s;
}

.post:hover {
	background:#f2f2f2;
	-o-transition: all 0.5s; 
	-moz-transition: all 0.5s; 
	-webkit-transition: all 0.5s;
}

.post-body {
	float:none;
	width:100%;
	padding-right:0;
	padding-bottom:0;
}

.post-header-line-1,
.post-footer {
	display:none
}

#blog-pager {
	border-bottom:1px solid #efefef;
	background:none;
}
</style>
</b:if>

<b:if cond='data:blog.pageType == &quot;static_page&quot;'>
<style type='text/css'>
#main-wrapper {
	width:960px;
	border-top:none;
}

.post-metadata {
	float:none;
	width:960px;
}

.post:hover {
	background:none;
}

.post-body {
	display:block;
	clear:both;
}

.post-title-2 {
	display:block;
	border-bottom:1px solid #ddd;
	padding-bottom:10px!important;
}

#blog-pager {margin-left:0;display:none}

.post-footer,
.post-header-line-1,
.rmlink {
	display:none;
}

.post-body {
	padding:15px 0!important
}

.post,
.post-body {
	width:100%;
	height:auto;
	background:none;
	margin:0;
	padding:0;
}

.post-entry-title, .post-header {
	display:none
}

.post-body:hover .post-entry-title {
	display:none
}
</style>
</b:if>


  </head>

  <body>

<div class='cover'>

	<div class='row' id='row1'>
	  <div id='header-container'>
	<div id='header-wrapper'>
      <b:section class='header' id='header' maxwidgets='1' showaddelement='no'>
<b:widget id='Header1' locked='true' title='the Sandal Jepit (Header)' type='Header'>
<b:includable id='title'>
  <b:if cond='data:blog.url == data:blog.homepageUrl'>
    <data:title/>
  <b:else/>
    <a expr:href='data:blog.homepageUrl'><data:title/></a>
  </b:if>
</b:includable>
<b:includable id='description'>
  <div class='descriptionwrapper'>
    <p class='description'><span><data:description/></span></p>
  </div>
</b:includable>
<b:includable id='main'>

  <b:if cond='data:useImage'>
    <b:if cond='data:imagePlacement == &quot;BEHIND&quot;'>
      <!--
      Show image as background to text. You can't really calculate the width
      reliably in JS because margins are not taken into account by any of
      clientWidth, offsetWidth or scrollWidth, so we don't force a minimum
      width if the user is using shrink to fit.
      This results in a margin-width's worth of pixels being cropped. If the
      user is not using shrink to fit then we expand the header.
      -->
      <b:if cond='data:mobile'>
          <div id='header-inner'>
            <div class='titlewrapper' style='background: transparent'>
              <h1 class='title' style='background: transparent; border-width: 0px'>
                <b:include name='title'/>
              </h1>
            </div>
            <b:include name='description'/>
          </div>
        <b:else/>
          <div expr:style='&quot;background-image: url(\&quot;&quot; + data:sourceUrl + &quot;\&quot;); &quot;                        + &quot;background-position: &quot;                        + data:backgroundPositionStyleStr + &quot;; &quot;                        + data:widthStyleStr                        + &quot;min-height: &quot; + data:height                        + &quot;_height: &quot; + data:height                        + &quot;background-repeat: no-repeat; &quot;' id='header-inner'>
            <div class='titlewrapper' style='background: transparent'>
              <h1 class='title' style='background: transparent; border-width: 0px'>
                <b:include name='title'/>
              </h1>
            </div>
            <b:include name='description'/>
          </div>
        </b:if>
    <b:else/>
      <!--Show the image only-->
      <div id='header-inner'>
        <a expr:href='data:blog.homepageUrl' style='display: block'>
          <img expr:alt='data:title' expr:height='data:height' expr:id='data:widget.instanceId + &quot;_headerimg&quot;' expr:src='data:sourceUrl' expr:width='data:width' style='display: block'/>
        </a>
        <!--Show the description-->
        <b:if cond='data:imagePlacement == &quot;BEFORE_DESCRIPTION&quot;'>
          <b:include name='description'/>
        </b:if>
      </div>
    </b:if>
  <b:else/>
    <!--No header image -->
    <div id='header-inner'>
      <div class='titlewrapper'>
        <h1 class='title'>
          <b:include name='title'/>
        </h1>
      </div>
      <b:include name='description'/>
    </div>
  </b:if>
</b:includable>
</b:widget>
</b:section>

      <b:section class='sidebar' id='adsheader' maxwidgets='1'>
<b:widget id='HTML6' locked='false' title='' type='HTML'>
<b:includable id='main'>
  <!-- only display title if it's non-empty -->
  <b:if cond='data:title != &quot;&quot;'>
    <h2 class='title'><data:title/></h2>
  </b:if>
  <div class='widget-content'>
    <data:content/>
  </div>

  <b:include name='quickedit'/>
</b:includable>
</b:widget>
</b:section>
	</div>
	<div id='navigation-container'>
      <b:section class='navi' id='navigation'>
<b:widget id='HTML3' locked='false' title='' type='HTML'>
<b:includable id='main'>
  <!-- only display title if it's non-empty -->
  <b:if cond='data:title != &quot;&quot;'>
    <h2 class='title'><data:title/></h2>
  </b:if>
  <div class='widget-content'>
    <data:content/>
  </div>

  <b:include name='quickedit'/>
</b:includable>
</b:widget>
</b:section>
	</div>
	  </div><!-- #end headercontainer -->
	</div><!-- #end row1 -->

	<div class='row'>
<b:if cond='data:blog.pageType != &quot;item&quot;'>
<b:if cond='data:blog.pageType != &quot;static_page&quot;'>
<b:if cond='data:blog.pageType != &quot;error_page&quot;'>
	<div id='faux-wrapper'>
      <b:section class='sidebar' id='faux'>
<b:widget id='Text1' locked='false' title='' type='Text'>
<b:includable id='main'>
  <!-- only display title if it's non-empty -->
  <b:if cond='data:title != &quot;&quot;'>
    <h2 class='title'><data:title/></h2>
  </b:if>
  <div class='widget-content'>
    <data:content/>
  </div>

  <b:include name='quickedit'/>
</b:includable>
</b:widget>
<b:widget id='Label1' locked='false' title='Labels' type='Label'>
<b:includable id='main'>
  <b:if cond='data:title'>
    <h2><data:title/></h2>
  </b:if>
  <div expr:class='&quot;widget-content &quot; + data:display + &quot;-label-widget-content&quot;'>
    <b:if cond='data:display == &quot;list&quot;'>
      <ul>
      <b:loop values='data:labels' var='label'>
        <li>
          <b:if cond='data:blog.url == data:label.url'>
            <span expr:dir='data:blog.languageDirection'><data:label.name/></span>
          <b:else/>
            <a expr:dir='data:blog.languageDirection' expr:href='data:label.url'><data:label.name/></a>
          </b:if>
          <b:if cond='data:showFreqNumbers'>
            <span dir='ltr'>(<data:label.count/>)</span>
          </b:if>
        </li>
      </b:loop>
      </ul>
    <b:else/>
      <b:loop values='data:labels' var='label'>
        <span expr:class='&quot;label-size label-size-&quot; + data:label.cssSize'>
          <b:if cond='data:blog.url == data:label.url'>
            <span expr:dir='data:blog.languageDirection'><data:label.name/></span>
          <b:else/>
            <a expr:dir='data:blog.languageDirection' expr:href='data:label.url'><data:label.name/></a>
          </b:if>
          <b:if cond='data:showFreqNumbers'>
            <span class='label-count' dir='ltr'>(<data:label.count/>)</span>
          </b:if>
        </span>
      </b:loop>
    </b:if>
    <b:include name='quickedit'/>
  </div>
</b:includable>
</b:widget>
</b:section>
	</div>
</b:if>
</b:if>
</b:if>
	</div><!-- #end row1 -->

	<div class='row' id='row3'>
	<div id='outer-wrapper'>
    <div id='content-wrapper'>
	<div id='main-wrapper'>
<b:section class='main' id='main' showaddelement='no'>
<b:widget id='Blog1' locked='true' title='Blog Posts' type='Blog'>
<b:includable id='nextprev'>
  <div class='blog-pager' id='blog-pager'>
      <b:if cond='data:blog.url != data:blog.homepageUrl'>
      <span id='blog-pager-home'>
      <a expr:href='data:blog.homepageUrl' expr:title='data:homeMsg'><data:homeMsg/></a>
      </span>
      </b:if>

    <b:if cond='data:olderPageUrl'>
      <span id='blog-pager-older-link'>
      <a class='blog-pager-older-link' expr:href='data:olderPageUrl' expr:id='data:widget.instanceId + &quot;_blog-pager-older-link&quot;' expr:title='data:olderPageTitle'><data:olderPageTitle/></a>
      </span>
    </b:if>

    <b:if cond='data:newerPageUrl'>
      <span id='blog-pager-newer-link'>
      <a class='blog-pager-newer-link' expr:href='data:newerPageUrl' expr:id='data:widget.instanceId + &quot;_blog-pager-newer-link&quot;' expr:title='data:newerPageTitle'><data:newerPageTitle/></a>
      </span>
    </b:if>

  </div>
  <div class='clear'/>
</b:includable>
<b:includable id='shareButtons' var='post'>
  <b:if cond='data:top.showEmailButton'><a class='goog-inline-block share-button sb-email' expr:href='data:post.sharePostUrl + &quot;&amp;target=email&quot;' expr:title='data:top.emailThisMsg' target='_blank'>
      <span class='share-button-link-text'><data:top.emailThisMsg/></span>
  </a></b:if><b:if cond='data:top.showBlogThisButton'><a class='goog-inline-block share-button sb-blog' expr:href='data:post.sharePostUrl + &quot;&amp;target=blog&quot;' expr:onclick='&quot;window.open(this.href, \&quot;_blank\&quot;, \&quot;height=270,width=475\&quot;); return false;&quot;' expr:title='data:top.blogThisMsg' target='_blank'>
      <span class='share-button-link-text'><data:top.blogThisMsg/></span>
  </a></b:if><b:if cond='data:top.showTwitterButton'><a class='goog-inline-block share-button sb-twitter' expr:href='data:post.sharePostUrl + &quot;&amp;target=twitter&quot;' expr:title='data:top.shareToTwitterMsg' target='_blank'>
      <span class='share-button-link-text'><data:top.shareToTwitterMsg/></span>
  </a></b:if><b:if cond='data:top.showFacebookButton'><a class='goog-inline-block share-button sb-facebook' expr:href='data:post.sharePostUrl + &quot;&amp;target=facebook&quot;' expr:onclick='&quot;window.open(this.href, \&quot;_blank\&quot;, \&quot;height=430,width=640\&quot;); return false;&quot;' expr:title='data:top.shareToFacebookMsg' target='_blank'>
      <span class='share-button-link-text'><data:top.shareToFacebookMsg/></span>
  </a></b:if><b:if cond='data:top.showOrkutButton'><a class='goog-inline-block share-button sb-orkut' expr:href='data:post.sharePostUrl + &quot;&amp;target=orkut&quot;' expr:title='data:top.shareToOrkutMsg' target='_blank'>
      <span class='share-button-link-text'><data:top.shareToOrkutMsg/></span>
  </a></b:if><b:if cond='data:top.showBuzzButton'><a class='goog-inline-block share-button sb-buzz' expr:href='data:post.sharePostUrl + &quot;&amp;target=buzz&quot;' expr:onclick='&quot;window.open(this.href, \&quot;_blank\&quot;, \&quot;height=415,width=690\&quot;); return false;&quot;' expr:title='data:top.shareToBuzzMsg' target='_blank'>
      <span class='share-button-link-text'><data:top.shareToBuzzMsg/></span>
  </a></b:if>
  <b:if cond='data:top.showDummy'>
    <div class='goog-inline-block dummy-container'><data:post.dummyTag/></div>
  </b:if>
</b:includable>
<b:includable id='backlinks' var='post'>
  <a name='links'/><h4><data:post.backlinksLabel/></h4>
  <b:if cond='data:post.numBacklinks != 0'>
    <dl class='comments-block' id='comments-block'>
      <b:loop values='data:post.backlinks' var='backlink'>
        <div class='collapsed-backlink backlink-control'>
          <dt class='comment-title'>
            <span class='backlink-toggle-zippy'>&#160;</span>
            <a expr:href='data:backlink.url' rel='nofollow'><data:backlink.title/></a>
            <b:include data='backlink' name='backlinkDeleteIcon'/>
          </dt>
          <dd class='comment-body collapseable'>
            <data:backlink.snippet/>
          </dd>
          <dd class='comment-footer collapseable'>
            <span class='comment-author'><data:post.authorLabel/> <data:backlink.author/></span>
            <span class='comment-timestamp'><data:post.timestampLabel/> <data:backlink.timestamp/></span>
          </dd>
        </div>
      </b:loop>
    </dl>
  </b:if>
  <p class='comment-footer'>
    <a class='comment-link' expr:href='data:post.createLinkUrl' expr:id='data:widget.instanceId + &quot;_backlinks-create-link&quot;' target='_blank'><data:post.createLinkLabel/></a>
  </p>
</b:includable>
<b:includable id='threaded_comment_js' var='post'>
  <script async='async' expr:src='data:post.commentSrc' type='text/javascript'/>

<!-- #start old json for threaded comments
===================================================== -->
<script type='text/javascript'>
(function() {
var items = <data:post.commentJso/>;
var msgs = <data:post.commentMsgs/>;
var config = <data:post.commentConfig/>;
 
// <![CDATA[
var cursor = null;
if (items && items.length > 0) {
cursor = parseInt(items[items.length - 1].timestamp) + 1;
}
 
var bodyFromEntry = function(entry) {
if (entry.gd$extendedProperty) {
for (var k in entry.gd$extendedProperty) {
if (entry.gd$extendedProperty[k].name == 'blogger.contentRemoved') {
return '<span class="deleted-comment">' + entry.content.$t + '</span>';
}
}
}
return entry.content.$t;
}
 
var parse = function(data) {
cursor = null;
var comments = [];
if (data && data.feed && data.feed.entry) {
for (var i = 0, entry; entry = data.feed.entry[i]; i++) {
var comment = {};
// comment ID, parsed out of the original id format
var id = /blog-(\d+).post-(\d+)/.exec(entry.id.$t);
comment.id = id ? id[2] : null;
comment.body = bodyFromEntry(entry);
comment.timestamp = Date.parse(entry.published.$t) + '';
if (entry.author && entry.author.constructor === Array) {
var auth = entry.author[0];
if (auth) {
comment.author = {
name: (auth.name ? auth.name.$t : undefined),
profileUrl: (auth.uri ? auth.uri.$t : undefined),
avatarUrl: (auth.gd$image ? auth.gd$image.src : undefined)
};
}
}
if (entry.link) {
if (entry.link[2]) {
comment.link = comment.permalink = entry.link[2].href;
}
if (entry.link[3]) {
var pid = /.*comments\/default\/(\d+)\?.*/.exec(entry.link[3].href);
if (pid && pid[1]) {
comment.parentId = pid[1];
}
}
}
comment.deleteclass = 'item-control blog-admin';
if (entry.gd$extendedProperty) {
for (var k in entry.gd$extendedProperty) {
if (entry.gd$extendedProperty[k].name == 'blogger.itemClass') {
comment.deleteclass += ' ' + entry.gd$extendedProperty[k].value;
}
}
}
comments.push(comment);
}
}
return comments;
};
 
var paginator = function(callback) {
if (hasMore()) {
var url = config.feed + '?alt=json&v=2&orderby=published&reverse=false&max-results=50';
if (cursor) {
url += '&published-min=' + new Date(cursor).toISOString();
}
window.bloggercomments = function(data) {
var parsed = parse(data);
cursor = parsed.length < 50 ? null
: parseInt(parsed[parsed.length - 1].timestamp) + 1
callback(parsed);
window.bloggercomments = null;
}
url += '&callback=bloggercomments';
var script = document.createElement('script');
script.type = 'text/javascript';
script.src = url;
document.getElementsByTagName('head')[0].appendChild(script);
}
};
var hasMore = function() {
return !!cursor;
};
var getMeta = function(key, comment) {
if ('iswriter' == key) {
var matches = !!comment.author
&& comment.author.name == config.authorName
&& comment.author.profileUrl == config.authorUrl;
return matches ? 'true' : '';
} else if ('deletelink' == key) {
return config.baseUri + '/delete-comment.g?blogID='
+ config.blogId + '&postID=' + comment.id;
} else if ('deleteclass' == key) {
return comment.deleteclass;
}
return '';
};
 
var replybox = null;
var replyUrlParts = null;
var replyParent = undefined;
 
var onReply = function(commentId, domId) {
if (replybox == null) {
// lazily cache replybox, and adjust to suit this style:
replybox = document.getElementById('comment-editor');
if (replybox != null) {
replybox.height = '250px';
replybox.style.display = 'block';
replyUrlParts = replybox.src.split('#');
}
}
if (replybox && (commentId !== replyParent)) {
document.getElementById(domId).insertBefore(replybox, null);
replybox.src = replyUrlParts[0]
+ (commentId ? '&parentID=' + commentId : '')
+ '#' + replyUrlParts[1];
replyParent = commentId;
}
};
 
var hash = (window.location.hash || '#').substring(1);
var startThread, targetComment;
if (/^comment-form_/.test(hash)) {
startThread = hash.substring('comment-form_'.length);
} else if (/^c[0-9]+$/.test(hash)) {
targetComment = hash.substring(1);
}
 
// Configure commenting API:
var configJso = {
'maxDepth': config.maxThreadDepth
};
var provider = {
'id': config.postId,
'data': items,
'loadNext': paginator,
'hasMore': hasMore,
'getMeta': getMeta,
'onReply': onReply,
'rendered': true,
'initComment': targetComment,
'initReplyThread': startThread,
'config': configJso,
'messages': msgs
};
 
var render = function() {
if (window.goog && window.goog.comments) {
var holder = document.getElementById('comment-holder');
window.goog.comments.render(holder, provider);
}
};
 
// render now, or queue to render when library loads:
if (window.goog && window.goog.comments) {
render();
} else {
window.goog = window.goog || {};
window.goog.comments = window.goog.comments || {};
window.goog.comments.loadQueue = window.goog.comments.loadQueue || [];
window.goog.comments.loadQueue.push(render);
}
})();
// ]]>
</script><!-- #end old json -->
</b:includable>
<b:includable id='mobile-main' var='top'>
    <!-- posts -->
    <div class='blog-posts hfeed'>

      <b:include data='top' name='status-message'/>

      <b:if cond='data:blog.pageType == &quot;index&quot;'>
        <b:loop values='data:posts' var='post'>
          <b:include data='post' name='mobile-index-post'/>
        </b:loop>
      <b:else/>
        <b:loop values='data:posts' var='post'>
          <b:include data='post' name='mobile-post'/>
        </b:loop>
      </b:if>
    </div>

   <b:include name='mobile-nextprev'/>
</b:includable>
<b:includable id='post' var='post'>
  <div class='post hentry'>
   <div class='post-metadata'>
    <a expr:name='data:post.id'/>
    <b:if cond='data:blog.pageType == &quot;item&quot;'>
    <b:if cond='data:post.title'>
      <!-- ==============================
      Post title pada single post
      =============================== -->
      <h3 class='post-title-2'>
     <b:if cond='data:post.link'>
       <a expr:href='data:post.link'><data:post.title/></a>
     <b:else/>
        <b:if cond='data:post.url'>
          <a expr:href='data:post.url'><data:post.title/></a>
        <b:else/>
          <data:post.title/>
        </b:if>
     </b:if>
      </h3>
    </b:if>
    </b:if>

    <b:if cond='data:blog.pageType == &quot;static_page&quot;'>
    <b:if cond='data:post.title'>
      <!-- ==============================
      Post title pada static post
      =============================== -->
      <h3 class='post-title-2'>
     <b:if cond='data:post.link'>
       <a expr:href='data:post.link'><data:post.title/></a>
     <b:else/>
        <b:if cond='data:post.url'>
          <a expr:href='data:post.url'><data:post.title/></a>
        <b:else/>
          <data:post.title/>
        </b:if>
     </b:if>
      </h3>
    </b:if>
    </b:if>

    <div class='post-header'>
<b:if cond='data:blog.pageType == &quot;item&quot;'>
    <div class='post-header-line-1'>
    <ul>
    <li><span class='post-author-vcard'>
        <b:if cond='data:top.showAuthor'>
          <span class='fn'><strong>Posted by :</strong> <data:post.author/></span>
        </b:if>
    </span></li>

    <li><span class='entry-date'><strong>Post date :</strong> <data:post.dateHeader/></span></li>

      <!-- ++++++++++++++++++
      <span class='post-comment-link'>
          <b:if cond='data:blog.pageType != &quot;static_page&quot;'>
            <b:if cond='data:post.allowComments'>
              <a class='comment-link' expr:href='data:post.addCommentUrl' expr:onclick='data:post.addCommentOnclick'><b:if cond='data:post.numComments == 1'>1 <data:top.commentLabel/><b:else/><data:post.numComments/> <data:top.commentLabelPlural/></b:if></a>
            </b:if>
          </b:if>
      </span>
      +++++++++++++++++++ -->

      <li><span class='post-labels'><strong>Label :</strong> 
        <b:if cond='data:post.labels'>
          <b:loop values='data:post.labels' var='label'>
            <a expr:href='data:label.url' rel='tag'><data:label.name/></a><b:if cond='data:label.isLast != &quot;true&quot;'>,</b:if>
          </b:loop>
        </b:if>
      </span></li>

      <li><b:if cond='data:blog.pageType == &quot;item&quot;'>
<b:loop index='i' values='data:post.enclosures' var='enclosure'>
<b:if cond='data:i == &quot;0&quot;'>

<b:if cond='data:enclosure.mimeType == &quot;detail&quot;'>
<a expr:href='data:enclosure.url'>Project detail &#8594;</a>
<b:else/>
<b:if cond='data:enclosure.mimeType == &quot;credit&quot;'>
<a expr:href='data:enclosure.url'>Visit Source &#8594;</a>
</b:if>
</b:if>

</b:if>
</b:loop>
      </b:if></li>

      <li><span class='post-icons'>
        <!-- email post links -->
        <b:if cond='data:post.emailPostUrl'>
          <span class='item-action'>
          <a expr:href='data:post.emailPostUrl' expr:title='data:top.emailPostMsg'>
              <img alt='' class='icon-action' height='13' src='http://img1.blogblog.com/img/icon18_email.gif' width='18'/>
          </a>
          </span>
        </b:if>

        <!-- quickedit pencil -->
        <b:include data='post' name='postQuickEdit'/>
      </span></li>

      <li class='sds'><b:if cond='data:post.sharePostUrl'>
	<div class='post-share-buttons' style='float:left'>
	<b:include data='post' name='shareButtons'/>
	</div>
        </b:if></li>

      <li>
	<div class='page-navigation'>
	  <b:include name='nextprev'/>
	</div>
      </li>
    </ul>
    </div><!-- #post-header-line-1 -->
</b:if>
    </div>
   </div><!-- #end post metadata -->


    <div class='post-body entry-content'>

<b:if cond='data:blog.pageType != &quot;item&quot;'>
<b:if cond='data:blog.pageType != &quot;static_page&quot;'>
        <div class='duplicate-title-element'>
            <h3 class='duplicate-title'>
              <b:if cond='data:post.link'>
                <a expr:href='data:post.link'><data:post.title/></a>
              <b:else/>
                <b:if cond='data:post.url'>
                  <b:if cond='data:blog.url != data:post.url'>
                    <a expr:href='data:post.url'><data:post.title/></a>
                  <b:else/>
                    <data:post.title/>
                  </b:if>
                <b:else/>
                  <data:post.title/>
                </b:if>
              </b:if>
            </h3>
            <b:if cond='data:post.dateHeader'>
            <script>var ultimaFecha = &#39;<data:post.dateHeader/>&#39;;</script>
            <div class='entry-date'><data:post.dateHeader/></div>
            <b:else/>
            <div class='entry-date'>
            <script>document.write(ultimaFecha);</script></div>
            </b:if>
        </div>
</b:if>
</b:if>

<div class='auto-thumbnail'>
  <b:if cond='data:blog.pageType != &quot;item&quot;'>
    <!-- DO NOT MAKE ANY CHANGES
    * Berfungsi untuk menggenerate thumbnail
    * baik berupa gambar, youtube video, dan flickr photostream
    * bisa diresize sesuai kebutuhan tanpa menyebabkan gambar terlihat buram
    * Author: PixelOplosan.com
    -->
    <b:if cond='data:post.thumbnailUrl'>
      <div class='thumbs'>
<a expr:href='data:post.url'>
    <script type='text/javascript'>
	//<![CDATA[
	function bp_thumbnail_resize(image_url,post_title)
	{
	var image_size=238;
	var show_default_thumbnail=true;
	var default_thumbnail="http://2.bp.blogspot.com/-erTXCq61ULM/TmHYAQBZ0GI/AAAAAAAACCs/6cBX54Dn6Gs/s72-c/default.png";
	if(show_default_thumbnail == true && image_url == "") image_url= default_thumbnail;
	image_tag='<img src="'+image_url.replace('/s72-c/','/s'+image_size+'-c/')+'" class="postthumb" alt="'+post_title+'"/>';
	if(image_url!="") return image_tag; else return "";
	}
	//]]>
    </script>
    <script type='text/javascript'>
document.write(bp_thumbnail_resize(&quot;<data:post.thumbnailUrl/>&quot;,&quot;<data:post.title/>&quot;));
    </script>
<div class='thumbs-hovering'>
  <div class='snip'>
    <data:post.snippet/>
  </div>
  <div class='post-comment-link'>
    Discussion : <data:post.numComments/><br/>
    Posted by : <data:post.author/>
  </div>
</div>
</a>
      </div><!-- ### akhir .thumbs, sesuatu -->
    <!-- End # DO NOT MAKE ANY CHANGES -->

    </b:if>
    <b:else/>
        <data:post.body/>
  </b:if>
</div><!-- # End, auto-thumbnail -->

  <b:if cond='data:blog.pageType == &quot;static_page&quot;'>
        <data:post.body/>
  </b:if>

      <div style='clear: both;'/> <!-- clear for photos floats -->
    </div>

    <b:if cond='data:post.hasJumpLink'>
      <div class='jump-link'>
        <a expr:href='data:post.url + &quot;#more&quot;' expr:title='data:post.title'><data:post.jumpText/></a>
      </div>
    </b:if>

    <div class='post-footer'>
      <div class='post-footer-line-1'>
      </div>

      <div class='post-footer-line-2'>
      </div>

      <div class='post-footer-line-3'>
      </div>
    </div>
<div class='clear'/><!-- #syalala -->
  </div>
</b:includable>
<b:includable id='status-message'>
  <b:if cond='data:navMessage'>
  <div class='status-msg-wrap'>
    <div class='status-msg-body'>
      <data:navMessage/>
    </div>
    <div class='status-msg-border'>
      <div class='status-msg-bg'>
        <div class='status-msg-hidden'><data:navMessage/></div>
      </div>
    </div>
  </div>
  <div style='clear: both;'/>
  </b:if>
</b:includable>
<b:includable id='comment-form' var='post'>
  <div class='comment-form'>
    <a name='comment-form'/>
    <b:if cond='data:mobile'>
      <h4 id='comment-post-message'>
        <a expr:id='data:widget.instanceId + &quot;_comment-editor-toggle-link&quot;' href='javascript:void(0)'><data:postCommentMsg/></a></h4>
      <p><data:blogCommentMessage/></p>
      <data:blogTeamBlogMessage/>
      <a expr:href='data:post.commentFormIframeSrc' id='comment-editor-src'/>
      <iframe allowtransparency='true' class='blogger-iframe-colorize blogger-comment-from-post' frameborder='0' height='410' id='comment-editor' name='comment-editor' src='' style='display: none' width='100%'/>
    <b:else/>
      <h4 id='comment-post-message'><data:postCommentMsg/></h4>
      <p><data:blogCommentMessage/></p>
      <data:blogTeamBlogMessage/>
      <a expr:href='data:post.commentFormIframeSrc' id='comment-editor-src'/>
      <iframe allowtransparency='true' class='blogger-iframe-colorize blogger-comment-from-post' frameborder='0' height='250' id='comment-editor' name='comment-editor' src='' width='720'/>
    </b:if>
    <data:post.friendConnectJs/>
    <data:post.cmtfpIframe/>
    <b:if cond='data:showCmtPopup'>
      <div id='comment-popup' style='width:100px;height:20px;'>
        <iframe allowtransparency='true' frameborder='0' id='comment-actions' name='comment-actions' scrolling='no'>
        </iframe>
      </div>
    </b:if>
    <script type='text/javascript'>
      BLOG_CMT_createIframe(&#39;<data:post.appRpcRelayPath/>&#39;, &#39;<data:post.communityId/>&#39;);
    </script>
  </div>
</b:includable>
<b:includable id='threaded_comments' var='post'>
  <div class='comments' id='comments'>
    <a name='comments'/>
    <h4>
      <b:if cond='data:post.numComments == 1'>
        1 <data:commentLabel/>:
      <b:else/>
        <data:post.numComments/> <data:commentLabelPlural/>:
      </b:if>
    </h4>

    <div class='comments-content'>
      <b:if cond='data:post.embedCommentForm'>
        <b:include data='post' name='threaded_comment_js'/>
      </b:if>
      <div id='comment-holder'>
         <data:post.commentHtml/>
      </div>
    </div>

    <p class='comment-footer'>
      <b:if cond='data:post.allowNewComments'>
        <b:include data='post' name='threaded-comment-form'/>
      <b:else/>
        <data:post.noNewCommentsText/>
      </b:if>
    </p>

    <b:if cond='data:showCmtPopup'>
      <div id='comment-popup'>
        <iframe allowtransparency='true' frameborder='0' id='comment-actions' name='comment-actions' scrolling='no'>
        </iframe>
      </div>
    </b:if>

    <div id='backlinks-container'>
    <div expr:id='data:widget.instanceId + &quot;_backlinks-container&quot;'>
       <b:if cond='data:post.showBacklinks'>
         <b:include data='post' name='backlinks'/>
       </b:if>
    </div>
    </div>
  </div>
</b:includable>
<b:includable id='backlinkDeleteIcon' var='backlink'>
  <span expr:class='&quot;item-control &quot; + data:backlink.adminClass'>
    <a expr:href='data:backlink.deleteUrl' expr:title='data:top.deleteBacklinkMsg'>
      <img src='//www.blogger.com/img/icon_delete13.gif'/>
    </a>
  </span>
</b:includable>
<b:includable id='mobile-nextprev'>
  <div class='blog-pager' id='blog-pager'>
    <b:if cond='data:newerPageUrl'>
      <div class='mobile-link-button' id='blog-pager-newer-link'>
      <a class='blog-pager-newer-link' expr:href='data:newerPageUrl' expr:id='data:widget.instanceId + &quot;_blog-pager-newer-link&quot;' expr:title='data:newerPageTitle'><data:newerPageTitle/></a>
      </div>
    </b:if>

    <b:if cond='data:olderPageUrl'>
      <div class='mobile-link-button' id='blog-pager-older-link'>
      <a class='blog-pager-older-link' expr:href='data:olderPageUrl' expr:id='data:widget.instanceId + &quot;_blog-pager-older-link&quot;' expr:title='data:olderPageTitle'><data:olderPageTitle/></a>
      </div>
    </b:if>

    <div class='mobile-link-button' id='blog-pager-home-link'>
    <a class='home-link' expr:href='data:blog.homepageUrl'><data:homeMsg/></a>
    </div>

    <div class='mobile-desktop-link'>
      <a class='home-link' expr:href='data:desktopLinkUrl'><data:desktopLinkMsg/></a>
    </div>

  </div>
  <div class='clear'/>
</b:includable>
<b:includable id='mobile-post' var='post'>
  <div class='date-outer'>
    <b:if cond='data:post.dateHeader'>
      <h2 class='date-header'><span><data:post.dateHeader/></span></h2>
    </b:if>
    <div class='date-posts'>
      <div class='post-outer'>

        <div class='post hentry uncustomized-post-template'>
          <a expr:name='data:post.id'/>
          <b:if cond='data:post.title'>
            <h3 class='post-title entry-title'>
              <b:if cond='data:post.link'>
                <a expr:href='data:post.link'><data:post.title/></a>
              <b:else/>
                <b:if cond='data:post.url'>
                  <b:if cond='data:blog.url != data:post.url'>
                    <a expr:href='data:post.url'><data:post.title/></a>
                  <b:else/>
                    <data:post.title/>
                  </b:if>
                <b:else/>
                  <data:post.title/>
                </b:if>
              </b:if>
            </h3>
          </b:if>

          <div class='post-header'>
            <div class='post-header-line-1'/>
          </div>

          <div class='post-body entry-content' expr:id='&quot;post-body-&quot; + data:post.id'>
            <p><data:post.body/></p>
            <div style='clear: both;'/> <!-- clear for photos floats -->
          </div>

          <div class='post-footer'>
            <div class='post-footer-line post-footer-line-1'>
              <span class='post-timestamp'>
                <b:if cond='data:top.showTimestamp'>
                  <data:top.timestampLabel/>
                  <b:if cond='data:post.url'>
                    <a class='timestamp-link' expr:href='data:post.url' rel='bookmark' title='permanent link'><abbr class='published' expr:title='data:post.timestampISO8601'><data:post.timestamp/></abbr></a>
                  </b:if>
                </b:if>
              </span>

              <span class='post-comment-link'>
                <b:if cond='data:blog.pageType != &quot;item&quot;'>
                  <b:if cond='data:blog.pageType != &quot;static_page&quot;'>
                    <b:if cond='data:post.allowComments'>
                      <a class='comment-link' expr:href='data:post.addCommentUrl' expr:onclick='data:post.addCommentOnclick'><b:if cond='data:post.numComments == 1'>1 <data:top.commentLabel/><b:else/><data:post.numComments/> <data:top.commentLabelPlural/></b:if></a>
                    </b:if>
                  </b:if>
                </b:if>
              </span>
            </div>

            <div class='post-footer-line post-footer-line-2'>
              <b:if cond='data:top.showMobileShare'>
                <div class='mobile-link-button goog-inline-block' id='mobile-share-button'>
                  <a href='javascript:void(0);'><data:shareMsg/></a>
                </div>
              </b:if>
              <b:if cond='data:top.showDummy'>
                <div class='goog-inline-block dummy-container'><data:post.dummyTag/></div>
              </b:if>
            </div>

          </div>
        </div>

        <b:if cond='data:blog.pageType == &quot;static_page&quot;'>
	<b:if cond='data:post.showThreadedComments'>
	<b:include data='post' name='threaded_comments'/>
	<b:else/>
	<b:include data='post' name='comments'/>
	</b:if>
        </b:if>
        <b:if cond='data:blog.pageType == &quot;item&quot;'>
	<b:if cond='data:post.showThreadedComments'>
	<b:include data='post' name='threaded_comments'/>
	<b:else/>
	<b:include data='post' name='comments'/>
	</b:if>
        </b:if>
      </div>
    </div>
  </div>
</b:includable>
<b:includable id='postQuickEdit' var='post'>
  <b:if cond='data:post.editUrl'>
    <span expr:class='&quot;item-control &quot; + data:post.adminClass'>
      <a expr:href='data:post.editUrl' expr:title='data:top.editPostMsg'>
        <img alt='' class='icon-action' height='18' src='http://img2.blogblog.com/img/icon18_edit_allbkg.gif' width='18'/>
      </a>
    </span>
  </b:if>
</b:includable>
<b:includable id='main' var='top'>
  <!-- posts -->
  <div class='blog-posts hfeed'>

    <b:include data='top' name='status-message'/>

    <data:defaultAdStart/>
    <b:loop values='data:posts' var='post'>
      <b:if cond='data:post.isDateStart'>
        <b:if cond='data:post.isFirstPost == &quot;false&quot;'>
          &lt;/div&gt;&lt;/div&gt;
        </b:if>
      </b:if>
      <b:if cond='data:post.isDateStart'>
        &lt;div class=&quot;date-outer&quot;&gt;
      </b:if>
      <b:if cond='data:post.isDateStart'>
        &lt;div class=&quot;date-posts&quot;&gt;
      </b:if>
      <div class='post-outer'>
      <b:include data='post' name='post'/>
      <b:if cond='data:blog.pageType == &quot;static_page&quot;'>
	<b:if cond='data:post.showThreadedComments'>
	<b:include data='post' name='threaded_comments'/>
	<b:else/>
	<b:include data='post' name='comments'/>
	</b:if>
      </b:if>
      <b:if cond='data:blog.pageType == &quot;item&quot;'>
	<b:if cond='data:post.showThreadedComments'>
	<b:include data='post' name='threaded_comments'/>
	<b:else/>
	<b:include data='post' name='comments'/>
	</b:if>
      </b:if>
      </div>
      <b:if cond='data:post.includeAd'>
        <b:if cond='data:post.isFirstPost'>
          <data:defaultAdEnd/>
        <b:else/>
          <data:adEnd/>
        </b:if>
        <div class='inline-ad'>
          <data:adCode/>
        </div>
        <data:adStart/>
      </b:if>
      <b:if cond='data:post.trackLatency'>
        <data:post.latencyJs/>
      </b:if>
    </b:loop>
    <b:if cond='data:numPosts != 0'>
      &lt;/div&gt;&lt;/div&gt;
    </b:if>
    <data:adEnd/>
  </div>

  <!-- navigation -->
<b:if cond='data:blog.pageType != &quot;item&quot;'>
  <b:include name='nextprev'/>
</b:if>

  <!-- feed links -->
  <b:include name='feedLinks'/>

  <b:if cond='data:top.showStars'>
    <script src='//www.google.com/jsapi' type='text/javascript'/>
    <script type='text/javascript'>
      google.load(&quot;annotations&quot;, &quot;1&quot;, {&quot;locale&quot;: &quot;<data:top.languageCode/>&quot;});
      function initialize() {
        google.annotations.setApplicationId(<data:top.blogspotReviews/>);
        google.annotations.createAll();
        google.annotations.fetch();
      }
      google.setOnLoadCallback(initialize);
    </script>
  </b:if>
</b:includable>
<b:includable id='commentDeleteIcon' var='comment'>
  <span expr:class='&quot;item-control &quot; + data:comment.adminClass'>
    <a class='comment-delete' expr:href='data:comment.deleteUrl' expr:title='data:top.deleteCommentMsg'>
      <img src='//www.blogger.com/img/icon_delete13.gif'/>
    </a>
  </span>
</b:includable>
<b:includable id='feedLinks'>
  <b:if cond='data:blog.pageType != &quot;item&quot;'> <!-- Blog feed links -->
    <b:if cond='data:feedLinks'>
      <div class='blog-feeds'>
        <b:include data='feedLinks' name='feedLinksBody'/>
      </div>
    </b:if>

    <b:else/> <!--Post feed links -->
    <div class='post-feeds'>
      <b:loop values='data:posts' var='post'>
        <b:if cond='data:post.allowComments'>
          <b:if cond='data:post.feedLinks'>
            <b:include data='post.feedLinks' name='feedLinksBody'/>
          </b:if>
        </b:if>
      </b:loop>
    </div>
  </b:if>
</b:includable>
<b:includable id='threaded-comment-form' var='post'>
  <div class='comment-form'>
    <a name='comment-form'/>
    <b:if cond='data:mobile'>
      <p><data:blogCommentMessage/></p>
      <data:blogTeamBlogMessage/>
      <a expr:href='data:post.commentFormIframeSrc' id='comment-editor-src'/>
      <iframe allowtransparency='true' class='blogger-iframe-colorize blogger-comment-from-post' frameborder='0' height='410' id='comment-editor' name='comment-editor' src='' style='display: none' width='100%'/>
    <b:else/>
      <p><data:blogCommentMessage/></p>
      <data:blogTeamBlogMessage/>
      <a expr:href='data:post.commentFormIframeSrc' id='comment-editor-src'/>
      <iframe allowtransparency='true' class='blogger-iframe-colorize blogger-comment-from-post' frameborder='0' height='410' id='comment-editor' name='comment-editor' src='' width='100%'/>
    </b:if>
    <data:post.friendConnectJs/>
    <data:post.cmtfpIframe/>
    <script type='text/javascript'>
      BLOG_CMT_createIframe(&#39;<data:post.appRpcRelayPath/>&#39;, &#39;<data:post.communityId/>&#39;);
    </script>
  </div>
</b:includable>
<b:includable id='mobile-index-post' var='post'>
  <b:if cond='data:post.dateHeader'>
    <div class='mobile-index-date'>
      <div class='date-header'>
        <span><data:post.dateHeader/></span>
      </div>
    </div>
  </b:if>

  <div class='mobile-post-outer'>
    <div class='mobile-index-title-outer'>
      <h3 class='mobile-index-title entry-title'>
        <a href='javascript:void(0)'><data:post.title/></a>
      </h3>
    </div>

    <div>
      <div class='mobile-index-arrow'>
        <a href='javascript:void(0)'>&amp;rsaquo;</a>
      </div>

      <div class='mobile-post-contents'>
        <b:if cond='data:post.thumbnailUrl'>
          <div class='mobile-index-thumbnail'>
            <div class='Image'>
              <img expr:src='data:post.thumbnailUrl'/>
            </div>
          </div>
        </b:if>

        <div class='post-body'>
          <b:if cond='data:post.snippet'><data:post.snippet/></b:if>
        </div>
      </div>
      <div style='clear: both;'/>
    </div>

    <div class='mobile-index-comment'>
      <b:if cond='data:blog.pageType != &quot;item&quot;'>
        <b:if cond='data:blog.pageType != &quot;static_page&quot;'>
          <b:if cond='data:post.allowComments'>
            <b:if cond='data:post.numComments != 0'>
              <a class='comment-link' expr:href='data:post.addCommentUrl' expr:onclick='data:post.addCommentOnclick'><b:if cond='data:post.numComments == 1'>1 <data:top.commentLabel/><b:else/><data:post.numComments/> <data:top.commentLabelPlural/></b:if></a>
            </b:if>
          </b:if>
        </b:if>
      </b:if>
    </div>
  </div>
</b:includable>
<b:includable id='feedLinksBody' var='links'>
  <div class='feed-links'>
  <b:loop values='data:links' var='f'>
     <a class='feed-link' expr:href='data:f.url' expr:type='data:f.mimeType' target='_blank'>Rss: <img height='10px' src='http://3.bp.blogspot.com/__8dGbSSNY7k/TIA-ywBR6iI/AAAAAAAAAOc/sNb6V7CMC1M/s1600/mini-rss.gif'/></a>
  </b:loop>
<span style='float:right'><img src='http://4.bp.blogspot.com/__8dGbSSNY7k/TIA-ypJTD1I/AAAAAAAAAOU/UjdgNWSRZxo/s1600/mini-blogroll.gif'/> <a href='#' onclick='MGJS.goTop();return false;'>Top</a></span>
  </div>
</b:includable>
<b:includable id='comments' var='post'>
  <div class='comments' id='comments'>
    <a name='comments'/>
    <b:if cond='data:post.allowComments'>
      <h4>
        <b:if cond='data:post.numComments == 1'>
          1 <data:commentLabel/>:
        <b:else/>
          <data:post.numComments/> <data:commentLabelPlural/>:
        </b:if>
      </h4>

      <b:if cond='data:post.commentPagingRequired'>
        <span class='paging-control-container'>
          <a expr:class='data:post.oldLinkClass' expr:href='data:post.oldestLinkUrl'><data:post.oldestLinkText/></a>
          &#160;
          <a expr:class='data:post.oldLinkClass' expr:href='data:post.olderLinkUrl'><data:post.olderLinkText/></a>
          &#160;
          <data:post.commentRangeText/>
          &#160;
          <a expr:class='data:post.newLinkClass' expr:href='data:post.newerLinkUrl'><data:post.newerLinkText/></a>
          &#160;
          <a expr:class='data:post.newLinkClass' expr:href='data:post.newestLinkUrl'><data:post.newestLinkText/></a>
        </span>
      </b:if>

      <div expr:class='data:post.postAuthorClass' expr:id='data:widget.instanceId + &quot;_comments-block-wrapper&quot;'>
      <dl expr:class='data:post.avatarIndentClass' id='comments-block'>
        <b:loop values='data:post.comments' var='comment'>
          <dt expr:class='&quot;comment-author &quot; + data:comment.authorClass' expr:id='data:comment.anchorName'>
            <b:if cond='data:comment.favicon'>
              <img expr:src='data:comment.favicon' height='16px' style='margin-bottom:-2px;' width='16px'/>
            </b:if>
            <a expr:name='data:comment.anchorName'/>
            <b:if cond='data:blog.enabledCommentProfileImages'>
              <data:comment.authorAvatarImage/>
            </b:if>
            <b:if cond='data:comment.authorUrl'>
             <a class='author-name' expr:href='data:comment.authorUrl' rel='nofollow'><data:comment.author/></a> says:
            <b:else/>
              <data:comment.author/>
            </b:if> <br/>at: 
            <span class='comment-timestamp'>
              <a expr:href='data:comment.url' title='comment permalink'>
                <data:comment.timestamp/>
              </a>
<data:commentPostedByMsg/>
              <b:include data='comment' name='commentDeleteIcon'/>
            </span>
          </dt>
          <dd class='comment-body'>
            <b:if cond='data:comment.isDeleted'>
              <span class='deleted-comment'><data:comment.body/></span>
            <b:else/>
              <p><data:comment.body/></p>
            </b:if>
          </dd>
          <dd class='comment-footer'>
          </dd>
        </b:loop>
      </dl>
      </div>

      <b:if cond='data:post.commentPagingRequired'>
        <span class='paging-control-container'>
          <a expr:class='data:post.oldLinkClass' expr:href='data:post.oldestLinkUrl'>
            <data:post.oldestLinkText/>
          </a>
          <a expr:class='data:post.oldLinkClass' expr:href='data:post.olderLinkUrl'>
            <data:post.olderLinkText/>
          </a>
          &#160;
          <data:post.commentRangeText/>
          &#160;
          <a expr:class='data:post.newLinkClass' expr:href='data:post.newerLinkUrl'>
            <data:post.newerLinkText/>
          </a>
          <a expr:class='data:post.newLinkClass' expr:href='data:post.newestLinkUrl'>
            <data:post.newestLinkText/>
          </a>
        </span>
      </b:if>

      <p class='comment-footer'>
        <b:if cond='data:post.embedCommentForm'>
          <b:if cond='data:post.allowNewComments'>
            <b:include data='post' name='comment-form'/>
          <b:else/>
            <data:post.noNewCommentsText/>
          </b:if>
        <b:else/>
          <b:if cond='data:post.allowComments'>
            <a expr:href='data:post.addCommentUrl' expr:onclick='data:post.addCommentOnclick'><data:postCommentMsg/></a>
          </b:if>
        </b:if>

      </p>
    </b:if>

    <div id='backlinks-container'>
    <div expr:id='data:widget.instanceId + &quot;_backlinks-container&quot;'>
       <b:if cond='data:post.showBacklinks'>
         <b:include data='post' name='backlinks'/>
       </b:if>
    </div>
    </div>
  </div>
</b:includable>
</b:widget>
</b:section>
	</div>
	<div class='clear'/>
    </div> <!-- end content-wrapper -->


<b:if cond='data:blog.pageType != &quot;item&quot;'>
<b:if cond='data:blog.pageType != &quot;static_page&quot;'>
<b:if cond='data:blog.pageType != &quot;error_page&quot;'>
    <div id='middle-wrapper'>

	<b:section class='sidebar' id='middle1'/>

	<b:section class='sidebar' id='middle2'/>

	<b:section class='sidebar' id='middle3'/>

	<b:section class='sidebar' id='middle4'/>

	<div class='clear'/>

	<b:section class='sidebar' id='middle5' maxwidgets='1'>
<b:widget id='HTML9' locked='false' title='' type='HTML'>
<b:includable id='main'>
  <!-- only display title if it's non-empty -->
  <b:if cond='data:title != &quot;&quot;'>
    <h2 class='title'><data:title/></h2>
  </b:if>
  <div class='widget-content'>
    <data:content/>
  </div>

  <b:include name='quickedit'/>
</b:includable>
</b:widget>
</b:section>

	<div class='clear'/>

	<b:section class='sidebar' id='middle6'>
<b:widget id='HTML10' locked='false' title='Why Choose Us?' type='HTML'>
<b:includable id='main'>
  <!-- only display title if it's non-empty -->
  <b:if cond='data:title != &quot;&quot;'>
    <h2 class='title'><data:title/></h2>
  </b:if>
  <div class='widget-content'>
    <data:content/>
  </div>

  <b:include name='quickedit'/>
</b:includable>
</b:widget>
</b:section>

	<b:section class='sidebar' id='middle7'>
<b:widget id='HTML11' locked='false' title='Incredible Support' type='HTML'>
<b:includable id='main'>
  <!-- only display title if it's non-empty -->
  <b:if cond='data:title != &quot;&quot;'>
    <h2 class='title'><data:title/></h2>
  </b:if>
  <div class='widget-content'>
    <data:content/>
  </div>

  <b:include name='quickedit'/>
</b:includable>
</b:widget>
</b:section>

	<b:section class='sidebar' id='middle8'>
<b:widget id='HTML12' locked='false' title='Quote' type='HTML'>
<b:includable id='main'>
  <!-- only display title if it's non-empty -->
  <b:if cond='data:title != &quot;&quot;'>
    <h2 class='title'><data:title/></h2>
  </b:if>
  <div class='widget-content'>
    <data:content/>
  </div>

  <b:include name='quickedit'/>
</b:includable>
</b:widget>
</b:section>

	<div class='clear'/>

    </div><!-- #end Middle Wrapper -->
</b:if>
</b:if>
</b:if>


	</div><!-- #end outerWrapper -->
	</div><!-- #end row3 -->

	<div class='row' id='row4'>
	<div id='bottom-wrapper'>
	<b:section class='sidebar' id='left-bottom' preferred='yes'>
<b:widget id='HTML2' locked='false' title='Behind the web' type='HTML'>
<b:includable id='main'>
  <!-- only display title if it's non-empty -->
  <b:if cond='data:title != &quot;&quot;'>
    <h2 class='title'><data:title/></h2>
  </b:if>
  <div class='widget-content'>
    <data:content/>
  </div>

  <b:include name='quickedit'/>
</b:includable>
</b:widget>
<b:widget id='FollowByEmail1' locked='false' title='' type='FollowByEmail'>
<b:includable id='main'>
  <b:if cond='data:title != &quot;&quot;'><h2 class='title'><data:title/></h2></b:if>
  <div class='widget-content'>
    <div class='follow-by-email-inner'>
      <form action='http://feedburner.google.com/fb/a/mailverify' expr:onsubmit='&quot;window.open(\&quot;http://feedburner.google.com/fb/a/mailverify?uri=&quot; + data:feedPath + &quot;\&quot;, \&quot;popupwindow\&quot;, \&quot;scrollbars=yes,width=550,height=520\&quot;); return true&quot;' method='post' target='popupwindow'>
        <table width='100%'>
          <tr>
            <td>
              <input class='follow-by-email-address' name='email' placeholder='Email address...' type='text'/>
            </td>
            <td width='64px'>
              <input class='follow-by-email-submit' type='submit' value='Submit'/>
            </td>
          </tr>
        </table>
        <input expr:value='data:feedPath' name='uri' type='hidden'/>
        <input name='loc' type='hidden' value='en_US'/>
      </form>
    </div>
  </div>
  <span class='item-control blog-admin'>
    <b:include name='quickedit'/>
  </span>
</b:includable>
</b:widget>
</b:section>
	<b:section class='sidebar' id='center-bottom' preferred='yes'>
<b:widget id='PopularPosts1' locked='false' title='Entri Populer' type='PopularPosts'>
<b:includable id='main'>
  <b:if cond='data:title'><h2><data:title/></h2></b:if>
  <div class='widget-content popular-posts'>
    <ul>
      <b:loop values='data:posts' var='post'>
      <li>
        <b:if cond='data:showThumbnails == &quot;false&quot;'>
          <b:if cond='data:showSnippets == &quot;false&quot;'>
            <!-- (1) No snippet/thumbnail -->
            <a expr:href='data:post.href'><data:post.title/></a>
          <b:else/>
            <!-- (2) Show only snippets -->
            <div class='item-title'><a expr:href='data:post.href'><data:post.title/></a></div>
            <div class='item-snippet'><data:post.snippet/></div>
          </b:if>
        <b:else/>
          <b:if cond='data:showSnippets == &quot;false&quot;'>
            <!-- (3) Show only thumbnails -->
            <div class='item-thumbnail-only'>
              <b:if cond='data:post.thumbnail'>
                <div class='item-thumbnail'>
                  <a expr:href='data:post.href' target='_blank'>
                    <img alt='' border='0' expr:height='data:thumbnailSize' expr:src='data:post.thumbnail' expr:width='data:thumbnailSize'/>
                  </a>
                </div>
              </b:if>
              <div class='item-title'><a expr:href='data:post.href'><data:post.title/></a></div>
            </div>
            <div style='clear: both;'/>
          <b:else/>
            <!-- (4) Show snippets and thumbnails -->
            <div class='item-content'>
              <b:if cond='data:post.thumbnail'>
                <div class='item-thumbnail'>
                  <a expr:href='data:post.href' target='_blank'>
                    <img alt='' border='0' expr:height='data:thumbnailSize' expr:src='data:post.thumbnail' expr:width='data:thumbnailSize'/>
                  </a>
                </div>
              </b:if>
              <div class='item-title'><a expr:href='data:post.href'><data:post.title/></a></div>
              <div class='item-snippet'><data:post.snippet/></div>
            </div>
            <div style='clear: both;'/>
          </b:if>
        </b:if>
      </li>
      </b:loop>
    </ul>
    <b:include name='quickedit'/>
  </div>
</b:includable>
</b:widget>
</b:section>
	<b:section class='sidebar' id='right-bottom' preferred='yes'>
<b:widget id='HTML4' locked='false' title='Flickr' type='HTML'>
<b:includable id='main'>
  <!-- only display title if it's non-empty -->
  <b:if cond='data:title != &quot;&quot;'>
    <h2 class='title'><data:title/></h2>
  </b:if>
  <div class='widget-content'>
    <data:content/>
  </div>

  <b:include name='quickedit'/>
</b:includable>
</b:widget>
</b:section>
	<div class='clear'/>
	</div> <!-- #end bottomWrapper -->
	</div><!-- #end row4 -->

	<div class='row' id='row5'>
	<div id='credit'>
	<b:section class='sidebar' id='right-credit' maxwidgets='1' preferred='yes'>
<b:widget id='Attribution1' locked='false' title='' type='Attribution'>
<b:includable id='main'>
    <b:if cond='data:feedbackSurveyLink'>
      <div class='mobile-survey-link' style='text-align: center;'>
        <data:feedbackSurveyLink/>
      </div>
    </b:if>

    <div class='widget-content' style='text-align: center;'>
      <b:if cond='data:attribution != &quot;&quot;'>
       <data:attribution/>
      </b:if>
    </div>

    <b:include name='quickedit'/>
  </b:includable>
</b:widget>
</b:section>
	<div class='sidebar' id='left-credit' preferred='yes'>
&#169; Copyright - <a expr:href='data:blog.homepageUrl'><data:blog.title/></a> - All Rights Reserved</div>
	<div class='clear'/>
	</div> <!-- #end bottomWrapper -->
	</div><!-- #end row4 -->

</div>

</body>
</html>