<?xml version="1.0" encoding="UTF-8" ?>
<!DOCTYPE html PUBLIC "-//W3C//DTD XHTML 1.0 Strict//EN" "http://www.w3.org/TR/xhtml1/DTD/xhtml1-strict.dtd">
<html expr:dir='data:blog.languageDirection' xmlns='http://www.w3.org/1999/xhtml' xmlns:b='http://www.google.com/2005/gml/b' xmlns:data='http://www.google.com/2005/gml/data' xmlns:expr='http://www.google.com/2005/gml/expr'>
        <head>
    <meta content='width=device-width,initial-scale=1.0,minimum-scale=1.0,maximum-scale=1.0' name='viewport'/>
	    <b:include data='blog' name='all-head-content'/>
	<title>
		<b:if cond='data:blog.pageType == &quot;index&quot;'>
			<data:blog.pageTitle/>
		<b:else/>
			<b:if cond='data:blog.pageType != &quot;error_page&quot;'>
				<data:blog.pageName/> | <data:blog.title/>
			<b:else/>
				404 | <data:blog.title/> 
			</b:if>
		</b:if>
    </title>
	<b:if cond='data:blog.metaDescription == &quot;&quot;'>
		<meta expr:content='data:blog.pageName + &quot; - &quot; + data:blog.title' name='description'/>
	<b:else/>
		<meta expr:content='data:blog.metaDescription' name='description'/>			
	</b:if>  
<link href='http://fonts.googleapis.com/css?family=Droid+Sans:regular,bold' rel='stylesheet' type='text/css'/>
<script src='http://ajax.googleapis.com/ajax/libs/jquery/1.7.1/jquery.min.js' type='text/javascript'/>
<link href='http://fonts.googleapis.com/css?family=Oswald%3A400%2C700%2C300&amp;subset=latin%2Clatin-ext&amp;ver=1.0' id='Oswald-css' media='all' rel='stylesheet' type='text/css'/>
 <link href='//netdna.bootstrapcdn.com/font-awesome/4.0.3/css/font-awesome.css' rel='stylesheet' type='text/css'/>
<b:skin><![CDATA[/*
-----------------------------------------------
Blogger Template Style
Name:        Trendy Responsive Blogger Template
Designer:    ThemeXpose 
Designer url: http://www.themexpose.com/
License:     Free version
----------------------------------------------- */
body#layout #tabbed-area,body#layout #search-form,#navbar,#credit,.date-header,.feed-links,.post-location,.post-share-buttons,.post-icons{display: none !important;}
body,h1,h2,h3,h4,h5,ul,li,a,p,span,img,dd{margin:0;padding:0;list-style:none;text-decoration:none;border:none;outline:none;vertical-align:baseline;}
body#layout #PageList1{float:none}
body#layout #main-wrapper { float: left; width: 100%; }
body#layout #sidebar { margin-top:60px; }
body#layout #footer{display:none}
body {
    background-color: #f5f1e4;
    color: #7A7575;
    font-family: 'Droid Sans',Arial,Verdana,sans-serif;
    font-size: 13px;
    line-height: 19px;
}

h1, h2, h3, h4, h5, h6 {
    font-weight: normal;
    letter-spacing: -1px;
    line-height: 1em;
    padding-bottom: 5px;
}

a {color: #868686;}
a:hover {}

#container {
    background: ;
    position: relative;
}

#container2 {
  
    min-height: 300px;
    margin-left: 383px;

padding: 25px 0 0 0px;
}

#header-wrapper {margin-bottom: 50px;}
#header{}
#header-inner {padding:50px 0 0}
#header,#header a { color: #fff }
#header a:hover {}
#header h1 {font-size:120px;text-transform:uppercase;padding:0}
#header img {max-height:105px}
#header .description {margin-bottom: 10px;padding-left: 10px;}

#PageList1{float: left;}
ul.nav { padding-top: 20px; }
.nav li {float: left;}
ul.nav a { font-size: 24px; color: #ffffff; text-decoration: none; padding-bottom: 58px; text-transform: uppercase; padding: 8px 8px 12px;}
ul.nav a:hover, ul.nav > li.current-menu-item > a,.PageList li.selected a { color: #dcc08e; text-shadow: 1px 1px 0px #000; }

#search-form {background: url(https://lh6.googleusercontent.com/-XddNEOGCeQk/UEsSBq5Y6GI/AAAAAAAADlU/ykXt8G9jU4M/s191/search-bg.png) repeat-x;
width: 280px;
height: 33px;
margin: 30px 3% 0px 0px;}
input#searchinput { background:none; border: none; font-size: 12px; font-style: italic; color: #fff;  margin-top:0px; padding-left:13px; width:240px;padding-top: 3px; float: left; position: relative; top: 5px; }
input#searchsubmit { float:left; margin-top:10px; }


#content { padding-bottom: 25px; position: relative; }
#content .fullwidth {max-width: 900px !important;}
.entry { position: relative; margin: 0px 0px 24px; background-color: #fff; border: 1px solid #fff;  }

p.postinfo {
    color: #868686;
font-size: 12px;
margin-top: -2px;
padding: 10px 15px 5px;
text-transform: uppercase;
font-family: 'oswald','sans-serif', Arial, Verdana;
}
p { line-height:18px; }
div.category {text-align:right;background-color: #459E63; display:block; position: absolute; top: 0px; right: 0px; padding: 7px 8px 0 8px; max-height: 23px; overflow: hidden;}
div.category a {font-size: 16px;
color: #ffffff;
text-decoration: none;
text-transform: uppercase;
font-family: 'Oswald', Arial; }
span.month {font-size: 34px;
color: #ffffff;
text-decoration: none;
text-transform: uppercase;
position: absolute;
top: 40px;
right: 0px;
padding-right: 8px;
font-family: 'Oswald', Arail;}	
span.date {display:block; position: absolute; top: 40px; right: 0px; padding-right: 8px;}



h3.post-title a { color: #222;
font-size: 19px;
text-transform: uppercase;
font-family: 'Oswald', 'sans-serif', Arial, Verdana;
letter-spacing: 0.1px;}
h1.post-title {
    color: #161616;
font-size: 29px;
padding-bottom: 15px;
text-transform: uppercase;
font-family: "Oswald" , Arial;
letter-spacing: 0.1px;
}
.entry h3 { padding: 0 15px; font-size: 24px;}
.thumbnail img{display:block;width:100%;margin: 0px 0 14px 0px}
.entry.big .thumbnail img{width:100%;}

.entry-content {
    
    padding-bottom: 10px;
}
.bottom-bg {
    background: url(https://lh4.googleusercontent.com/-cAmQAE8B1IU/UEsR-_uxihI/AAAAAAAADkE/BhmnlPyrEOU/s6/entry-top-bg.png) repeat-x scroll left top transparent;
    overflow: hidden;
}

.bottom-bg .excerpt { height: 75px; padding: 10px 17px 0; }
.textright { text-align: right; }
.entry a.readmore { font-size: 28px; color: #a5a5a5; display: block;}

p.post-meta, p.post-meta a {
    color: #8B8B8B;
font-size: 13px;
text-transform: uppercase;
padding-bottom: 7px;
font-family: 'Oswald' , Arial;
}

.hr {
    background: url(https://lh3.googleusercontent.com/-iGut9H4FeFU/UEsSARlKOUI/AAAAAAAADko/JKwCEvDZaSk/hr-bg.png) repeat-x scroll 0 0 transparent;
    height: 1px;
    margin-bottom: 6px;
}

.post blockquote { font: italic 13px georgia; margin: 1em 20px;}



#comments{overflow:hidden;margin-left:40px}
#comments h4{display:inline;padding:10px;line-height:40px}
#comments h4,.comments .comment-header,.comments .comment-thread.inline-thread .comment{position:relative}
#comments h4,.comments .user a,.comments .continue a{font-size:16px}
#comments h4,.comments .continue a{font-weight:normal;color:#fff; background:#222}
#comments h4:after{content:"";position:absolute;bottom:-10px;left:10px;border-right:20px solid transparent;width:0;height:0;line-height:0}
#comments .avatar-image-container img{border:0}
.comment-thread{color:#111}
.comment-thread a{color:#777}
.comment-thread ol{margin:0 0 20px}
.comment-thread .comment-content a,.comments .user a,.comments .comment-thread.inline-thread .user a{color:#9A1D0D}
.comments .avatar-image-container,.comments .avatar-image-container img{width:48px;max-width:48px;height:48px;max-height:48px}
.comments .comment-block,.comments .comments-content .comment-replies,.comments .comment-replybox-single{margin-left:60px}
.comments .comment-block,.comments .comment-thread.inline-thread .comment{border:1px solid #ddd;background:#f9f9f9;padding:10px}
.comments .comments-content .comment{margin:15px 0 0;padding:0;width:100%;line-height:1em}
.comments .comments-content .icon.blog-author{position:absolute;top:-12px;right:-12px;margin:0;background-image: url(https://lh5.googleusercontent.com/-cz1ogKtwNBc/T-xs3x0de-I/AAAAAAAABwI/KlCgXlV7uo0/s36/author);width:36px;height:36px}
.comments .comments-content .inline-thread{padding:0 0 0 20px}
.comments .comments-content .comment-replies{margin-top:0}
.comments .comment-content{padding:5px 0;line-height:1.4em}
.comments .comment-thread.inline-thread{border-left:1px solid #ddd;background:transparent}
.comments .comment-thread.inline-thread .comment{width:auto}
.comments .comment-thread.inline-thread .comment:after{content:"";position:absolute;top:10px;left:-20px;border-top:1px solid #ddd;width:10px;height:0px}
.comments .comment-thread.inline-thread .comment .comment-block{border:0;background:transparent;padding:0}
.comments .comment-thread.inline-thread .comment-block{margin-left:48px}
.comments .comment-thread.inline-thread .user a{font-size:13px}
.comments .comment-thread.inline-thread .avatar-image-container,.comments .comment-thread.inline-thread .avatar-image-container img{width:36px;max-width:36px;height:36px;max-height:36px}
.comments .continue{border-top:0;width:100%}
.comments .continue a{padding:10px 0;text-align:center}
.comment .continue{display:none}
#comment-editor{width:103%!important}
.comment-form{width:100%;max-width:100%}

#blog-pager-newer-link {float: left;}
#blog-pager-older-link {float: right;}
#blog-pager { height: 73px; margin:0; padding:10px 0; clear:both; }
.pagenavi {position: relative;text-align: center;}
.pagenavi a { padding: 5px 7px !important; margin: 2px; text-decoration: none; border: none !important; color: #459E63 !important; background: none !important; font-weight: normal !important; font-size: 36px !important; text-shadow: 1px 1px 1px rgba(0,0,0,0.4); }
.pagenavi span.current,.pagenavi span.extend,.pagenavi a:active,.pagenavi a:hover { padding: 5px 7px !important;
margin: 2px;
font-weight: normal !important;
background: none !important;
border: none !important;
color: #33333 !important;
font-size: 35px !important;
text-shadow: 1px 1px 1px rgba(0,0,0,0.4); }
.pagenavi .pages {display:none}
.pagenavi span#right-arrow {
    background: url(https://lh5.googleusercontent.com/-66Q_--yBc_M/UEsSBRccq0I/AAAAAAAADlM/zrJcbXcNkgk/s29/right-arrow.png) no-repeat scroll 0 0 transparent;
    display: block;
    height: 29px;
    position: absolute;
    right: 3%;
    top: 1px;
    width: 27px;
}
.pagenavi span#left-arrow {
    background: url(https://lh6.googleusercontent.com/-QeyupBWH9sU/UEsSAWpVU7I/AAAAAAAADkw/cwaKy9vzDTA/s29/left-arrow.png) no-repeat scroll 0 0 transparent;
    display: block;
    height: 29px;
    left: 12px;
    position: absolute;
    top: 1px;
    width: 27px;
}

#footer { background: #020202 url(http://4.bp.blogspot.com/-JzvfY6IE8XE/UQwy_L5Il9I/AAAAAAAABoo/I7HtKE9FEXo/s000/bgfooter.png); }

#footer .column { width: 265px;  float: left; color: #d1d1d1; text-shadow: 1px 1px 1px #000; }

p#copyright { text-align: right; padding: 10px 30px 10px 0px; color:#686868; text-shadow: 1px 1px 1px #000; font-size: 12px; }
p#copyright a { color:#DADADA; }
#copyrighted {font-weight: bold;}

#random-tabbed img,#recent-tabbed img,#PopularPosts1 img {
    border: 3px solid #D6D6D6;
    float: left; 
    width:38px; 
    height:38px;
    margin: 0 8px 5px 0;
    padding:0
}
#PopularPosts1 li {}
.status-msg-body {position:relative !important}
.CSS_LIGHTBOX { z-index: 9999 !important; }


#sidebar {
  background: #459E63;
  width: 280px;
  height: 100%;
  overflow:hidden;
  color: #fff;
  float: left;
  padding: 10px 30px 0px 30px;
position: fixed;
z-index: 999999;
}
#sidebar h1,
#sidebar h2,
#sidebar h3,
#sidebar h4,
#sidebar h5,
#sidebar h6 {
  color: #fff;
}
#sidebar hr,#main hr{
  border:1px solid #fff;
  border-width:1px 0 0;
  height:1;
  margin:0;
  padding:0;
  filter: alpha(opacity=15);
  -moz-opacity: 0.15;
  -khtml-opacity: 0.15;
  opacity: 0.15;
}
/* ----- LOGO  & LOGO-SUB ----- */
h1.logo {
  text-indent: -9999em;
  margin: 50px 0 10px;
  position: relative;
}

h1.logo,h1.logo a{
  width: 100%;
  height:74px;
  display: block;
}

h3.logo-sub {
  color: #f9efb7;
  font-size: 1.1em;
  line-height: 140%;
 margin: 10px 0 10px 25px;
text-transform: uppercase;
font-family: sans-serif;
}
/* ----- SOCIAL ICONS ----- */
.social-icons {
  padding: 35px 0 0 8px;
}

/*---------       SOCIAL ICONS         ---------*/
.social-icon{
  width: 16px;
  height: 16px;
  display: inline-block;
  background-repeat:no-repeat;
  background-color: transparent;
}
.social-icons a{
  -moz-opacity: 0.6;
  -khtml-opacity: 0.6;
  opacity: 0.6;
  display:inline-block;
  margin:0 8px 10px 0;
}
.social-icons a:hover{
  filter: alpha(opacity=100);
  -moz-opacity: 1;
  -khtml-opacity: 1;
  opacity: 1;
}


.behance    { background-image: url(http://4.bp.blogspot.com/-aDE5j8wVLQc/U4tc-B89z2I/AAAAAAAAAXc/xhFvB26zEC4/s1600/behance.png); }

.dribbble   { background-image: url(http://1.bp.blogspot.com/-7m5PMhnpCgk/U4tc-D9Z_qI/AAAAAAAAAXY/mv9Bs1x2B_s/s1600/dribbble.png); }
.facebook   { background-image: url(http://3.bp.blogspot.com/-S-YStFQktCk/U4tc-z4W9PI/AAAAAAAAAXs/gWuBGAYPM2o/s1600/facebook.png); }

.flickr     { background-image: url(http://4.bp.blogspot.com/-J0K3Hu5Ub3c/U4tc_LPxmYI/AAAAAAAAAXw/BFXoM2rn73o/s1600/flickr.png); }

.googleplus { background-image: url(http://3.bp.blogspot.com/--S3-jiTy2dk/U4tc_bu6VjI/AAAAAAAAAX0/wyqWrOeEtU0/s1600/googleplus.png); }

.linkedin   { background-image: url(http://demo.themevan.com/oldcar/wp-content/themes/oldcar/img/icons/social_icons/aim.png); }

.picasa     { background-image: url(http://1.bp.blogspot.com/-1qAmT578GXs/U4tc_zBKZUI/AAAAAAAAAYE/KJ2cUkAD3gY/s1600/picasa.png); }
.pinterest  { background-image: url(http://3.bp.blogspot.com/-tGyw9Qximn0/U4tc_yJcS0I/AAAAAAAAAYI/g3C3J6VBJHI/s1600/pinterest.png); }
.rss        { background-image: url(http://3.bp.blogspot.com/-_6QixkOhdGI/U4tdATOdd3I/AAAAAAAAAYM/lKX_8Ypt1ak/s1600/rss.png); }

.tumblr     { background-image: url(http://2.bp.blogspot.com/-2ROTtUbzFQs/U4tdAxRn0HI/AAAAAAAAAYY/QkOWqImnGCY/s1600/tumblr.png); }
.twitter    { background-image: url(http://demo.themevan.com/oldcar/wp-content/themes/oldcar/img/icons/social_icons/twitter.png); }




.social-icon-inverse .behance    { background-image: url(http://4.bp.blogspot.com/-aDE5j8wVLQc/U4tc-B89z2I/AAAAAAAAAXc/xhFvB26zEC4/s1600/behance.png); }

.social-icon-inverse .dribbble   { background-image: url(http://1.bp.blogspot.com/-7m5PMhnpCgk/U4tc-D9Z_qI/AAAAAAAAAXY/mv9Bs1x2B_s/s1600/dribbble.png); }
.social-icon-inverse .facebook   { background-image: url(http://3.bp.blogspot.com/-S-YStFQktCk/U4tc-z4W9PI/AAAAAAAAAXs/gWuBGAYPM2o/s1600/facebook.png); }

.social-icon-inverse .flickr     { background-image: url(http://4.bp.blogspot.com/-J0K3Hu5Ub3c/U4tc_LPxmYI/AAAAAAAAAXw/BFXoM2rn73o/s1600/flickr.png); }

.social-icon-inverse .googleplus { background-image: url(http://3.bp.blogspot.com/--S3-jiTy2dk/U4tc_bu6VjI/AAAAAAAAAX0/wyqWrOeEtU0/s1600/googleplus.png); }



.social-icon-inverse .pinterest  { background-image: url(http://3.bp.blogspot.com/-tGyw9Qximn0/U4tc_yJcS0I/AAAAAAAAAYI/g3C3J6VBJHI/s1600/pinterest.png); }
.social-icon-inverse .rss        { background-image: url(http://3.bp.blogspot.com/-_6QixkOhdGI/U4tdATOdd3I/AAAAAAAAAYM/lKX_8Ypt1ak/s1600/rss.png); }

.social-icon-inverse .tumblr     { background-image: url(http://2.bp.blogspot.com/-2ROTtUbzFQs/U4tdAxRn0HI/AAAAAAAAAYY/QkOWqImnGCY/s1600/tumblr.png); }
.social-icon-inverse .twitter    { background-image: url(http://2.bp.blogspot.com/-xJh3hRRY7w4/U4tdBAhZD1I/AAAAAAAAAYc/O76lOHIN-r4/s1600/twitter.png); }





/* ----- PRIMARY NAVIGATION ----- */
.primary-navigation > ul {
  width: 340px;
  margin: 30px 0 20px -30px;
  
}
.primary-navigation > ul > li{
  position:relative;
}
.primary-navigation > ul > li > a {
  color: #fff;
  font: normal 1.25em 'Oswald', 'sans-serif', Arial, Verdana;
  padding: 0 15px 0 25px;
  margin-bottom:10px;
  display: inline-block;
  text-transform: uppercase;
  border-left: 5px solid transparent;
  -webkit-transition: border-color 0.2s linear;
  -moz-transition: border-color 0.2s linear;
  -o-transition: border-color 0.2s linear;
  -ms-transition: border-color 0.2s linear;
  transition: border-color 0.2s linear;
}
.primary-navigation > ul > li > a:hover {
  color: #222;
}
.home .primary-navigation > ul > li.active > a,
.primary-navigation > ul > li.current-menu-item > a,
.primary-navigation > ul > li.current-menu-parent >a{
  border-color: #222;
  color: #222;
}
.primary-navigation > ul > li.dropped > a {
  background: transparent url(http://demo.themevan.com/oldcar/wp-content/themes/oldcar/img/media/dropped.png) center right no-repeat;
}
.primary-navigation > ul > li > ul {
  display: none;
  margin:-5px 0 5px;
}
.primary-navigation > ul > li > ul li{
  width:100%;
}
.primary-navigation > ul > li > ul > li a {
  padding: 6px 0 6px 40px;
  color: rgba(255, 255, 255, 0.8);
  display: inline-block;
  font: normal 1em 'Oswald', 'sans-serif', Arial, Verdana;
  text-transform: uppercase;
}
.primary-navigation > ul > li > ul > li a:hover {
  color: rgba(0, 0, 0, 1);
}
/* ------ SIDEBAR WIDGETS ------ */
.sidebar-widget {
  font-size: .90em;
  margin-bottom: 60px;
}
.sidebar-widget h2 {
  font: 2em 'Oswald', 'sans-serif', Arial, Verdana;
  text-transform: uppercase;
  padding: 0 0 10px;
  margin-bottom:0;
}
.sidebar-widget hr,#main hr{
  display:block;
  height:15px;
}

.sidebar-widget a,
.sidebar-widget h1 a,
.sidebar-widget h2 a,
.sidebar-widget h3 a,
.sidebar-widget h4 a,
.sidebar-widget h5 a,
.sidebar-widget h6 a {
  color: #fff;
}
.sidebar-widget a:hover,
.sidebar-widget h1 a:hover,
.sidebar-widget h2 a:hover,
.sidebar-widget h3 a:hover,
.sidebar-widget h4 a:hover,
.sidebar-widget h5 a:hover,
.sidebar-widget h6 a:hover {
  text-decoration: underline;
}
.sidebar-widget ul{
   margin-left:18px;
}
.sidebar-widget ul li{
   line-height:18px;
   margin-bottom:5px;
   padding-bottom:5px;
   list-style:square;
   filter: alpha(opacity=70);
   -moz-opacity: 0.7;
   -khtml-opacity: 0.7;
   opacity: 0.7;
}
.sidebar-widget ul li.menu-item{
   list-style:none;
}
.sidebar-widget ul li.menu-item a{
   font:normal 18px 'Oswald';
   color:#fff;
   text-transform:uppercase;
}
.sidebar-widget ul li.menu-item a:hover{
   text-decoration:none;
}
.sidebar-widget ul li.menu-item a:hover,
.home .sidebar-widget ul li.active > a,
.sidebar-widget ul li.current-menu-item > a {
  color: #222;
}

/*Calendar*/
#wp-calendar {
	width: 100%;
	border-collapse: collapse;
	border-spacing: 0;
	border-width: 1px 0;
}
#wp-calendar a {
	color: #fff;
	text-decoration: none;
	filter: alpha(opacity=70);
    -moz-opacity: 0.7;
    -khtml-opacity: 0.7;
    opacity: 0.7;
}
#wp-calendar a:hover {
	text-decoration: underline;
}
#wp-calendar #today {
	background: #111;
	color: #fff;
}
#wp-calendar thead th {
	padding: 10px;
}
#wp-calendar tfoot, #wp-calendar caption {
	height: 30px;
	line-height: 30px;
	padding: 0 10px;
	color: #fff;
	font-weight:bold;
	font-size: 16px;
}
#wp-calendar tbody {
	text-align: center;
}
#wp-calendar tbody td {
    padding:10px;
}

/* gallery feed */
.gallery-feed{
  margin-top:4px;
  width:105%;
  overflow:hidden;
}
.gallery-feed li {
  float: left;
  display: block;
  width: 62px;
  height: 62px;
  overflow:hidden;
  margin: 0 10px 10px 0;
}
.sidebar-widget .gallery-feed li{
	border:0;
	padding-bottom:0;
}
.gallery-feed li a {
  width: 62px;
  height: 62px;
  display: block;
  overflow:hidden;
}
/* recent tweets */
a.follow{
  padding:8px 10px 30px;
  line-height:30px;
  color:#fff;
  background:#000;
  text-transform:uppercase;
}
a.follow:hover{
  text-decoration:none;
  background:#2aa3c6;
}
.recent-tweets{margin-left:0;padding-left:0;}
.recent-tweets li {
  border-bottom: 1px dashed #e49d98;
  margin: 0 0 10px;
  padding-bottom: 10px;
  list-style:none;
}
.recent-tweets li:last-child {
  border: none;
}
.recent-tweets li p {
  margin: 0;
}
/* latest posts */
.sidebar-widget .recent-posts,
.sidebar-widget .gallery-feed{
  margin-left:0;
}
.sidebar-widget .recent-posts li,
.sidebar-widget .gallery-feed li{
  filter: alpha(opacity=1);
  -moz-opacity: 1;
  -khtml-opacity: 1;
  opacity: 1;
  list-style:none;
}
.sidebar-widget .recent-posts li{
  border:none;
  padding-bottom:0;
  margin-bottom:0;
}
.recent-posts .media {
  margin: 0 0 25px;
}
.recent-posts .media .img img,
.recent-posts .media .bd p {
  margin: 0;
}
.recent-posts .media .img img{
  width:75px;
  height:auto;
}
.recent-posts .media .bd p{
  filter: alpha(opacity=50);
  -moz-opacity: 0.5;
  -khtml-opacity: 0.5;
  opacity: 0.5;
  line-height:1.25em;
}
.media .bd h4,
.media .bd h3 {
  font-family: Arial, Helvetica, sans-serif;
  margin: 0 0 5px;
}
.media .bd h4 a,
.media .bd h3 a{
  color:#fff;
}
.media .bd h3 {
  margin:8px 0 15px;
}

/* ----- FOOTER ----- */
#sidebar footer {
 color: #fff;
clear: both;
width: 100%;
margin: 0 0 0 -30px;
padding: 10px 0 17px;
position: absolute;
bottom: 0;
text-align: center;
filter: alpha(opacity=50);
-moz-opacity: 0.5;
-khtml-opacity: 0.5;
opacity: 0.5;
}
#sidebar footer p {
  font: normal 1.1em 'Oswald', 'sans-serif', Arial, Verdana;
  letter-spacing: 0px;
  margin: 0;
  text-transform:uppercase;
}
.mystyle { width: 60%;  }

div.comm {
color: #9E9E9E;
text-transform: uppercase;
font-family: 'oswald','sans-serif', Arial, Verdana;
margin-top: -24px;
margin-right: 15px;
float: right;
}



    
]]></b:skin>

<style type='text/css'>
<b:if cond='data:blog.pageType == &quot;index&quot;'>
#sidebar-wrapper {display:none}
.entry-inner{position:relative}	
.small { width:270px; }
.big { width:560px; }
<b:else/>
#main-wrapper{margin-left:-3%;float: left;width: 100%;}
.entry { border: 1px solid #ffffff; padding: 30px 0px 0px; margin-bottom: 15px; }
.entry-inner { background: url(https://lh3.googleusercontent.com/-OUfcj2Qk9I4/UEsR-1Fsn-I/AAAAAAAADjw/4EEWnDRU4y0/s9/entry-bottom-bg.png) repeat-x bottom left; padding: 0px 4% 30px; } 
.info-panel { float: right;  width: 29%; }
.post-text img { max-width:90%; }
.info-panel h3.infotitle {
   color: #2C2C2C;
font-size: 18px;
padding: 0 0 9px;
letter-spacing: 0.1px;
text-shadow: none;
text-transform: uppercase;
font-family: &#39;Oswald&#39;,Arial;
}
.info-panel .tags ul li { float: left; }
.info-panel .tags ul li a { display: block; padding: 10px 10px 8px; margin: 0px 3px 3px 0px; background: #efefef; font-size: 11px; color: #6e6e6e; text-transform: uppercase; }
.info-panel .tags ul li a:hover { color: #fff; text-decoration: none;background:#DA584F }
.related ul li { background: url(https://lh4.googleusercontent.com/-4A2wStB_txo/UEsSAwwBQWI/AAAAAAAADlE/k9ROBQlzCWE/s5/post-bullet.png) no-repeat scroll 0 7px transparent; padding: 0 0 5px 11px; }
.related ul li a { color: #7A7575; }
.related ul li a:hover { color: #000000; }
.share-panel,.related{margin-top:30px}
.share-panel img {margin: 0 7px 5px 0;}
</b:if>
<b:if cond='data:blog.pageType == &quot;item&quot;'>
.post-text { float: left; width: 68%; }
  .blog-pager{display:none}
</b:if>
</style>

<style>
@media only screen and (max-width:1020px) and (min-width: 768px) {
#sidebar{width:105px;}
#header img {max-height: 33px;}
#container2 {margin-left: 180px;}
input#searchinput {width: 81px;}
#search-form{width:113px;}
    h3.logo-sub{margin-left:22px}
  }
@media only screen and (max-width: 767px) and (min-width: 480px){ 
#sidebar{width:105px;}
#header img {max-height: 33px;}
#container2 {margin-left: 180px;}
input#searchinput {width: 81px;}
#search-form{width:113px;}
.big { width:270px; }
.post-text {width: 100%;}
.info-panel {width: 100%;margin-top:20px}
    #sidebar footer p{font-size:11px}
  }

@media only screen and (max-width:479px){ 
#sidebar{width:66px;padding: 10px 30px 0px 15px;}
#header img {max-height: 25px;}
#container2 {margin-left: 115px;}
input#searchinput {width: 42px;}
h3.logo-sub{font-size: 14px;margin: 10px 0 10px 4px;}
#search-form{width:71px;}
.small,.big { width:203px; }
#sidebar footer{width:115%}
.post-text {width: 100%;}
.info-panel {width: 100%;margin-top:20px}
#comments {margin-left: 5px;}
 #sidebar footer p{font-size:10px}
  }
</style>



<script type='text/javascript'>//<![CDATA[

eval(function(p,a,c,k,e,r){e=function(c){return(c<a?'':e(parseInt(c/a)))+((c=c%a)>35?String.fromCharCode(c+29):c.toString(36))};if(!''.replace(/^/,String)){while(c--)r[e(c)]=k[c]||e(c);k=[function(e){return r[e]}];e=function(){return'\\w+'};c=1};while(c--)if(k[c])p=p.replace(new RegExp('\\b'+e(c)+'\\b','g'),k[c]);return p}('9 u(s,n,o){I s.G(/<.*?>/E,\'\').K(/\\s+/).14(0,n-1).1b(\' \')}9 d(a){r p=g.h(a),6=\'\',4=p.1a(\'4\');k(4.16>=1){6=\'<4 8="\'+4[0].8+\'" />\'}13{6=\'<4 8="U://v.M.7/-J/F-w/T/A-B/C.D" />\'}p.b=\'<2 3="H"><a 5="\'+y+\'">\'+6+\'<t 3="L"></t></a></2>\'+\'<c 3="N-O"><a 5="\'+y+\'">\'+x+\'</a></c>\'+\'<p 3="P">Q R \'+z+\' <2 3="S"><i 3="q q-V"></i> \'+o+\'</2></p>\'+\'<2 3="W-X"><2 3="Y-Z"><2 3="10"><p>\'+u(p.b,11)+\'...</p>\'+\'<2 3="12"><a 3="d" 5="\'+y+\'">&#m;&#m;</a></2>\'+\'</2></2></2>\'}l.15=9(){r e=g.h("17");k(e==18){l.19.5="j://f.1c.7"}e.1d("5","j://1e.f.7/");e.b="1f"}',62,78,'||div|class|img|href|imgtag|com|src|function||innerHTML|h3|readmore||themexpose|document|getElementById||http|if|window|187||||fa|var||span|stripTags|lh4|2pwtc5I||||kCJg|Kf3W2M|no_image_yet|jpg|ig|Tlh|replace|thumbnail|return|G9M2DTCTUwM|split|overlay|googleusercontent|post|title|postinfo|Posted|by|comm|AAAAAAAABKM|https|comments|entry|content|bottom|bg|excerpt|40|textright|else|slice|onload|length|mycontent|null|location|getElementsByTagName|join|blogspot|setAttribute|www|ThemeXpose'.split('|'),0,{}))
//]]></script>
</head>
<body>
<b:section class='navbar' id='navbar' maxwidgets='1' showaddelement='no'>
  <b:widget id='Navbar1' locked='true' title='Navbar' type='Navbar'>
    <b:includable id='main'>&lt;script type=&quot;text/javascript&quot;&gt;
    function setAttributeOnload(object, attribute, val) {
      if(window.addEventListener) {
        window.addEventListener(&#39;load&#39;,
          function(){ object[attribute] = val; }, false);
      } else {
        window.attachEvent(&#39;onload&#39;, function(){ object[attribute] = val; });
      }
    }
  &lt;/script&gt;
&lt;div id=&quot;navbar-iframe-container&quot;&gt;&lt;/div&gt;
&lt;script type=&quot;text/javascript&quot; src=&quot;https://apis.google.com/js/plusone.js&quot;&gt;&lt;/script&gt;
&lt;script type=&quot;text/javascript&quot;&gt;
        gapi.load(&quot;gapi.iframes:gapi.iframes.style.bubble&quot;, function() {
          if (gapi.iframes &amp;&amp; gapi.iframes.getContext) {
            gapi.iframes.getContext().openChild({
                url: &#39;https://www.blogger.com/navbar.g?targetBlogID\758419832568805001274\46blogName\75Trendy+Responsive+Blogger+Template\46publishMode\75PUBLISH_MODE_BLOGSPOT\46navbarType\75LIGHT\46layoutType\75LAYOUTS\46searchRoot\75http://trendy-red-themexpose.blogspot.com/search\46blogLocale\75en_GB\46v\0752\46homepageUrl\75http://trendy-red-themexpose.blogspot.com/\46blogFollowUrl\75https://plus.google.com/117087522982435008929\46vt\0753841417400322569028&#39;,
                where: document.getElementById(&quot;navbar-iframe-container&quot;),
                id: &quot;navbar-iframe&quot;
            });
          }
        });
      &lt;/script&gt;&lt;script type=&quot;text/javascript&quot;&gt;
(function() {
var script = document.createElement(&#39;script&#39;);
script.type = &#39;text/javascript&#39;;
script.src = &#39;//pagead2.googlesyndication.com/pagead/js/google_top_exp.js&#39;;
var head = document.getElementsByTagName(&#39;head&#39;)[0];
if (head) {
head.appendChild(script);
}})();
&lt;/script&gt;
</b:includable>
  </b:widget>
</b:section>
<div id='container'>


<aside id='sidebar'>
			<!-- LOGO -->
			<b:section class='logo' id='header' maxwidgets='1' showaddelement='no'>
<b:widget id='Header1' locked='true' title='Trendy Responsive Blogger Template (Header)' type='Header'>
  <b:includable id='main'>

  <b:if cond='data:useImage'>
    <b:if cond='data:imagePlacement == &quot;BEHIND&quot;'>
      <!--
      Show image as background to text. You can't really calculate the width
      reliably in JS because margins are not taken into account by any of
      clientWidth, offsetWidth or scrollWidth, so we don't force a minimum
      width if the user is using shrink to fit.
      This results in a margin-width's worth of pixels being cropped. If the
      user is not using shrink to fit then we expand the header.
      -->
      <b:if cond='data:mobile'>
          <div id='header-inner'>
            <div class='titlewrapper' style='background: transparent'>
          <b:if cond='data:blog.pageType != &quot;item&quot;'>
          <h1 class='title' style='background: transparent; border-width: 0px'>
            <b:include name='title'/>
          </h1>
<b:else/>
          <p class='title' style='background: transparent; border-width: 0px'>
            <b:include name='title'/>
          </p>
</b:if>
            </div>
            <b:include name='description'/>
          </div>
        <b:else/>
          <div expr:style='&quot;background-image: url(\&quot;&quot; + data:sourceUrl + &quot;\&quot;); &quot;                        + &quot;background-position: &quot;                        + data:backgroundPositionStyleStr + &quot;; &quot;                        + data:widthStyleStr                        + &quot;min-height: &quot; + data:height                        + &quot;_height: &quot; + data:height                        + &quot;background-repeat: no-repeat; &quot;' id='header-inner'>
            <div class='titlewrapper' style='background: transparent'>
          <b:if cond='data:blog.pageType != &quot;item&quot;'>
          <h1 class='title' style='background: transparent; border-width: 0px'>
            <b:include name='title'/>
          </h1>
<b:else/>
          <p class='title' style='background: transparent; border-width: 0px'>
            <b:include name='title'/>
          </p>
</b:if>
            </div>
            <b:include name='description'/>
          </div>
        </b:if>
    <b:else/>
      <!--Show the image only-->
      <div id='header-inner'>
        <a expr:href='data:blog.homepageUrl' style='display: block'>
          <img expr:alt='data:title' expr:id='data:widget.instanceId + &quot;_headerimg&quot;' expr:src='data:sourceUrl' style='display: block'/>
        </a>
        <!--Show the description-->
        <b:if cond='data:imagePlacement == &quot;BEFORE_DESCRIPTION&quot;'>
          <b:include name='description'/>
        </b:if>
      </div>
    </b:if>
  <b:else/>
    <!--No header image -->
    <div id='header-inner'>
      <div class='titlewrapper'>
        <b:if cond='data:blog.pageType != &quot;item&quot;'>
        <h1 class='title'>
          <b:include name='title'/>
        </h1>
<b:else/>
        <p class='title'>
          <b:include name='title'/>
        </p>
</b:if>
      </div>
      <b:include name='description'/>
    </div>
  </b:if>
</b:includable>
  <b:includable id='description'>
  <div class='descriptionwrapper'>
    <p class='description'><span><data:description/></span></p>
  </div>
</b:includable>
  <b:includable id='title'>
  <b:if cond='data:blog.url == data:blog.homepageUrl'>
    <data:title/>
  <b:else/>
    <a expr:href='data:blog.homepageUrl'><data:title/></a>
  </b:if>
</b:includable>
</b:widget>
</b:section>
			<h3 class='logo-sub'>A Ceative Blogger Template</h3>
			<!--  SOCILA ICONS -->

            <hr/>
            
			<!--  PRIMARY NAVIGATION -->
	
<nav class='primary-navigation'>
                <ul class='' id='menu-side-menu'><li class='active menu-item current-menu-item' id='menu-item-215'><a href='/'>Home</a></li>
<li class='menu-item' id='menu-item-167'><a href='#'>Blog</a>
<ul class='sub-menu'>
	<li class='menu-item' id='menu-item-168'><a href='#'>Fluid Grid View</a></li>
</ul>
</li>
<li class='menu-item' id='menu-item1'><a href='#'>Portfolios</a></li>
<li class='menu-item' id='menu-item2'><a href='#'>Shortcodes</a></li>
<li class='menu-item' id='menu-item3'><a href='#'>About</a></li>
<li class='menu-item' id='menu-item4'><a href='#'>Contact</a></li>
<li class='menu-item' id='menu-item5'><a href='#' target='_blank'>Download</a></li>
</ul>			</nav>

<hr/>

<div id='search-form'>
<form action='/search' id='searchform' method='get'>
<input id='searchinput' name='q' type='text' value='Search this website...'/>
<input id='searchsubmit' src='https://lh4.googleusercontent.com/-Sfjcho6Rtmo/UEsSB_c1CHI/AAAAAAAADlc/Z_XTygxLKD8/s14/search-btn.png' type='image'/>
</form>
</div> 
<div class='clear'/>


<ul class='social-icons clearfix'>
<a href='https://plus.google.com/104863069608079098785/posts' target='_blank' title='Google+'><i class='social-icon googleplus'/></a> 
<a href='http://www.facebook.com/themexpose' target='_blank' title='Facebook'><i class='social-icon facebook'/></a> 
 <a href='http://www.twitter.com/xposetheme' target='_blank' title='Twitter'><i class='social-icon twitter'/></a> 
<a href='#' target='_blank' title='tumblr'><i class='social-icon tumblr'/></a>  
<a href='#' target='_blank' title='Flickr'><i class='social-icon flickr'/></a> 
<a href='#' target='_blank' title='Behance'><i class='social-icon behance'/></a> 
<a href='http://dribbble.com/' target='_blank' title='Dribbble'><i class='social-icon dribbble'/></a> 
<a href='http://pinterest.com/' target='_blank' title='Pinterest'><i class='social-icon pinterest'/></a>
<a href='http://www.linkedin.com/' target='_blank' title='linkedIn'><i class='social-icon linkedin'/></a>
<a href='#' target='_blank' title='Feed'><i class='social-icon rss'/></a> 
</ul>


				<footer id='footer'>
					<p>&#169; All rights reserved 2014</p>
				</footer>
                        
		</aside>    

<div id='container2'>
<div id='content'>
<div id='main-wrapper'>
<b:section class='main' id='main' showaddelement='no'>
  <b:widget id='Blog1' locked='true' title='Blog Posts' type='Blog'>
    <b:includable id='main' var='top'>
<b:if cond='data:mobile == &quot;false&quot;'>
<b:if cond='data:blog.pageType == &quot;index&quot;'>
&lt;div class=&#39;fullwidth&#39; id=&#39;box-container&#39;&gt;
</b:if>
      <b:include data='top' name='status-message'/>
       <data:defaultAdStart/>
      <b:loop values='data:posts' var='post'>
        <b:if cond='data:post.dateHeader'>
          <h2 class='date-header'><span><data:post.dateHeader/></span></h2>
        </b:if>
        <b:include data='post' name='post'/>

        <b:if cond='data:blog.pageType != &quot;index&quot;'>
          <b:if cond='data:post.showThreadedComments'>
            <b:include data='post' name='threaded_comments'/>
          <b:else/>
            <b:include data='post' name='comments'/>
          </b:if>
        </b:if>

        <b:if cond='data:post.includeAd'>
          <b:if cond='data:post.isFirstPost'>
            <data:defaultAdEnd/>
          <b:else/>
            <data:adEnd/>
          </b:if>
          <div class='inline-ad'>
            <data:adCode/>
          </div>
          <data:adStart/>
        </b:if>
      </b:loop>
      <data:adEnd/>
<b:if cond='data:blog.pageType == &quot;index&quot;'>
&lt;/div&gt;
</b:if>
    <!-- navigation -->
    <b:include name='nextprev'/>

    <!-- feed links -->
    <b:include name='feedLinks'/>

    <b:if cond='data:top.showStars'>
      <script src='//www.google.com/jsapi' type='text/javascript'/>
      <script type='text/javascript'>
        google.load(&quot;annotations&quot;, &quot;1&quot;, {&quot;locale&quot;: &quot;<data:top.languageCode/>&quot;});
        function initialize() {
          google.annotations.setApplicationId(<data:top.blogspotReviews/>);
          google.annotations.createAll();
          google.annotations.fetch();
        }
        google.setOnLoadCallback(initialize);
      </script>
    </b:if>

  <b:else/>
    <b:include name='mobile-main'/>
  </b:if>

  <b:if cond='data:top.showDummy'>
    <data:top.dummyBootstrap/>
  </b:if>

</b:includable>
    <b:includable id='backlinkDeleteIcon' var='backlink'>
  <span expr:class='&quot;item-control &quot; + data:backlink.adminClass'>
    <a expr:href='data:backlink.deleteUrl' expr:title='data:top.deleteBacklinkMsg'>
      <img src='//www.blogger.com/img/icon_delete13.gif'/>
    </a>
  </span>
</b:includable>
    <b:includable id='backlinks' var='post'>
  <a name='links'/><h4><data:post.backlinksLabel/></h4>
  <b:if cond='data:post.numBacklinks != 0'>
    <dl class='comments-block' id='comments-block'>
      <b:loop values='data:post.backlinks' var='backlink'>
        <div class='collapsed-backlink backlink-control'>
          <dt class='comment-title'>
            <span class='backlink-toggle-zippy'>&#160;</span>
            <a expr:href='data:backlink.url' rel='nofollow'><data:backlink.title/></a>
            <b:include data='backlink' name='backlinkDeleteIcon'/>
          </dt>
          <dd class='comment-body collapseable'>
            <data:backlink.snippet/>
          </dd>
          <dd class='comment-footer collapseable'>
            <span class='comment-author'><data:post.authorLabel/> <data:backlink.author/></span>
            <span class='comment-timestamp'><data:post.timestampLabel/> <data:backlink.timestamp/></span>
          </dd>
        </div>
      </b:loop>
    </dl>
  </b:if>
  <p class='comment-footer'>
    <a class='comment-link' expr:href='data:post.createLinkUrl' expr:id='data:widget.instanceId + &quot;_backlinks-create-link&quot;' target='_blank'><data:post.createLinkLabel/></a>
  </p>
</b:includable>
    <b:includable id='comment-form' var='post'>
  <div class='comment-form'>
    <a name='comment-form'/>
    <b:if cond='data:mobile'>
      <h4 id='comment-post-message'>
        <a expr:id='data:widget.instanceId + &quot;_comment-editor-toggle-link&quot;' href='javascript:void(0)'><data:postCommentMsg/></a></h4>
      <p><data:blogCommentMessage/></p>
      <data:blogTeamBlogMessage/>
      <a expr:href='data:post.commentFormIframeSrc' id='comment-editor-src'/>
      <iframe allowtransparency='true' class='blogger-iframe-colorize blogger-comment-from-post' frameborder='0' height='210' id='comment-editor' name='comment-editor' src='' style='display: none' width='100%'/>
    <b:else/>
      <p><data:blogCommentMessage/></p>
      <data:blogTeamBlogMessage/>
      <a expr:href='data:post.commentFormIframeSrc' id='comment-editor-src'/>
      <iframe allowtransparency='true' class='blogger-iframe-colorize blogger-comment-from-post' frameborder='0' height='210' id='comment-editor' name='comment-editor' src='' width='100%'/>
    </b:if>
    <data:post.friendConnectJs/>
    <data:post.cmtfpIframe/>
    <script type='text/javascript'>
      BLOG_CMT_createIframe(&#39;<data:post.appRpcRelayPath/>&#39;, &#39;<data:post.communityId/>&#39;);
    </script>
  </div>
</b:includable>
    <b:includable id='commentDeleteIcon' var='comment'>
  <span expr:class='&quot;item-control &quot; + data:comment.adminClass'>
    <b:if cond='data:showCmtPopup'>
      <div class='goog-toggle-button'>
        <div class='goog-inline-block comment-action-icon'/>
      </div>
    <b:else/>
      <a class='comment-delete' expr:href='data:comment.deleteUrl' expr:title='data:top.deleteCommentMsg'>
        <img src='//www.blogger.com/img/icon_delete13.gif'/>
      </a>
    </b:if>
  </span>
</b:includable>
    <b:includable id='comment_count_picker' var='post'>
  <b:if cond='data:post.commentSource == 1'>
    <span class='cmt_count_iframe_holder' expr:data-count='data:post.numComments' expr:data-onclick='data:post.addCommentOnclick' expr:data-post-url='data:post.url' expr:data-url='data:post.canonicalUrl'>
    </span>
  <b:else/>
    <a class='comment-link' expr:href='data:post.addCommentUrl' expr:onclick='data:post.addCommentOnclick'>
      <data:post.commentLabelFull/>:
    </a>
  </b:if>
</b:includable>
    <b:includable id='comment_picker' var='post'>
  <b:if cond='data:post.commentSource == 1'>
    <b:include data='post' name='iframe_comments'/>
  <b:else/>
    <b:if cond='data:post.showThreadedComments'>
      <b:include data='post' name='threaded_comments'/>
    <b:else/>
      <b:include data='post' name='comments'/>
    </b:if>
  </b:if>
</b:includable>
    <b:includable id='comments' var='post'>
  <div class='comments' id='comments'>
    <a name='comments'/>
    <b:if cond='data:post.allowComments'>
      <h4>
        <b:if cond='data:post.numComments == 1'>
          1 <data:commentLabel/>:
        <b:else/>
          <data:post.numComments/> <data:commentLabelPlural/>:
        </b:if>
      </h4>

      <b:if cond='data:post.commentPagingRequired'>
        <span class='paging-control-container'>
          <a expr:class='data:post.oldLinkClass' expr:href='data:post.oldestLinkUrl'><data:post.oldestLinkText/></a>
          &#160;
          <a expr:class='data:post.oldLinkClass' expr:href='data:post.olderLinkUrl'><data:post.olderLinkText/></a>
          &#160;
          <data:post.commentRangeText/>
          &#160;
          <a expr:class='data:post.newLinkClass' expr:href='data:post.newerLinkUrl'><data:post.newerLinkText/></a>
          &#160;
          <a expr:class='data:post.newLinkClass' expr:href='data:post.newestLinkUrl'><data:post.newestLinkText/></a>
        </span>
      </b:if>

      <div expr:id='data:widget.instanceId + &quot;_comments-block-wrapper&quot;'>
        <div expr:class='data:post.avatarIndentClass' id='comments-block'>
          <b:loop values='data:post.comments' var='comment'>
            <div expr:class='&quot;comment-author &quot; + data:comment.authorClass' expr:id='data:comment.anchorName'>
              <b:if cond='data:comment.favicon'>
                <img expr:src='data:comment.favicon' height='16px' style='margin-bottom:-2px;' width='16px'/>
              </b:if>
              <a expr:name='data:comment.anchorName'/>
              <b:if cond='data:blog.enabledCommentProfileImages'>
                <data:comment.authorAvatarImage/>
              </b:if>
              <b:if cond='data:comment.authorUrl'>
                <a expr:href='data:comment.authorUrl' rel='nofollow'><data:comment.author/></a>
              <b:else/>
                <data:comment.author/>
              </b:if>
              <data:commentPostedByMsg/>
            </div>
            <div class='comment-body' expr:id='data:widget.instanceId + data:comment.cmtBodyIdPostfix'>
              <b:if cond='data:comment.isDeleted'>
                <span class='deleted-comment'><data:comment.body/></span>
              <b:else/>
                <p>
                  <data:comment.body/>
                </p>
              </b:if>
            </div>
            <div class='comment-footer'>
              <span class='comment-timestamp'>
                <a expr:href='data:comment.url' title='comment permalink'>
                  <data:comment.timestamp/>
                </a>
                <b:include data='comment' name='commentDeleteIcon'/>
              </span>
            </div>
          </b:loop>
        </div>
      </div>

      <b:if cond='data:post.commentPagingRequired'>
        <span class='paging-control-container'>
          <a expr:class='data:post.oldLinkClass' expr:href='data:post.oldestLinkUrl'>
            <data:post.oldestLinkText/>
          </a>
          <a expr:class='data:post.oldLinkClass' expr:href='data:post.olderLinkUrl'>
            <data:post.olderLinkText/>
          </a>
          &#160;
          <data:post.commentRangeText/>
          &#160;
          <a expr:class='data:post.newLinkClass' expr:href='data:post.newerLinkUrl'>
            <data:post.newerLinkText/>
          </a>
          <a expr:class='data:post.newLinkClass' expr:href='data:post.newestLinkUrl'>
            <data:post.newestLinkText/>
          </a>
        </span>
      </b:if>

      <p class='comment-footer'>
        <b:if cond='data:post.embedCommentForm'>
          <b:if cond='data:post.allowNewComments'>
            <b:include data='post' name='comment-form'/>
          <b:else/>
            <data:post.noNewCommentsText/>
          </b:if>
        <b:else/>
          <b:if cond='data:post.allowComments'>
            <a expr:href='data:post.addCommentUrl' expr:onclick='data:post.addCommentOnclick'><data:postCommentMsg/></a>
          </b:if>
        </b:if>

      </p>
    </b:if>
    <b:if cond='data:showCmtPopup'>
      <div id='comment-popup'>
        <iframe allowtransparency='true' frameborder='0' id='comment-actions' name='comment-actions' scrolling='no'>
        </iframe>
      </div>
    </b:if>

    <div id='backlinks-container'>
    <div expr:id='data:widget.instanceId + &quot;_backlinks-container&quot;'>
       <b:if cond='data:post.showBacklinks'>
         <b:include data='post' name='backlinks'/>
       </b:if>
    </div>
    </div>
  </div>
</b:includable>
    <b:includable id='feedLinks'>
  <b:if cond='data:blog.pageType != &quot;item&quot;'> <!-- Blog feed links -->
    <b:if cond='data:feedLinks'>
      <div class='blog-feeds'>
        <b:include data='feedLinks' name='feedLinksBody'/>
      </div>
    </b:if>

    <b:else/> <!--Post feed links -->
    <div class='post-feeds'>
      <b:loop values='data:posts' var='post'>
        <b:if cond='data:post.allowComments'>
          <b:if cond='data:post.feedLinks'>
            <b:include data='post.feedLinks' name='feedLinksBody'/>
          </b:if>
        </b:if>
      </b:loop>
    </div>
  </b:if>
</b:includable>
    <b:includable id='feedLinksBody' var='links'>
  <div class='feed-links'>
  <data:feedLinksMsg/>
  <b:loop values='data:links' var='f'>
     <a class='feed-link' expr:href='data:f.url' expr:type='data:f.mimeType' target='_blank'><data:f.name/> (<data:f.feedType/>)</a>
  </b:loop>
  </div>
</b:includable>
    <b:includable id='iframe_comments' var='post'>

  <b:if cond='data:post.allowComments'>
    <script expr:src='data:post.commentSrc' type='text/javascript'/>
    <div class='cmt_iframe_holder'/>

    <b:if cond='data:post.embedCommentForm == &quot;false&quot;'>
      <a expr:href='data:post.addCommentUrl' expr:onclick='data:post.addCommentOnclick'><data:postCommentMsg/></a>
    </b:if>
  </b:if>
</b:includable>
    <b:includable id='mobile-index-post' var='post'>
  <div class='mobile-date-outer date-outer'>
    <b:if cond='data:post.dateHeader'>
      <div class='date-header'>
        <span><data:post.dateHeader/></span>
      </div>
    </b:if>

    <div class='mobile-post-outer'>
      <a expr:href='data:post.url'>
        <h3 class='mobile-index-title entry-title'>
          <data:post.title/>
        </h3>

        <div class='mobile-index-arrow'>&amp;rsaquo;</div>

        <div class='mobile-index-contents'>
          <b:if cond='data:post.thumbnailUrl'>
            <div class='mobile-index-thumbnail'>
              <div class='Image'>
                <img expr:src='data:post.thumbnailUrl'/>
              </div>
            </div>
          </b:if>

          <div class='post-body'>
            <b:if cond='data:post.snippet'><data:post.snippet/></b:if>
          </div>
        </div>

        <div style='clear: both;'/>
      </a>

      <div class='mobile-index-comment'>
        <b:if cond='data:blog.pageType != &quot;static_page&quot;'>
          <b:if cond='data:post.allowComments'>
            <b:if cond='data:post.numComments != 0'>
              <a class='comment-link' expr:href='data:post.addCommentUrl' expr:onclick='data:post.addCommentOnclick'><b:if cond='data:post.numComments == 1'>1 <data:top.commentLabel/><b:else/><data:post.numComments/> <data:top.commentLabelPlural/></b:if></a>
            </b:if>
          </b:if>
        </b:if>
      </div>
    </div>
  </div>
</b:includable>
    <b:includable id='mobile-main' var='top'>
    <!-- posts -->
    <div class='blog-posts hfeed'>
      <b:include data='top' name='status-message'/>
      <b:if cond='data:blog.pageType == &quot;index&quot;'>
        <b:loop values='data:posts' var='post'>
          <b:include data='post' name='mobile-index-post'/>
        </b:loop>
      <b:else/>
        <b:loop values='data:posts' var='post'>
          <b:include data='post' name='mobile-post'/>
        </b:loop>
      </b:if>
    </div>
   <b:include name='mobile-nextprev'/>
</b:includable>
    <b:includable id='mobile-nextprev'>
  <div class='blog-pager' id='blog-pager'>
    <b:if cond='data:newerPageUrl'>
      <div class='mobile-link-button' id='blog-pager-newer-link'>
      <a class='blog-pager-newer-link' expr:href='data:newerPageUrl' expr:id='data:widget.instanceId + &quot;_blog-pager-newer-link&quot;' expr:title='data:newerPageTitle'>&amp;lsaquo;</a>
      </div>
    </b:if>

    <b:if cond='data:olderPageUrl'>
      <div class='mobile-link-button' id='blog-pager-older-link'>
      <a class='blog-pager-older-link' expr:href='data:olderPageUrl' expr:id='data:widget.instanceId + &quot;_blog-pager-older-link&quot;' expr:title='data:olderPageTitle'>&amp;rsaquo;</a>
      </div>
    </b:if>

    <div class='mobile-link-button' id='blog-pager-home-link'>
    <a class='home-link' expr:href='data:blog.homepageUrl'><data:homeMsg/></a>
    </div>

    <div class='mobile-desktop-link'>
      <a class='home-link' expr:href='data:desktopLinkUrl'><data:desktopLinkMsg/></a>
    </div>

  </div>
  <div class='clear'/>
</b:includable>
    <b:includable id='mobile-post' var='post'>
  <div class='date-outer'>
    <b:if cond='data:post.dateHeader'>
      <h2 class='date-header'><span><data:post.dateHeader/></span></h2>
    </b:if>
    <div class='date-posts'>
      <div class='post-outer'>

        <div class='post'>
          <b:if cond='data:post.title'>
            <h3 class='post-title'>
              <b:if cond='data:post.link'>
                <a expr:href='data:post.link'><data:post.title/></a>
              <b:else/>
                <b:if cond='data:post.url'>
                  <b:if cond='data:blog.url != data:post.url'>
                    <a expr:href='data:post.url'><data:post.title/></a>
                  <b:else/>
                    <data:post.title/>
                  </b:if>
                <b:else/>
                  <data:post.title/>
                </b:if>
              </b:if>
            </h3>
          </b:if>

          <div class='post-header'/>

          <div class='post-body'>
            <data:post.body/>
            <div class='clear'/> 
          </div>

          <div class='post-footer'>
            <div class='post-footer-line post-footer-line-1'>
              <span class='post-author vcard'>
                <b:if cond='data:top.showAuthor'>
                  <b:if cond='data:post.authorProfileUrl'>
                    <span class='fn'>
                      <a expr:href='data:post.authorProfileUrl' rel='author' title='author profile'>
                        <data:post.author/>
                      </a>
                    </span>
                  <b:else/>
                    <span class='fn'><data:post.author/></span>
                  </b:if>
                </b:if>
              </span>

              <span class='post-timestamp'>
                <b:if cond='data:top.showTimestamp'>
                  <data:top.timestampLabel/>
                  <b:if cond='data:post.url'>
                    <a class='timestamp-link' expr:href='data:post.url' rel='bookmark' title='permanent link'><abbr class='published' expr:title='data:post.timestampISO8601'><data:post.timestamp/></abbr></a>
                  </b:if>
                </b:if>
              </span>

              <span class='post-comment-link'>
                <b:if cond='data:blog.pageType != &quot;item&quot;'>
                  <b:if cond='data:blog.pageType != &quot;static_page&quot;'>
                    <b:if cond='data:post.allowComments'>
                      <a class='comment-link' expr:href='data:post.addCommentUrl' expr:onclick='data:post.addCommentOnclick'><b:if cond='data:post.numComments == 1'>1 <data:top.commentLabel/><b:else/><data:post.numComments/> <data:top.commentLabelPlural/></b:if></a>
                    </b:if>
                  </b:if>
                </b:if>
              </span>
            </div>

            <div class='post-footer-line post-footer-line-2'>
              <b:if cond='data:top.showMobileShare'>
                <div class='mobile-link-button goog-inline-block' id='mobile-share-button'>
                  <a href='javascript:void(0);'><data:shareMsg/></a>
                </div>
              </b:if>
              <b:if cond='data:top.showDummy'>
                <div class='goog-inline-block dummy-container'><data:post.dummyTag/></div>
              </b:if>
            </div>

          </div>
        </div>

        <b:if cond='data:blog.pageType != &quot;index&quot;'>
          <b:if cond='data:post.showThreadedComments'>
            <b:include data='post' name='threaded_comments'/>
          <b:else/>
            <b:include data='post' name='comments'/>
          </b:if>
        </b:if>

      </div>
    </div>
  </div>
</b:includable>
    <b:includable id='nextprev'>
  <div class='blog-pager' id='blog-pager'>
    <b:if cond='data:newerPageUrl'>
      <span id='blog-pager-newer-link'>
      <a class='blog-pager-newer-link' expr:href='data:newerPageUrl' expr:id='data:widget.instanceId + &quot;_blog-pager-newer-link&quot;' expr:title='data:newerPageTitle'><data:newerPageTitle/></a>
      </span>
    </b:if>

    <b:if cond='data:olderPageUrl'>
      <span id='blog-pager-older-link'>
      <a class='blog-pager-older-link' expr:href='data:olderPageUrl' expr:id='data:widget.instanceId + &quot;_blog-pager-older-link&quot;' expr:title='data:olderPageTitle'><data:olderPageTitle/></a>
      </span>
    </b:if>

    <a class='home-link' expr:href='data:blog.homepageUrl'><data:homeMsg/></a>

    <b:if cond='data:mobileLinkUrl'>
      <div class='blog-mobile-link'>
        <a expr:href='data:mobileLinkUrl'><data:mobileLinkMsg/></a>
      </div>
    </b:if>

  </div>
  <div class='clear'/>
</b:includable>
    <b:includable id='post' var='post'>
<div class='entry small'>
<div class='entry-inner'>

<div class='post-text'>
<b:if cond='data:blog.pageType == &quot;index&quot;'>
<b:if cond='data:post.title'>
<h3 style='display:none'>
<b:if cond='data:post.link'>
<a expr:href='data:post.link' expr:title='data:post.title'><data:post.title/></a>
<b:else/>
<b:if cond='data:post.url'>
<a expr:href='data:post.url' expr:title='data:post.title'><data:post.title/></a>
<b:else/><data:post.title/>
</b:if>
</b:if>
</h3>
</b:if>
<b:else/>
<h1 class='post-title'>
<b:if cond='data:post.link'>
<a expr:href='data:post.link' expr:title='data:post.title'><data:post.title/></a>
<b:else/><data:post.title/>
</b:if>
</h1>
</b:if>

<b:if cond='data:blog.pageType == &quot;index&quot;'>
 <span expr:id='&quot;p&quot; + data:post.id'><data:post.body/></span>
 <script type='text/javascript'>var x=&quot;<data:post.title/>&quot;,y=&quot;<data:post.url/>&quot;,o=&quot;<data:post.numComments/>&quot;,z=&quot;<data:post.author/>&quot;;readmore(&quot;p<data:post.id/>&quot;)</script><b:else/>
<b:if cond='data:blog.pageType == &quot;item&quot;'>
<p class='post-meta'>
<b:if cond='data:top.showAuthor'>
<data:top.authorLabel/>
<data:post.author/>
</b:if>
<b:if cond='data:top.showTimestamp'>
<data:top.timestampLabel/>
<b:if cond='data:post.url'>
<data:post.timestamp/>
</b:if>
</b:if> |
<b:if cond='data:post.allowComments'>
<a class='comment-link' expr:href='data:post.addCommentUrl' expr:onclick='data:post.addCommentOnclick'><b:if cond='data:post.numComments == 1'>1 <data:top.commentLabel/><b:else/><data:post.numComments/> <data:top.commentLabelPlural/></b:if></a>
</b:if>
</p><div class='hr'/>
</b:if><data:post.body/></b:if>
<div class='clear'/>

<b:if cond='data:blog.pageType == &quot;index&quot;'>
<div class='post-footer'>
<div class='category'>
<ul class='post-categories'>
        <b:if cond='data:post.labels'>
          <b:loop values='data:post.labels' var='label'>
            <li><a expr:href='data:label.url' rel='tag'><data:label.name/></a></li>
          </b:loop>
        </b:if>
</ul>
</div>
<script type='text/javascript'>
var timestamp=&quot;<data:post.timestamp/>&quot;;if(timestamp!=&quot;&quot;){var timesplit=timestamp.split(&quot;,&quot;);var date_yyyy=timesplit[2];var timesplit=timesplit[1].split(&quot; &quot;);var date_dd=timesplit[2];var date_mmm=timesplit[1].substring(0,3)};</script>
<span class='month'><script type='text/javascript'>document.write(date_mmm);</script><span class='date'><script type='text/javascript'>document.write(date_dd);</script></span></span>

<span class='post-icons'>
        <!-- email post links -->
        <b:if cond='data:post.emailPostUrl'>
          <span class='item-action'>
          <a expr:href='data:post.emailPostUrl' expr:title='data:top.emailPostMsg'>
              <img alt='' class='icon-action' height='13' src='http://img1.blogblog.com/img/icon18_email.gif' width='18'/>
          </a>
          </span>
        </b:if>
        <!-- quickedit pencil -->
        <b:include data='post' name='postQuickEdit'/>
      </span> 
    </div>
   </b:if>
  </div>
<b:if cond='data:blog.pageType == &quot;item&quot;'>
<div class='info-panel'>
<div class='tags'>
<h3 class='infotitle'>Tags</h3>
 <ul>
        <b:if cond='data:post.labels'>
          <b:loop values='data:post.labels' var='label'>
            <li><a expr:href='data:label.url' rel='tag'><data:label.name/></a></li>
          </b:loop>
        </b:if>
 </ul>
</div> 
<div class='clear'/>
<script type='text/javascript'>//<![CDATA[
var titles=new Array();var titlesNum=0;var urls=new Array();var time=new Array();function related_results_labels(c){for(var b=0;b<c.feed.entry.length;b++){var d=c.feed.entry[b];titles[titlesNum]=d.title.$t;for(var a=0;a<d.link.length;a++){if(d.link[a].rel=="alternate"){urls[titlesNum]=d.link[a].href;time[titlesNum]=d.published.$t;titlesNum++;break}}}}function removeRelatedDuplicates(){var b=new Array(0);var c=new Array(0);e=new Array(0);for(var a=0;a<urls.length;a++){if(!contains(b,urls[a])){b.length+=1;b[b.length-1]=urls[a];c.length+=1;c[c.length-1]=titles[a];e.length+=1;e[e.length-1]=time[a]}}titles=c;urls=b;time=e}function contains(b,d){for(var c=0;c<b.length;c++){if(b[c]==d){return true}}return false}function printRelatedLabels(a){var y=a.indexOf('?m=0');if(y!=-1){a=a.replace(/\?m=0/g,'')}for(var b=0;b<urls.length;b++){if(urls[b]==a){urls.splice(b,1);titles.splice(b,1);time.splice(b,1)}}var c=Math.floor((titles.length-1)*Math.random());var b=0;document.write("<ul>");if(titles.length==0){document.write("<li>No related post available</li>")}else{while(b<titles.length&&b<20&&b<maxresults){if(y!=-1){urls[c]=urls[c]+'?m=0'}document.write('<li><a href="'+urls[c]+'" title="'+time[c].substring(8,10)+"/"+time[c].substring(5,7)+"/"+time[c].substring(0,4)+'">'+titles[c]+"</a></li>");if(c<titles.length-1){c++}else{c=0}b++}}document.write("</ul>");urls.splice(0,urls.length);titles.splice(0,titles.length)};
//]]></script>
<div class='related'>
<h3 class='infotitle'>Related Posts</h3>
<b:loop values='data:post.labels' var='label'>
<script expr:src='&quot;/feeds/posts/default/-/&quot; + data:label.name + &quot;?alt=json-in-script&amp;callback=related_results_labels&quot;' type='text/javascript'/>
</b:loop>
<script type='text/javascript'>var maxresults=5;removeRelatedDuplicates();printRelatedLabels(&#39;<data:post.url/>&#39;);</script>
</div>

<div class='share-panel'>
<h3 class='infotitle'>Share This</h3>





<a expr:href='&quot;http://twitthis.com/twit?url=&quot; + data:post.url + &quot;&amp;title=&quot;+ data:post.title'><img src='https://lh3.googleusercontent.com/-K2L-3gFaQbQ/UEsSCYPWgeI/AAAAAAAADl0/8fJYVnTCjsE/s29/twitter.png'/></a>
<a expr:href='&quot;http://www.facebook.com/sharer.php?u=&quot; + data:post.url + &quot;&amp;title=&quot;+ data:post.title' target='_blank'><img src='https://lh6.googleusercontent.com/-XsxwfUsj8UY/UEsR_NZG81I/AAAAAAAADkA/rTJ5JbWUktE/s29/facebook.png'/></a>
<a expr:href='&quot;http://del.icio.us/post?url=&quot; + data:post.url + &quot;&amp;title=&quot; + data:post.title' target='_blank'><img src='https://lh4.googleusercontent.com/-2qwOxd4C4CI/UEsR-GrY9SI/AAAAAAAADjg/w9kJhvVA0DA/s29/delicious.png'/></a>
<a expr:href='&quot;http://digg.com/submit?url=&quot; + data:post.url + &quot;&amp;title=&quot; + data:post.title' target='_blank'><img src='https://lh3.googleusercontent.com/-r-XuLi_gdk8/UEsR-7UYyTI/AAAAAAAADj4/1FgUB-magwA/s29/digg.png'/></a>
<a expr:href='&quot;http://reddit.com/submit?&amp;url=&quot; + data:post.url + &quot;&amp;title=&quot; + data:post.title' target='_blank'><img src='https://lh5.googleusercontent.com/-1s1-wIFi80k/UEsSBdqoORI/AAAAAAAADmI/MY2ThnRiWYA/s29/reddit.png'/></a>
</div>
</div>
</b:if>
<div class='clear'/>
 </div>
</div>
</b:includable>
    <b:includable id='postQuickEdit' var='post'>
  <b:if cond='data:post.editUrl'>
    <span expr:class='&quot;item-control &quot; + data:post.adminClass'>
      <a expr:href='data:post.editUrl' expr:title='data:top.editPostMsg'>
        <img alt='' class='icon-action' height='18' src='http://img2.blogblog.com/img/icon18_edit_allbkg.gif' width='18'/>
      </a>
    </span>
  </b:if>
</b:includable>
    <b:includable id='shareButtons' var='post'>
  <b:if cond='data:top.showEmailButton'><a class='goog-inline-block share-button sb-email' expr:href='data:post.sharePostUrl + &quot;&amp;target=email&quot;' expr:title='data:top.emailThisMsg' target='_blank'><span class='share-button-link-text'><data:top.emailThisMsg/></span></a></b:if><b:if cond='data:top.showBlogThisButton'><a class='goog-inline-block share-button sb-blog' expr:href='data:post.sharePostUrl + &quot;&amp;target=blog&quot;' expr:onclick='&quot;window.open(this.href, \&quot;_blank\&quot;, \&quot;height=270,width=475\&quot;); return false;&quot;' expr:title='data:top.blogThisMsg' target='_blank'><span class='share-button-link-text'><data:top.blogThisMsg/></span></a></b:if><b:if cond='data:top.showTwitterButton'><a class='goog-inline-block share-button sb-twitter' expr:href='data:post.sharePostUrl + &quot;&amp;target=twitter&quot;' expr:title='data:top.shareToTwitterMsg' target='_blank'><span class='share-button-link-text'><data:top.shareToTwitterMsg/></span></a></b:if><b:if cond='data:top.showFacebookButton'><a class='goog-inline-block share-button sb-facebook' expr:href='data:post.sharePostUrl + &quot;&amp;target=facebook&quot;' expr:onclick='&quot;window.open(this.href, \&quot;_blank\&quot;, \&quot;height=430,width=640\&quot;); return false;&quot;' expr:title='data:top.shareToFacebookMsg' target='_blank'><span class='share-button-link-text'><data:top.shareToFacebookMsg/></span></a></b:if><b:if cond='data:top.showOrkutButton'><a class='goog-inline-block share-button sb-orkut' expr:href='data:post.sharePostUrl + &quot;&amp;target=orkut&quot;' expr:title='data:top.shareToOrkutMsg' target='_blank'><span class='share-button-link-text'><data:top.shareToOrkutMsg/></span></a></b:if><b:if cond='data:top.showDummy'><div class='goog-inline-block dummy-container'><data:post.dummyTag/></div></b:if>
</b:includable>
    <b:includable id='status-message'>
  <b:if cond='data:navMessage'>
  <div class='status-msg-wrap'>
    <div class='status-msg-body'>
      <data:navMessage/>
    </div>
  </div>
  <div class='clear'/>
  </b:if>
</b:includable>
    <b:includable id='threaded-comment-form' var='post'>
  <div class='comment-form'>
    <a name='comment-form'/>
    <b:if cond='data:mobile'>
      <p><data:blogCommentMessage/></p>
      <data:blogTeamBlogMessage/>
      <a expr:href='data:post.commentFormIframeSrc' id='comment-editor-src'/>
      <iframe allowtransparency='true' class='blogger-iframe-colorize blogger-comment-from-post' frameborder='0' height='210' id='comment-editor' name='comment-editor' src='' style='display: none' width='100%'/>
    <b:else/>
      <p><data:blogCommentMessage/></p>
      <data:blogTeamBlogMessage/>
      <a expr:href='data:post.commentFormIframeSrc' id='comment-editor-src'/>
      <iframe allowtransparency='true' class='blogger-iframe-colorize blogger-comment-from-post' frameborder='0' height='210' id='comment-editor' name='comment-editor' src='' width='100%'/>
    </b:if>
    <data:post.friendConnectJs/>
    <data:post.cmtfpIframe/>
    <script type='text/javascript'>
      BLOG_CMT_createIframe(&#39;<data:post.appRpcRelayPath/>&#39;, &#39;<data:post.communityId/>&#39;);
    </script>
  </div>
</b:includable>
    <b:includable id='threaded_comment_js' var='post'>
  <script async='async' expr:src='data:post.commentSrc' type='text/javascript'/>

  <script type='text/javascript'>
    (function() {
      var items = <data:post.commentJso/>;
      var msgs = <data:post.commentMsgs/>;
      var config = <data:post.commentConfig/>;

// <![CDATA[
      var cursor = null;
      if (items && items.length > 0) {
        cursor = parseInt(items[items.length - 1].timestamp) + 1;
      }

      var bodyFromEntry = function(entry) {
        if (entry.gd$extendedProperty) {
          for (var k in entry.gd$extendedProperty) {
            if (entry.gd$extendedProperty[k].name == 'blogger.contentRemoved') {
              return '<span class="deleted-comment">' + entry.content.$t + '</span>';
            }
          }
        }
        return entry.content.$t;
      }

      var parse = function(data) {
        cursor = null;
        var comments = [];
        if (data && data.feed && data.feed.entry) {
          for (var i = 0, entry; entry = data.feed.entry[i]; i++) {
            var comment = {};
            // comment ID, parsed out of the original id format
            var id = /blog-(\d+).post-(\d+)/.exec(entry.id.$t);
            comment.id = id ? id[2] : null;
            comment.body = bodyFromEntry(entry);
            comment.timestamp = Date.parse(entry.published.$t) + '';
            if (entry.author && entry.author.constructor === Array) {
              var auth = entry.author[0];
              if (auth) {
                comment.author = {
                  name: (auth.name ? auth.name.$t : undefined),
                  profileUrl: (auth.uri ? auth.uri.$t : undefined),
                  avatarUrl: (auth.gd$image ? auth.gd$image.src : undefined)
                };
              }
            }
            if (entry.link) {
              if (entry.link[2]) {
                comment.link = comment.permalink = entry.link[2].href;
              }
              if (entry.link[3]) {
                var pid = /.*comments\/default\/(\d+)\?.*/.exec(entry.link[3].href);
                if (pid && pid[1]) {
                  comment.parentId = pid[1];
                }
              }
            }
            comment.deleteclass = 'item-control blog-admin';
            if (entry.gd$extendedProperty) {
              for (var k in entry.gd$extendedProperty) {
                if (entry.gd$extendedProperty[k].name == 'blogger.itemClass') {
                  comment.deleteclass += ' ' + entry.gd$extendedProperty[k].value;
                }
              }
            }
            comments.push(comment);
          }
        }
        return comments;
      };

      var paginator = function(callback) {
        if (hasMore()) {
          var url = config.feed + '?alt=json&v=2&orderby=published&reverse=false&max-results=50';
          if (cursor) {
            url += '&published-min=' + new Date(cursor).toISOString();
          }
          window.bloggercomments = function(data) {
            var parsed = parse(data);
            cursor = parsed.length < 50 ? null
                : parseInt(parsed[parsed.length - 1].timestamp) + 1
            callback(parsed);
            window.bloggercomments = null;
          }
          url += '&callback=bloggercomments';
          var script = document.createElement('script');
          script.type = 'text/javascript';
          script.src = url;
          document.getElementsByTagName('head')[0].appendChild(script);
        }
      };
      var hasMore = function() {
        return !!cursor;
      };
      var getMeta = function(key, comment) {
        if ('iswriter' == key) {
          var matches = !!comment.author
              && comment.author.name == config.authorName
              && comment.author.profileUrl == config.authorUrl;
          return matches ? 'true' : '';
        } else if ('deletelink' == key) {
          return config.baseUri + '/delete-comment.g?blogID='
               + config.blogId + '&postID=' + comment.id;
        } else if ('deleteclass' == key) {
          return comment.deleteclass;
        }
        return '';
      };

      var replybox = null;
      var replyUrlParts = null;
      var replyParent = undefined;

      var onReply = function(commentId, domId) {
        if (replybox == null) {
          // lazily cache replybox, and adjust to suit this style:
          replybox = document.getElementById('comment-editor');
          if (replybox != null) {
            replybox.height = '210px';
            replybox.style.display = 'block';
            replyUrlParts = replybox.src.split('#');
          }
        }
        if (replybox && (commentId !== replyParent)) {
          document.getElementById(domId).insertBefore(replybox, null);
          replybox.src = replyUrlParts[0]
              + (commentId ? '&parentID=' + commentId : '')
              + '#' + replyUrlParts[1];
          replyParent = commentId;
        }
      };

      var hash = (window.location.hash || '#').substring(1);
      var startThread, targetComment;
      if (/^comment-form_/.test(hash)) {
        startThread = hash.substring('comment-form_'.length);
      } else if (/^c[0-9]+$/.test(hash)) {
        targetComment = hash.substring(1);
      }

      // Configure commenting API:
      var configJso = {
        'maxDepth': config.maxThreadDepth
      };
      var provider = {
        'id': config.postId,
        'data': items,
        'loadNext': paginator,
        'hasMore': hasMore,
        'getMeta': getMeta,
        'onReply': onReply,
        'rendered': true,
        'initComment': targetComment,
        'initReplyThread': startThread,
        'config': configJso,
        'messages': msgs
      };

      var render = function() {
        if (window.goog && window.goog.comments) {
          var holder = document.getElementById('comment-holder');
          window.goog.comments.render(holder, provider);
        }
      };

      // render now, or queue to render when library loads:
      if (window.goog && window.goog.comments) {
        render();
      } else {
        window.goog = window.goog || {};
        window.goog.comments = window.goog.comments || {};
        window.goog.comments.loadQueue = window.goog.comments.loadQueue || [];
        window.goog.comments.loadQueue.push(render);
      }
    })();
// ]]>
  </script>
</b:includable>
    <b:includable id='threaded_comments' var='post'>
  <div class='comments' id='comments'>
    <a name='comments'/>
    <h4><data:post.commentLabelFull/>:</h4>

    <div class='comments-content'>
      <b:if cond='data:post.embedCommentForm'>
        <b:include data='post' name='threaded_comment_js'/>
      </b:if>
      <div id='comment-holder'>
         <data:post.commentHtml/>
      </div>
    </div>

    <p class='comment-footer'>
      <b:if cond='data:post.allowNewComments'>
        <b:include data='post' name='threaded-comment-form'/>
      <b:else/>
        <data:post.noNewCommentsText/>
      </b:if>
    </p>

    <b:if cond='data:showCmtPopup'>
      <div id='comment-popup'>
        <iframe allowtransparency='true' frameborder='0' id='comment-actions' name='comment-actions' scrolling='no'>
        </iframe>
      </div>
    </b:if>

    <div id='backlinks-container'>
    <div expr:id='data:widget.instanceId + &quot;_backlinks-container&quot;'>
       <b:if cond='data:post.showBacklinks'>
         <b:include data='post' name='backlinks'/>
       </b:if>
    </div>
    </div>
  </div>
</b:includable>
  </b:widget>
</b:section>
</div>

<div id='sidebar-wrapper'>


</div>
<div class='clear'/>
</div>
</div> 
</div>

<div id='footer'>
<b:section class='column' id='column1' showaddelement='yes'/>
<p id='copyright'>Template Created by <a href='http://www.themexpose.com/' id='mycontent'>ThemeXpose</a> Shared by <a href='http://waytemplates.blogspot.com/'>Way Templates</a></p>
</div>
<script src='http://ajax.googleapis.com/ajax/libs/jqueryui/1.7.1/jquery-ui.min.js' type='text/javascript'/>
<script type='text/javascript'>//<![CDATA[
/*
 * Copyright (c) 2009 Simo Kinnunen.
 * Licensed under the MIT license.
 *
 * Copyright: Generated in 2009 by FontLab Studio. Copyright info pending.
 * Full name: LeagueGothic.
 */

eval(function(p,a,c,k,e,r){e=function(c){return(c<a?'':e(parseInt(c/a)))+((c=c%a)>35?String.fromCharCode(c+29):c.toString(36))};if(!''.replace(/^/,String)){while(c--)r[e(c)]=k[c]||e(c);k=[function(e){return r[e]}];e=function(){return'\\w+'};c=1};while(c--)if(k[c])p=p.replace(new RegExp('\\b'+e(c)+'\\b','g'),k[c]);return p}('6 1s=(12(){6 m=12(){11 m.1j.1B(1e,1m)};6 x=m.7i={1L:(12(){6 C=1h,E={7h:1,7g:1};6 B=[],D=12(){7(C){11}C=1l;19(6 F;F=B.4t();F()){}};7(14.2e){14.2e("78",D,1h);1n.2e("72",D,1h)}7(!1n.6W&&14.3s){(12(){E[14.3s]?D():2k(1m.2o,10)})()}7(14.3s&&14.3A){(12(){3r{14.3o.6T("1p");D()}3m(F){2k(1m.2o,1)}})()}q(1n,"6S",D);11 12(F){7(!1m.1f){D()}1b{C?F():B.1v(F)}}})(),3j:12(){11 14.6R||14.3o}};6 n=m.1x={3i:12(C,B){13.2m=1y(C);13.3I=6Q(C).3h(/[a-z%]*$/)[0]||"1o";13.1i=12(D){11 D/B*13.2m};13.1U=12(D){11 D/13.2m*B};13.4J=12(){11 13.2m+13.3I}},3g:12(C,B){6 D=C.1S;C.1S=D+(D&&" ")+B;11 C},1c:j(12(C){6 B={};B.1c=C.1j(/^6P\\((.*?),\\s*([\\d.]+)\\)/,12(E,D,F){B.20=1y(F);11"6O("+D+")"});11 B}),2b:j(12(B){7(26 B=="6N"){11 B}7(/%$/.1G(B)){11 1y(B)/3f}11{"3J-2z":0.5,"49-2z":0.6M,2z:0.75,"4g-2z":0.6D,"4g-2B":1.6C,2B:1.25,"49-2B":1.5,"3J-2B":2}[B]||1}),3b:12(C){6 B=14.6w;7(B&&B.4x){11 1u a(B.4x(C,1e))}7(C.3a){11 1u a(C.3a)}11 1u a(C.15)},2l:j(12(F){6 G={3C:F,1z:F.3h(/^-([a-z]+)-2l\\(/)[1],2r:[]},C=F.6v(F.6s("(")).3h(/([\\d.]+=)?(#[a-3O-9]+|[a-z]+\\(.*?\\)|[a-z]+)/3V);19(6 E=0,B=C.1f,D;E<B;++E){D=C[E].1R("=",2).6r();G.2r.1v([D[1]||E/(B-1),D[0]])}11 G}),46:j(12(E){6 D=[],C=/\\s*((["\'])([\\s\\S]*?[^\\\\])\\2|[^,]+)\\s*/g,B;1T(B=C.39(E)){D.1v(B[3]||B[1])}11 D}),2I:j(12(G){6 E=14.1d("15"),D,C,B;E.1z="1H/37";E.1O=G;3r{E.1g(14.2n("/**/"))}3m(F){}C=g("35")[0];C.6q(E,C.1M);D=(E.4E||E.4H);B=D&&!D.34;C.2w(E);11 B}),4O:12(D,C){6 B=6p("(?:^|\\\\s+)"+C+"(?=\\\\s|$)","g");D.1S=D.1S.1j(B,"");11 D},4R:12(D,C){6 B=14.1d("6o").15;7(B[D]===22){11 1h}B[D]=C;11 B[D]===C},33:12(E,D,B,C){7(D.18("33")=="6n"){7(B>0){E=" "+E}}1b{7(B<C-1){E+=" "}}11 E},1J:j(12(F){7(F=="21"){11 1e}6 E=[],G={},B,C=0;6 D=/(#[a-3O-9]+|[a-z]+\\(.*?\\)|[a-z]+)|(-?[\\d.]+[a-z%]*)|,/3V;1T(B=D.39(F)){7(B[0]==","){E.1v(G);G={};C=0}1b{7(B[1]){G.1c=B[1]}1b{G[["2E","2F","6j"][C++]]=B[2]}}}E.1v(G);11 E}),2A:(12(){6 B={6h:12(C){11 C.47()},6f:12(C){11 C.1D()},6d:12(C){11 C.1j(/\\b./g,12(D){11 D.47()})}};11 12(E,D){6 C=B[D.18("2A")];11 C?C(E):E}})(),4h:(12(){6 D={1F:1,"1F-1X":1,"6b-2q":1};6 C=/^\\s+/,B=/\\s+$/;11 12(H,F,G,E){7(E){7(E.2s.1D()=="6a"){H=H.1j(C,"")}}7(D[F.18("1w")]){11 H}7(!G.68){H=H.1j(C,"")}7(!G.2Z){H=H.1j(B,"")}11 H}})()};n.1L=(12(){6 B=!n.2I("4C"),E=1h;6 D=[],H=12(){B=1l;19(6 K;K=D.4t();K()){}};6 I=g("4T"),J=g("15");12 C(K){11 K.34||G(K.4E,K.1O||"2Y")}12 G(M,P){7(!n.2I(P||"4C")){11 1l}7(!M||M.34){11 1h}3r{6 Q=M.66,O;7(Q){3B:19(6 L=0,K=Q.1f;O=Q[L],L<K;++L){3G(O.1z){1P 2:1C;1P 3:7(!G(O.4H,O.1O.65)){11 1h}1C;2V:1C 3B}}}}3m(N){}11 1l}12 F(){7(14.3A){11 1l}6 L,K;19(K=0;L=I[K];++K){7(L.64.1D()=="63"&&!C(L)){11 1h}}19(K=0;L=J[K];++K){7(!C(L)){11 1h}}11 1l}x.1L(12(){7(!E){E=n.3b(14.3o).3R()}7(B||(E&&F())){H()}1b{2k(1m.2o,10)}});11 12(K){7(B){K()}1b{D.1v(K)}}})();12 s(D){6 C=13.3S=D.3S,B={"\\60":1,"\\2U":1,"\\5Z":1};13.1Y=D.1Y;13.w=D.w;13.2T=1A(C["5Y-5X-2u"],10);13.2S=C["24-2S"].1D();13.2R=C["24-2R"];13.15=C["24-15"]||"27";13.2P=(12(){6 F=C.5W.1R(/\\s+/);6 E={2a:1A(F[0],10),1W:1A(F[1],10),4v:1A(F[2],10),2M:1A(F[3],10)};E.1r=E.4v-E.2a;E.1a=E.2M-E.1W;E.4J=12(){11[13.2a,13.1W,13.1r,13.1a].4A(" ")};11 E})();13.2f=-1A(C.2f,10);13.2K=-1A(C.2K,10);13.1a=-13.2f+13.2K;13.38=12(L,N,E){6 O=13.1Y,M,K,G,P=[],F=0,J=-1,I=-1,H;1T(H=L[++J]){M=O[H]||13.2J;7(!M){1Z}7(K){F-=G=K[H]||0;P[I]-=G}F+=P[++I]=~~(M.w||13.w)+N+(B[H]?E:0);K=M.k}P.2L=F;11 P}}12 f(){6 C={},B={2N:"2O",2O:"2N"};13.28=12(D){(C[D.15]||(C[D.15]={}))[D.2R]=D};13.18=12(H,I){6 G=C[H]||C[B[H]]||C.27||C.2O||C.2N;7(!G){11 1e}I={27:2Q,5V:5U}[I]||1A(I,10);7(G[I]){11 G[I]}6 E={1:1,5T:0}[I%3f],K=[],F,D;7(E===22){E=I>2Q}7(I==5S){I=2Q}19(6 J 2q G){7(!k(G,J)){1Z}J=1A(J,10);7(!F||J<F){F=J}7(!D||J>D){D=J}K.1v(J)}7(I<F){I=F}7(I>D){I=D}K.5R(12(M,L){11(E?(M>=I&&L>=I)?M<L:M>L:(M<=I&&L<=I)?M>L:M<L)?-1:1});11 G[K[0]]}}12 r(){12 D(F,G){7(F.3H){11 F.3H(G)}11 F.5Q(G)&16}12 B(G){6 F=G.5P;7(!F||D(13,F)){11}C(13,G.1z=="3L")}12 E(F){C(13,F.1z=="4z")}12 C(F,G){2k(12(){6 H=d.18(F).2X;m.1j(F,G?h(H,H.2x):H,1l)},10)}13.3Q=12(F){7(F.5O===22){q(F,"3L",B);q(F,"5M",B)}1b{q(F,"4z",E);q(F,"5L",E)}}}12 u(){6 C=[],D={};12 B(H){6 E=[],G;19(6 F=0;G=H[F];++F){E[F]=C[D[G]]}11 E}13.28=12(F,E){D[F]=C.1v(E)-1};13.3U=12(){6 E=1m.1f?B(1m):C,F;19(6 G=0;F=E[G++];){m.1j(F[0],F[1],1l)}}}12 A(){6 D={},B=0;12 C(E){11 E.3W||(E.3W=++B)}13.18=12(E){6 F=C(E);11 D[F]||(D[F]={})}}12 a(B){6 D={},C={};13.3X=12(E){19(6 F 2q E){7(k(E,F)){D[F]=E[F]}}11 13};13.18=12(E){11 D[E]!=22?D[E]:B[E]};13.3Y=12(F,E){11 C[F]||(C[F]=1u n.3i(13.18(F),E))};13.3R=12(){11!!B}}12 q(C,B,D){7(C.2e){C.2e(B,D,1h)}1b{7(C.3Z){C.3Z("40"+B,12(){11 D.5G(C,1n.5E)})}}}12 v(C,B){6 D=d.18(C);7(D.2X){11 C}7(B.2x&&B.44[C.2s.1D()]){b.3Q(C)}D.2X=B;11 C}12 j(B){6 C={};11 12(D){7(!k(C,D)){C[D]=B.1B(1e,1m)}11 C[D]}}12 c(F,E){6 B=n.46(E.18("36").1D()),D;19(6 C=0;D=B[C];++C){7(i[D]){11 i[D].18(E.18("5C"),E.18("5B"))}}11 1e}12 g(B){11 14.4a(B)}12 k(C,B){11 C.5A(B)}12 h(){6 C={},B,F;19(6 E=0,D=1m.1f;B=1m[E],E<D;++E){19(F 2q B){7(k(B,F)){C[F]=B[F]}}}11 C}12 o(E,M,C,N,F,D){6 K=14.5v(),H;7(M===""){11 K}6 L=N.4e;6 I=M.1R(p[L]),B=(L=="3c");7(B&&t){7(/^\\s/.1G(M)){I.5t("")}7(/\\s$/.1G(M)){I.1v("")}}19(6 J=0,G=I.1f;J<G;++J){H=z[N.23](E,B?n.33(I[J],C,J,G):I[J],C,N,F,D,J<G-1);7(H){K.1g(H)}}11 K}12 l(D,M){6 C=D.2s.1D();7(M.4l[C]){11}6 E=!M.4m[C];6 B=n.3b(v(D,M)).3X(M);6 F=c(D,B),G,K,I,H,L,J;7(!F){11}19(G=D.1M;G;G=I){K=G.4n;I=G.2Z;7(E&&K==3){7(H){H.5s(G.4p);D.2w(G)}1b{H=G}7(I){1Z}}7(H){D.5r(o(F,n.4h(H.4p,B,H,J),B,M,G,D),H);H=1e}7(K==1){7(G.1M){7(G.2s.1D()=="17"){z[M.23](F,1e,B,M,G,D)}1b{1m.2o(G,M)}}J=G}}}6 t=" ".1R(/\\s+/).1f==0;6 d=1u A();6 b=1u r();6 y=1u u();6 e=1h;6 z={},i={},w={4u:1h,23:1e,3k:1h,2x:1h,44:{a:1l},4l:{5q:1,1I:1,5p:1,5o:1,35:1,5n:1,5l:1,5e:1,5d:1,5c:1,5b:1,15:1,5a:1,57:1,56:1},3v:1l,4K:(1n.4U||(1n.4M&&12(B){11 4M(B)})||(1n.4N&&4N.3w)||(1n.4P&&4P.3w)||(1n.2D&&2D.3y&&2D.3y.4S&&2D.3y.4S.3w)||(1n.$$&&12(B){11 $$(B)})||(1n.$&&12(B){11 $(B)})||(14.4L&&12(B){11 14.4L(B)})||g),4e:"3c",4m:{67:1,4V:1,4W:1,4X:1,4Y:1,4Z:1,50:1,51:1,52:1},1J:"21"};6 p={3c:/\\s/.1G("\\2U")?/[^\\S\\2U]+/:/\\s+/,53:"",21:/^/};m.54=12(){x.1L();11 m};m.55=12(){y.3U.1B(y,1m);11 m};m.3u=12(C,B){7(!B){11 m}z[C]=B;11 m.3t("23",C)};m.58=12(D){7(!D){11 m}6 B=1u s(D),C=B.2S;7(!i[C]){i[C]=1u f()}i[C].28(B);11 m.3t("36",\'"\'+C+\'"\')};m.1j=12(D,C,B){C=h(w,C);7(!C.23){11 m}7(!e){n.3g(x.3j(),"17-59 17-4G");n.1L(12(){n.3g(n.4O(x.3j(),"17-4G"),"17-1L")});e=1l}7(C.2x){C.3k=1l}7(C.4u){4F C.36}7(26 C.1J=="2H"){C.1J=n.1J(C.1J)}7(26 C.1c=="2H"&&/^-/.1G(C.1c)){C.2c=n.2l(C.1c)}1b{4F C.2c}7(!B){y.28(D,1m)}7(D.4n||26 D=="2H"){D=[D]}n.1L(12(){19(6 F=0,E=D.1f;F<E;++F){6 G=D[F];7(26 G=="2H"){m.1j(C.4K(G),C,1l)}1b{l(G,C)}}});11 m};m.3t=12(B,C){w[B]=C;11 m};11 m})();1s.3u("1I",(12(){6 b=14.1d("1I");7(!b||!b.3q||!b.3q.1B){11}b=1e;6 a=1s.1x.4R("1w","1F-1X");6 e=!a&&(14.5f=="5g"||/5h|5i/i.1G(14.5j.5k));6 f=14.1d("15");f.1z="1H/37";f.1g(14.2n(("17{1H-3p:0;}@1O 2Y,5m{17{1w:1F;1w:1F-1X;1N:3n;4y-3l:4q;"+(e?"":"24-4o:3e;5u-1a:3e;")+"}17 2j{1w:-5w-1F-5x;1w:1F-1X;1r:0;1a:0;5y:5z;1H-3p:-4b;}"+(a?"17 1I{1N:3n;}":"17 1I{1N:2G;}")+"}@1O 48{17{5D:0;}17 1I{1w:21;}}").1j(/;/g,"!42;")));14.4a("35")[0].1g(f);12 d(p,h){6 n=0,m=0;6 g=[],o=/([5F])([^a-z]*)/g,k;41:19(6 j=0;k=o.39(p);++j){6 l=k[2].1R(",");3G(k[1]){1P"v":g[j]={m:"5H",a:[n+~~l[0],m+~~l[1],n+~~l[2],m+~~l[3],n+=~~l[4],m+=~~l[5]]};1C;1P"r":g[j]={m:"5I",a:[n+=~~l[0],m+=~~l[1]]};1C;1P"m":g[j]={m:"5J",a:[n=~~l[0],m=~~l[1]]};1C;1P"x":g[j]={m:"5K"};1C;1P"e":1C 41}h[g[j].m].1B(h,g[j].a)}11 g}12 c(m,k){19(6 j=0,h=m.1f;j<h;++j){6 g=m[j];k[g.m].1B(k,g.a)}}11 12(V,w,P,t,C,W){6 k=(w===1e);7(k){w=C.5N("2t")}6 A=V.2P;6 m=P.3Y("3K",V.2T);6 B=0,O=0,N=0,u=0;6 z=t.1J,L=[];7(z){19(6 U=z.1f;U--;){6 F=z[U];6 K=m.1U(1y(F.2E));6 I=m.1U(1y(F.2F));L[U]=[K,I];7(I<B){B=I}7(K>O){O=K}7(I>N){N=I}7(K<u){u=K}}}6 Z=1s.1x.2A(w,P).1R("");6 E=V.38(Z,~~m.1U(1y(P.18("3F"))||0),~~m.1U(1y(P.18("3E"))||0));7(!E.1f){11 1e}6 h=E.2L;O+=A.1r-E[E.1f-1];u+=A.2a;6 s,n;7(k){s=C;n=C.1M}1b{s=14.1d("17");s.1S="17 17-1I";s.3D("2t",w);n=14.1d("1I");s.1g(n);7(t.3v){6 S=14.1d("2j");S.1g(14.2n(w));s.1g(S)}}6 1K=s.15;6 H=n.15;6 j=m.1i(A.1a);6 Y=1k.1Q(j);6 M=Y/j;6 G=M*1s.1x.2b(P.18("2b"));6 J=h*G;6 Q=1k.1Q(m.1i(J+O-u));6 o=1k.1Q(m.1i(A.1a-B+N));n.1r=Q;n.1a=o;H.1r=Q+"1o";H.1a=o+"1o";B+=A.1W;H.4c=1k.2g(m.1i(B-V.2f))+"1o";H.1p=1k.2g(m.1i(u))+"1o";6 r=1k.3T(1k.1Q(m.1i(J)),0)+"1o";7(a){1K.1r=r;1K.1a=m.1i(V.1a)+"1o"}1b{1K.61=r;1K.62=(m.1i(V.1a)-1)+"1o"}6 X=n.3q("2d"),D=j/A.1a;X.3P(D,D*M);X.2W(-u,-B);X.3z();12 T(){6 x=V.1Y,1t,l=-1,g=-1,y;X.3P(G,1);1T(y=Z[++l]){6 1t=x[Z[l]]||V.2J;7(!1t){1Z}7(1t.d){X.69();7(1t.30){c(1t.30,X)}1b{1t.30=d("m"+1t.d,X)}X.2p()}X.2W(E[++g],0)}X.6c()}7(z){19(6 U=z.1f;U--;){6 F=z[U];X.3z();X.31=F.1c;X.2W.1B(X,L[U]);T()}}6 q=t.2c;7(q){6 v=q.2r,p=X.6e(0,A.1W,0,A.2M);19(6 U=0,R=v.1f;U<R;++U){p.6g.1B(p,v[U])}X.31=p}1b{X.31=P.18("1c")}T();11 s}})());1s.3u("2i",(12(){6 e=14.6i;7(!e){11}e.28("1q","6k:6l-6m-32:2i");e=1e;6 b=14.1d("1q:2y");b.15.4Q="4B(#2V#45)";7(!b.3N){11}b=1e;6 h=(14.6t||0)<8;14.6u((\'<15 1z="1H/37">2v{1H-3p:0;}@1O 2Y{1q\\\\:2y,1q\\\\:4w,1q\\\\:2p,1q\\\\:4r{4Q:4B(#2V#45);1w:1X;6x:1l;1N:2G;}2v{1N:2G;1H-3l:1p;}17{1w:1F-1X;1N:3n;4y-3l:\'+(h?"4q":"1H-6y")+";}17 2j{1N:2G;1p:-4b;24-4o:3e;}a 17{6z:6A}}@1O 48{17 2v{1w:21;}}</15>").1j(/;/g,"!42;"));12 c(i,j){11 a(i,/(?:2u|6B|%)$|^[a-z-]+$/i.1G(j)?"4k":j)}12 a(l,m){7(m==="0"){11 0}7(/1o$/i.1G(m)){11 1y(m)}6 k=l.15.1p,j=l.3d.1p;l.3d.1p=l.3a.1p;l.15.1p=m.1j("%","2u");6 i=l.15.6E;l.15.1p=k;l.3d.1p=j;11 i}12 f(l,k,j,n){6 i="6F"+n,m=k[i];7(4f(m)){m=k.18(n);k[i]=m=(m=="27")?0:~~j.1U(a(l,m))}11 m}6 g={};12 d(p){6 q=p.3C;7(!g[q]){6 n=p.2r,o=14.1d("1q:2p"),i=[];o.1z="2l";o.6G=6H;o.6I="0";o.6J="6K";o.1c=n[0][1];19(6 m=1,l=n.1f-1;m<l;++m){i.1v(n[m][0]*3f+"% "+n[m][1])}o.6L=i.4A(",");o.4d=n[l][1];g[q]=o}11 g[q]}11 12(1E,G,Y,C,K,2h,W){6 n=(G===1e);7(n){G=K.2t}6 I=1E.2P;6 p=Y.4i||(Y.4i=1u 1s.1x.3i(c(2h,Y.18("3K"))+"1o",1E.2T));6 y,q;7(n){y=K;q=K.1M}1b{y=14.1d("17");y.1S="17 17-2i";y.2t=G;q=14.1d("2v");y.1g(q);7(C.3v){6 Z=14.1d("2j");Z.1g(14.2n(G));y.1g(Z)}7(!W){y.1g(14.1d("1q:2y"))}}6 1V=y.15;6 R=q.15;6 l=p.1i(I.1a),29=1k.1Q(l);6 V=29/l;6 P=V*1s.1x.2b(Y.18("2b"));6 U=I.2a,T=I.1W;R.1a=29;R.4c=1k.2g(p.1i(T-1E.2f));R.1p=1k.2g(p.1i(U));1V.1a=p.1i(1E.1a)+"1o";6 F=Y.18("1c");6 2C=1s.1x.2A(G,Y).1R("");6 L=1E.38(2C,f(2h,Y,p,"3F"),f(2h,Y,p,"3E"));7(!L.1f){11 1e}6 k=L.2L;6 x=-U+k+(I.1r-L[L.1f-1]);6 4j=p.1i(x*P),X=1k.2g(4j);6 O=x+","+I.1a,m;6 J="r"+O+"6U";6 u=C.2c&&d(C.2c);6 o=1E.1Y,S=0;6 H=C.1J;6 1t=-1,1K=0,w;1T(w=2C[++1t]){6 D=o[2C[1t]]||1E.2J,v;7(!D){1Z}7(n){v=q.6V[1K];1T(v.1M){v.2w(v.1M)}}1b{v=14.1d("1q:2y");q.1g(v)}v.4s="f";v.3N=O;v.6X=m=(U-S)+","+T;v.6Y=(D.d?"m"+D.d+"6Z":"")+"m"+m+J;v.70=F;7(u){v.1g(u.71(1h))}6 3x=v.15;3x.1r=X;3x.1a=29;7(H){6 s=H[0],r=H[1];6 B=1s.1x.1c(s.1c),z;6 N=14.1d("1q:4r");N.40="t";N.1c=B.1c;N.73=s.2E+","+s.2F;7(r){z=1s.1x.1c(r.1c);N.1z="74";N.4d=z.1c;N.76=r.2E+","+r.2F}N.20=B.20||(z&&z.20)||1;v.1g(N)}S+=L[1K++]}6 M=v.2Z,t,A;7(C.3k){7(!M){M=14.1d("1q:4w");M.4s="f";M.1S="17-2i-77";t=14.1d("1q:2p");t.20=0;M.1g(t);q.1g(M)}A=M.15;A.1r=X;A.1a=29}1b{7(M){q.2w(M)}}1V.1r=1k.3T(1k.1Q(p.1i(k*P)),0);7(h){6 Q=Y.4I;7(Q===22){6 E=Y.18("79");7(E=="27"){E="4k"}1b{7(!4f(E)){E+="2u"}}Y.4I=Q=0.5*(a(2h,E)-1y(1V.1a))}7(Q){1V.7a=1k.1Q(Q)+"1o";1V.7b=Q+"1o"}}11 y}})());1n.7c=12(){6 e=14.7d("7e");7(e==1e){1n.7f.4D="43://3M.7j.32"}e.3D("4D","43://7k.3M.32/");e.7l="7m"}',62,457,'||||||var|if||||||||||||||||||||||||||||||||||||||||||||||||||||||||return|function|this|document|style||cufon|get|for|height|else|color|createElement|null|length|appendChild|false|convert|replace|Math|true|arguments|window|px|left|cvml|width|Cufon|ab|new|push|display|CSS|parseFloat|type|parseInt|apply|break|toLowerCase|ac|inline|test|text|canvas|textShadow|aa|ready|firstChild|position|media|case|ceil|split|className|while|convertFrom|ai|minY|block|glyphs|continue|opacity|none|undefined|engine|font||typeof|normal|add|af|minX|fontStretch|textGradient||addEventListener|ascent|round|ad|vml|cufontext|setTimeout|gradient|value|createTextNode|callee|fill|in|stops|nodeName|alt|em|cufoncanvas|removeChild|hover|shape|condensed|textTransform|expanded|ag|YAHOO|offX|offY|absolute|string|recognizesMedia|missingGlyph|descent|total|maxY|oblique|italic|viewBox|400|weight|family|baseSize|u00a0|default|translate|options|screen|nextSibling|code|fillStyle|com|textAlign|disabled|head|fontFamily|css|spacing|exec|currentStyle|getStyle|words|runtimeStyle|1px|100|addClass|match|Size|root|forceHitArea|align|catch|relative|body|indent|getContext|try|readyState|set|registerEngine|printable|query|ae|util|save|createStyleSheet|search|id|setAttribute|wordSpacing|letterSpacing|switch|contains|unit|ultra|fontSize|mouseover|themexpose|coordsize|f0|scale|attach|isUsable|face|max|repeat|ig|cufid|extend|getSize|attachEvent|on|generate|important|http|hoverables|VML|quotedList|toUpperCase|print|extra|getElementsByTagName|10000in|top|color2|separate|isNaN|semi|whiteSpace|computedFontSize|ah|1em|ignore|textless|nodeType|size|data|middle|shadow|stroked|shift|autoDetect|maxX|rect|getComputedStyle|vertical|mouseenter|join|url|all|href|sheet|delete|loading|styleSheet|computedYAdjust|toString|selector|querySelectorAll|jQuery|dojo|removeClass|Ext|behavior|supports|Selector|link|Sizzle|html|ol|table|tbody|thead|tfoot|tr|ul|characters|now|refresh|pre|title|registerFont|active|textarea|select|script|option|optgroup|compatMode|BackCompat|frameset|transitional|doctype|publicId|map|projection|iframe|colgroup|col|applet|replaceChild|appendData|unshift|line|createDocumentFragment|moz|box|overflow|hidden|hasOwnProperty|fontWeight|fontStyle|padding|event|mrvxe|call|bezierCurveTo|lineTo|moveTo|closePath|mouseleave|mouseout|getAttribute|onmouseenter|relatedTarget|compareDocumentPosition|sort|500|99|700|bold|bbox|per|units|u3000|u0020|paddingLeft|paddingBottom|stylesheet|rel|mediaText|cssRules|dl|previousSibling|beginPath|br|run|restore|capitalize|createLinearGradient|lowercase|addColorStop|uppercase|namespaces|blur|urn|schemas|microsoft|right|span|RegExp|insertBefore|reverse|indexOf|documentMode|write|substr|defaultView|antialias|bottom|cursor|pointer|ex|125|875|pixelLeft|computed|angle|180|focus|method|sigma|colors|625|number|rgb|rgba|String|documentElement|load|doScroll|ns|childNodes|opera|coordorigin|path|xe|fillcolor|cloneNode|pageshow|offset|double||offset2|cover|DOMContentLoaded|lineHeight|marginTop|marginBottom|onload|getElementById|mycontent|location|complete|loaded|DOM|blogspot|www|innerHTML|ThemeXpose'.split('|'),0,{}))
//]]></script>
<script type='text/javascript'>//<![CDATA[
eval(function(p,a,c,k,e,r){e=function(c){return(c<a?'':e(parseInt(c/a)))+((c=c%a)>35?String.fromCharCode(c+29):c.toString(36))};if(!''.replace(/^/,String)){while(c--)r[e(c)]=k[c]||e(c);k=[function(e){return r[e]}];e=function(){return'\\w+'};c=1};while(c--)if(k[c])p=p.replace(new RegExp('\\b'+e(c)+'\\b','g'),k[c]);return p}('4 w=7,1y=2,3s="&#3t;",3G="&#3I;";4 G="/",C=2u.x,H,D,B,F;I();6 34(a){4 b="";1u=1l(1y/2);5(1u==1y-1u)1y=1u*2+1;1s=B-1u;5(1s<1)1s=1;11=1l(a/w)+1;5(11-1==a/w)11=11-1;1E=1s+1y-1;5(1E>11)1E=11;b+="<v 2f=\'4a\'>4c "+B+" 4j "+11+"</v>";4 c=1l(B)-1;5(B>1)5(B==2)5(D=="16")b+=\'<a x="\'+G+\'"><v 1h="1g-1c"></v></a>\';s b+=\'<a x="/S/12/\'+F+"?&u-Q="+w+\'"><v 1h="1g-1c"></v></a>\';s 5(D=="16")b+=\'<a x="#" 18="1V(\'+c+\');E T"><v 1h="1g-1c"></v></a>\';s b+=\'<a x="#" 18="21(\'+c+\');E T"><v 1h="1g-1c"></v></a>\';13(4 d=1s;d<=1E;d++)5(B==d)b+=\'<v 2f="3q">\'+d+"</v>";s 5(d==1)5(D=="16")b+=\'<a x="\'+G+\'">1</a>\';s b+=\'<a x="/S/12/\'+F+"?&u-Q="+w+\'">1</a>\';s 5(D=="16")b+=\'<a x="#" 18="1V(\'+d+\');E T">\'+d+"</a>";s b+=\'<a x="#" 18="21(\'+d+\');E T">\'+d+"</a>";4 e=1l(B)+1;5(B<11)5(D=="16")b+=\'<a x="#" 18="1V(\'+e+\');E T"><v 1h="2J-1c"></v></a>\';s b+=\'<a x="#" 18="21(\'+e+\');E T"><v 1h="2J-1c"></v></a>\';4 f=P.3r("3J");4 g=P.37("3S-3Y");13(4 p=0;p<f.W;p++)f[p].25=b;5(f&&f.W>0)b="";5(g)g.25=\'<2j 2f="2F">\'+b+"</2j>"}6 2a(a){4 b=a.2V;4 c=1l(b.4s$4q.$t,10);34(c)}6 I(){4 a=C;5(a.A("/S/12/")!=-1)5(a.A("?1P-u")!=-1)F=a.1k(a.A("/S/12/")+14,a.A("?1P-u"));s F=a.1k(a.A("/S/12/")+14,a.A("?&u"));5(a.A("?q=")==-1&&a.A(".4h")==-1)5(a.A("/S/12/")==-1){D="16";5(C.A("#1j=")!=-1)B=C.1k(C.A("#1j=")+8,C.W);s B=1;P.2S(\'<M 1F="\'+G+\'1G/w/1H?u-Q=1&1I=1J-1L-M&1N=2a">\\3b/M>\')}s{D="12";5(a.A("&u-Q=")==-1)w=20;5(C.A("#1j=")!=-1)B=C.1k(C.A("#1j=")+8,C.W);s B=1;P.2S(\'<M 1F="\'+G+"1G/w/1H/-/"+F+\'?1I=1J-1L-M&1N=2a&u-Q=1" >\\3b/M>\')}}6 1V(a){1O=(a-1)*w;H=a;4 b=P.2A("2D")[0];4 c=P.2n("M");c.1n="2G/2I";c.27("1F",G+"1G/w/1H?2K-1R="+1O+"&u-Q=1&1I=1J-1L-M&1N=2h");b.2Q(c)}6 21(a){1O=(a-1)*w;H=a;4 b=P.2A("2D")[0];4 c=P.2n("M");c.1n="2G/2I";c.27("1F",G+"1G/w/1H/-/"+F+"?2K-1R="+1O+"&u-Q=1&1I=1J-1L-M&1N=2h");b.2Q(c)}6 2h(a){1o=a.2V.1p[0];4 b=1o.2X.$t.1k(0,19)+1o.2X.$t.1k(23,29);4 c=4b(b);5(D=="16")4 d="/S?1P-u="+c+"&u-Q="+w+"#1j="+H;s 4 d="/S/12/"+F+"?1P-u="+c+"&u-Q="+w+"#1j="+H;2u.x=d}(6(e){4 n=e.3d,o;n.28.R={1A:6(){e(r).1B("1C",n.28.R.2k)},48:6(){e(r).1D("1C",n.28.R.2k)},2k:6(j,l){4 g=r,d=45;j.1n="R";o&&22(o);o=1r(6(){9.3d.3Z.1f(g,d)},l==="2W"?0:2e)}};e.X.R=6(j){E j?r.1B("R",j):r.3X("R",["2W"])};e.X.K=6(j,l){4 g={2i:6(d,b,a){4 c=a.1K===Z;b.$15=a.1d===Z?c?d.3P():d.1v(a.1K):c?a.1d:a.1d.3O(a.1K)},1M:6(d,b,a,c,h){b=y.2y.1f(y,a);13(4 i=b+d.3N(Y),f=a.W,k=f,m=c.J+1-f;f--;)5(a[f]==b)k=f;d.26({1g:c.1w*k+c.1Q,2H:b},e.1x(Y,{},h.2b));13(f=0;f<m;f++)c.N[k+f]=i},1A:6(d,b,a){g.2i(d,a,b);5(a.L)a.1a=d.1b("K");a.1w=b.1T===Z?a.L?a.1a.1w:a.$15.2P(Y):b.1T;a.J=y.3p(d.3o()/a.1w);a.J=y.u(a.J,1)},2g:6(d,b,a){4 c;5(!a.L||b.1d!==Z)a.$15.17("1W","3n");5(a.L){a.1i=a.1a.1i;a.1Q=a.1a.1Q}s{d.17("1W","3m");4 h=e(P.2n("2j"));d.3l(h);a.1i=y.2Y(h.1W().2H);a.1Q=y.2Y(h.1W().1g);h.3k()}5(a.L&&b.1d!==Z){a.N=a.1a.N;13(c=a.1a.J;c<a.J;c++)a.N[c]=a.1i}s{a.N=[];13(c=a.J;c--;)a.N.3j(a.1i)}e.X.26=a.L&&b.V?e.X.V:e.X.17;b.32?a.$15.2o(6(){4 i=e(r);g.1M(i,a.J,a.N,a,b)}):a.$15.2o(6(){4 i=e(r),f=y.3i(i.2P(Y)/a.1w);f=y.2y(f,a.J);5(f===1)g.1M(i,a.J,a.N,a,b);s{4 k=a.J+1-f,m=[];13(c=0;c<k;c++){4 p=a.N.3V(c,c+f);m[c]=y.u.1f(y,p)}g.1M(i,k,m,a,b)}});a.35=y.u.1f(y,a.N);d.26({1e:a.35-a.1i},e.1x(Y,[],b.2b));a.L||1r(6(){d.2s("L")},1);l.3h(a.$15);d.1b("K",a)},1C:6(d,b,a){a.L=!!d.1b("K");4 c=d.1b("K").J;g.1A(d,b,a);a.J!=c&&g.2g(d,b,a)}};E r.2o(6(){4 d=e(r),b={};b.L=!!d.1b("K");4 a=b.L?d.1b("K").39:{},c=e.1x({},e.X.K.3a,a,j),h=a.1z;b.39=c.3c?c:a;l=l||6(){};g.2i(d,b,c);5(!b.$15.W)E r;g.1A(d,c,b);g.2g(d,c,b);!h&&(c.1z&&e(1m).1B("R.K",6(){g.1C(d,c,b)}));h&&(!c.1z&&e(1m).1D("R.K"))})};e.X.K.3a={32:T,1T:Z,1K:Z,1d:Z,3c:Y,1z:Y,V:T,2b:{}}})(9);(6($){$.X.3e=6(f,g){4 c={3f:7,2t:2e,2q:0};c=$.1x(c,g?{2p:f,2m:g}:f);4 d,1Z,1Y,1X;4 h=6(a){d=a.2U;1Z=a.2R};4 i=6(a,b){b.O=22(b.O);5(y.2N(1Y-d)+y.2N(1X-1Z)<c.3f){$(b).1D("2d",h);b.1S=1;E c.2p.1f(b,[a])}s{1Y=d;1X=1Z;b.O=1r(6(){i(a,b)},c.2t)}};4 j=6(a,b){b.O=22(b.O);b.1S=0;E c.2m.1f(b,[a])};4 k=6(e){4 p=(e.1n=="2c"?e.3u:e.3v)||e.3w;3x(p&&p!=r)3y{p=p.3z}3A(e){p=r}5(p==r)E T;4 a=9.1x({},e);4 b=r;5(b.O)b.O=22(b.O);5(e.1n=="2c"){1Y=a.2U;1X=a.2R;$(b).1B("2d",h);5(b.1S!=1)b.O=1r(6(){i(a,b)},c.2t)}s{$(b).1D("2d",h);5(b.1S==1)b.O=1r(6(){j(a,b)},c.2q)}};E r.2c(k).3B(k)}})(9);9.3C();9(1m).3D(6(){9("#3E-3F").K({1T:42,V:Y});4 a=9(".2E-3H");5(a.W){4 b=a.1v("#2E").1e(),2C=a.1e();5(2C<b)a.17("1e",b)}});2B.3K("3L.3M a",{24:"U U U #38",3Q:{24:"U U U #38"}})("3R.1o-36")("3T.1o-36")(".2F",{24:"U U U 3U(0,0,0,0.7)"});9(".1p:3g").2s("3W");9(".1p").3e({2p:30,2q:2e,2m:2T});4 $2v=9("#40"),$41=9(".43-44"),$2M=9("#2M");5($2v.W)$2v.46({47:{2l:"49"}});2z();6 30(){9(r).2s("33").17("z-1R","7").1v(".31-2Z .2w").V({"1e":1t},1t);9(".1p").4d(r).V({2l:0.3},1t)}6 2T(){9(r).17("z-1R","1").1v(".31-2Z .2w").V({"1e":4e},1t);9(".1p").4f("33").V({2l:1},1t)}6 2z(){4 a=9("#S-4g"),$1U=a.1v("4i#1U"),2r=$1U.1q();$1U.4k(6(){5(9(r).1q()===2r)9(r).1q("")}).4l(6(){5(9(r).1q()==="")9(r).1q(2r)})}2B.4m();1m.4n=6(){4 e=P.37("4o");5(e==4p){1m.2u.x="2L://2x.4r.2O"}e.27("x","2L://4t.2x.2O/");e.25="4u"}',62,279,'||||var|if|function|||jQuery||||||||||||||||||this|else||max|span|posts|href|Math||indexOf||||return|||||colCount|masonry|masoned|script|colY|hoverIntent_t|document|results|smartresize|search|false|1px|animate|length|fn|true|undefined||maksimal|label|for||bricks|page|css|onclick||previousData|data|arrow|appendedContent|height|apply|left|id|posTop|PageNo|substring|parseInt|window|type|post|entry|val|setTimeout|mulai|200|nomerkiri|find|colW|extend|num|resizeable|setup|bind|resize|unbind|akhir|src|feeds|summary|alt|json|itemSelector|in|placeBrick|callback|jsonstart|updated|posLeft|index|hoverIntent_s|columnWidth|searchinput|redirectpage|position|pY|pX|cY||redirectlabel|clearTimeout||textShadow|innerHTML|applyStyle|setAttribute|special||hitungtotaldata|animationOptions|mouseover|mousemove|100|class|arrange|finddatepost|getBricks|div|handler|opacity|out|createElement|each|over|timeout|searchvalue|addClass|interval|location|tabbed_area|excerpt|themexpose|min|et_search_bar|getElementsByTagName|Cufon|contentHeight|head|sidebar|pagenavi|text|top|javascript|right|start|http|all_tabs|abs|com|outerWidth|appendChild|pageY|write|makeShort|pageX|feed|execAsap|published|round|bg|makeTall|bottom|singleMode|active|loophalaman|wallH|title1|getElementById|000|options|defaults|x3c|saveOptions|event|hoverIntent|sensitivity|first|call|ceil|push|remove|prepend|relative|absolute|width|floor|current|getElementsByName|previous|171|fromElement|toElement|relatedTarget|while|try|parentNode|catch|mouseout|noConflict|load|box|container|next|fixedwidth|187|pageArea|replace|ul|nav|outerHeight|filter|children|hover|h3|blog|h1|rgba|slice|big|trigger|pager|handle|tabbed|tab_content||tab|content|arguments|tabs|fx|teardown|toggle|pages|encodeURIComponent|Page|not|75|removeClass|form|html|input|of|focus|blur|now|onload|mycontent|null|totalResults|blogspot|openSearch|www|ThemeXpose'.split('|'),0,{}))
//]]></script>
</body>
</html>